역번호,역명,년월일,요일,구분,합계,07시-08시,08시-09시,     ~,18시-19시,18시-20시
201,장산,2026-01-01,목,승차,9007,390,339,,636,637
201,장산,2026-01-01,목,하차,8653,291,684,,525,526
201,장산,2026-01-02,금,승차,15408,1099,1280,,1422,1423
201,장산,2026-01-02,금,하차,14731,583,1092,,1611,1612
201,장산,2026-01-03,토,승차,13332,361,550,,913,914
201,장산,2026-01-03,토,하차,12371,242,563,,891,892
201,장산,2026-01-04,일,승차,9869,249,368,,649,650
201,장산,2026-01-04,일,하차,9421,173,303,,695,696
201,장산,2026-01-05,월,승차,16255,1277,1581,,1282,1283
201,장산,2026-01-05,월,하차,15950,648,1367,,1753,1754
201,장산,2026-01-06,화,승차,16319,1280,1608,,1293,1294
201,장산,2026-01-06,화,하차,15883,628,1303,,1733,1734
201,장산,2026-01-07,수,승차,16379,1233,1578,,1372,1373
201,장산,2026-01-07,수,하차,16022,667,1279,,1768,1769
201,장산,2026-01-08,목,승차,15903,1222,1574,,1272,1273
201,장산,2026-01-08,목,하차,15254,633,1257,,1703,1704
201,장산,2026-01-09,금,승차,16876,1165,1572,,1450,1451
201,장산,2026-01-09,금,하차,16339,634,1252,,1802,1803
201,장산,2026-01-10,토,승차,14110,388,646,,910,911
201,장산,2026-01-10,토,하차,13247,270,611,,959,960
201,장산,2026-01-11,일,승차,9633,255,388,,641,642
201,장산,2026-01-11,일,하차,9279,164,289,,708,709
201,장산,2026-01-12,월,승차,15961,1223,1576,,1232,1233
201,장산,2026-01-12,월,하차,15500,633,1302,,1664,1665
201,장산,2026-01-13,화,승차,16447,1216,1633,,1303,1304
201,장산,2026-01-13,화,하차,15885,637,1236,,1706,1707
201,장산,2026-01-14,수,승차,16301,1207,1562,,1316,1317
201,장산,2026-01-14,수,하차,15707,658,1225,,1665,1666
201,장산,2026-01-15,목,승차,16251,1249,1570,,1331,1332
201,장산,2026-01-15,목,하차,15647,618,1234,,1718,1719
201,장산,2026-01-16,금,승차,17279,1227,1547,,1457,1458
201,장산,2026-01-16,금,하차,16656,638,1276,,1758,1759
201,장산,2026-01-17,토,승차,14383,444,673,,1002,1003
201,장산,2026-01-17,토,하차,13461,259,638,,965,966
201,장산,2026-01-18,일,승차,10245,246,420,,684,685
201,장산,2026-01-18,일,하차,9976,166,305,,747,748
201,장산,2026-01-19,월,승차,15949,1238,1569,,1239,1240
201,장산,2026-01-19,월,하차,15582,606,1298,,1653,1654
201,장산,2026-01-20,화,승차,16103,1228,1584,,1291,1292
201,장산,2026-01-20,화,하차,15443,604,1221,,1632,1633
201,장산,2026-01-21,수,승차,15642,1209,1582,,1331,1332
201,장산,2026-01-21,수,하차,15158,605,1282,,1620,1621
201,장산,2026-01-22,목,승차,14945,1184,1483,,1298,1299
201,장산,2026-01-22,목,하차,14461,591,1203,,1673,1674
201,장산,2026-01-23,금,승차,16394,1166,1556,,1402,1403
201,장산,2026-01-23,금,하차,15756,543,1254,,1671,1672
201,장산,2026-01-24,토,승차,13828,406,624,,901,902
201,장산,2026-01-24,토,하차,12994,283,606,,908,909
201,장산,2026-01-25,일,승차,10058,247,387,,649,650
201,장산,2026-01-25,일,하차,9467,177,301,,661,662
201,장산,2026-01-26,월,승차,15620,1258,1556,,1229,1230
201,장산,2026-01-26,월,하차,15350,607,1235,,1783,1784
201,장산,2026-01-27,화,승차,16076,1232,1560,,1337,1338
201,장산,2026-01-27,화,하차,15594,584,1257,,1770,1771
201,장산,2026-01-28,수,승차,16041,1231,1604,,1320,1321
201,장산,2026-01-28,수,하차,15585,615,1245,,1761,1762
201,장산,2026-01-29,목,승차,15901,1199,1544,,1245,1246
201,장산,2026-01-29,목,하차,15408,581,1200,,1772,1773
201,장산,2026-01-30,금,승차,16158,1206,1531,,1482,1483
201,장산,2026-01-30,금,하차,15770,595,1159,,1744,1745
201,장산,2026-01-31,토,승차,13930,407,648,,927,928
201,장산,2026-01-31,토,하차,13218,279,653,,982,983
201,장산,2026-02-01,일,승차,9873,276,376,,626,627
201,장산,2026-02-01,일,하차,9469,185,299,,703,704
201,장산,2026-02-02,월,승차,15803,1320,1576,,1236,1237
201,장산,2026-02-02,월,하차,15450,643,1365,,1678,1679
201,장산,2026-02-03,화,승차,16123,1341,1584,,1347,1348
201,장산,2026-02-03,화,하차,15528,637,1283,,1711,1712
201,장산,2026-02-04,수,승차,16232,1280,1557,,1365,1366
201,장산,2026-02-04,수,하차,15707,619,1272,,1717,1718
201,장산,2026-02-05,목,승차,16389,1313,1585,,1284,1285
201,장산,2026-02-05,목,하차,15812,617,1256,,1710,1711
201,장산,2026-02-06,금,승차,17518,1238,1561,,1558,1559
201,장산,2026-02-06,금,하차,16787,617,1238,,1741,1742
201,장산,2026-02-07,토,승차,14291,441,649,,992,993
201,장산,2026-02-07,토,하차,13542,284,631,,961,962
201,장산,2026-02-08,일,승차,9313,268,352,,617,618
201,장산,2026-02-08,일,하차,9016,180,279,,650,651
201,장산,2026-02-09,월,승차,16097,1307,1576,,1215,1216
201,장산,2026-02-09,월,하차,15566,612,1314,,1673,1674
201,장산,2026-02-10,화,승차,16139,1236,1597,,1281,1282
201,장산,2026-02-10,화,하차,15792,591,1300,,1765,1766
201,장산,2026-02-11,수,승차,16701,1266,1616,,1363,1364
201,장산,2026-02-11,수,하차,16134,583,1257,,1780,1781
201,장산,2026-02-12,목,승차,16374,1196,1597,,1354,1355
201,장산,2026-02-12,목,하차,16001,613,1251,,1638,1639
201,장산,2026-02-13,금,승차,17563,1190,1560,,1455,1456
201,장산,2026-02-13,금,하차,17035,589,1253,,1669,1670
201,장산,2026-02-14,토,승차,14457,385,645,,1035,1036
201,장산,2026-02-14,토,하차,13573,269,603,,943,944
201,장산,2026-02-15,일,승차,11293,239,391,,793,794
201,장산,2026-02-15,일,하차,10804,164,269,,817,818
201,장산,2026-02-16,월,승차,8819,227,277,,674,675
201,장산,2026-02-16,월,하차,8216,178,262,,601,602
201,장산,2026-02-17,화,승차,6871,215,239,,613,614
201,장산,2026-02-17,화,하차,6542,158,193,,441,442
201,장산,2026-02-18,수,승차,9761,205,291,,721,722
201,장산,2026-02-18,수,하차,9520,183,251,,803,804
201,장산,2026-02-19,목,승차,16444,1140,1468,,1451,1452
201,장산,2026-02-19,목,하차,15858,568,1174,,1729,1730
201,장산,2026-02-20,금,승차,17548,1186,1563,,1510,1511
201,장산,2026-02-20,금,하차,16680,567,1215,,1820,1821
201,장산,2026-02-21,토,승차,14831,447,708,,1108,1109
201,장산,2026-02-21,토,하차,14059,269,648,,916,917
201,장산,2026-02-22,일,승차,10559,268,439,,711,712
201,장산,2026-02-22,일,하차,10003,188,306,,771,772
201,장산,2026-02-23,월,승차,16826,1264,1611,,1320,1321
201,장산,2026-02-23,월,하차,16314,612,1274,,1783,1784
201,장산,2026-02-24,화,승차,15001,1274,1577,,1180,1181
201,장산,2026-02-24,화,하차,14538,602,1248,,1556,1557
201,장산,2026-02-25,수,승차,16536,1223,1561,,1356,1357
201,장산,2026-02-25,수,하차,16121,599,1182,,1759,1760
201,장산,2026-02-26,목,승차,16616,1229,1560,,1307,1308
201,장산,2026-02-26,목,하차,16049,621,1199,,1643,1644
201,장산,2026-02-27,금,승차,16217,1153,1466,,1493,1494
201,장산,2026-02-27,금,하차,15914,552,1118,,1702,1703
201,장산,2026-02-28,토,승차,14799,419,723,,978,979
201,장산,2026-02-28,토,하차,13963,290,672,,1006,1007
201,장산,2026-03-01,일,승차,11291,249,476,,770,771
201,장산,2026-03-01,일,하차,10916,182,346,,751,752
201,장산,2026-03-02,월,승차,8801,319,413,,539,540
201,장산,2026-03-02,월,하차,8538,209,390,,652,653
201,장산,2026-03-03,화,승차,16180,1490,1759,,1234,1235
201,장산,2026-03-03,화,하차,15834,645,1234,,1822,1823
201,장산,2026-03-04,수,승차,16641,1570,1735,,1199,1200
201,장산,2026-03-04,수,하차,16165,652,1259,,1783,1784
201,장산,2026-03-05,목,승차,16629,1548,1771,,1222,1223
201,장산,2026-03-05,목,하차,16200,679,1223,,1726,1727
201,장산,2026-03-06,금,승차,16950,1437,1683,,1430,1431
201,장산,2026-03-06,금,하차,16597,676,1243,,1828,1829
201,장산,2026-03-07,토,승차,14161,429,701,,1001,1002
201,장산,2026-03-07,토,하차,13814,306,658,,911,912
201,장산,2026-03-08,일,승차,10663,263,434,,688,689
201,장산,2026-03-08,일,하차,10118,193,316,,665,666
201,장산,2026-03-09,월,승차,16494,1590,1735,,1232,1233
201,장산,2026-03-09,월,하차,16225,659,1343,,1799,1800
201,장산,2026-03-10,화,승차,16924,1572,1799,,1276,1277
201,장산,2026-03-10,화,하차,16486,678,1273,,1814,1815
201,장산,2026-03-11,수,승차,16992,1570,1758,,1266,1267
201,장산,2026-03-11,수,하차,16549,670,1211,,1890,1891
201,장산,2026-03-12,목,승차,16462,1560,1776,,1167,1168
201,장산,2026-03-12,목,하차,16116,640,1226,,1716,1717
201,장산,2026-03-13,금,승차,17159,1497,1687,,1380,1381
201,장산,2026-03-13,금,하차,16970,624,1283,,1893,1894
201,장산,2026-03-14,토,승차,15296,458,764,,1005,1006
201,장산,2026-03-14,토,하차,14551,288,636,,1022,1023
201,장산,2026-03-15,일,승차,10571,272,437,,615,616
201,장산,2026-03-15,일,하차,10216,166,327,,752,753
201,장산,2026-03-16,월,승차,16376,1600,1689,,1252,1253
201,장산,2026-03-16,월,하차,15864,666,1393,,1804,1805
201,장산,2026-03-17,화,승차,17046,1632,1770,,1258,1259
201,장산,2026-03-17,화,하차,16543,701,1316,,1934,1935
201,장산,2026-03-18,수,승차,15680,1522,1744,,1121,1122
201,장산,2026-03-18,수,하차,15319,668,1263,,1810,1811
201,장산,2026-03-19,목,승차,16982,1568,1767,,1306,1307
201,장산,2026-03-19,목,하차,16633,713,1287,,1796,1797
201,장산,2026-03-20,금,승차,17798,1494,1718,,1492,1493
201,장산,2026-03-20,금,하차,17322,692,1297,,1854,1855
201,장산,2026-03-21,토,승차,15207,448,727,,1092,1093
201,장산,2026-03-21,토,하차,14534,293,650,,993,994
201,장산,2026-03-22,일,승차,10799,382,434,,707,708
201,장산,2026-03-22,일,하차,10477,167,314,,736,737
201,장산,2026-03-23,월,승차,16914,1610,1772,,1248,1249
201,장산,2026-03-23,월,하차,16386,700,1348,,1866,1867
201,장산,2026-03-24,화,승차,16993,1622,1813,,1286,1287
201,장산,2026-03-24,화,하차,16727,673,1309,,1957,1958
201,장산,2026-03-25,수,승차,16669,1705,1758,,1316,1317
201,장산,2026-03-25,수,하차,16317,670,1282,,1798,1799
201,장산,2026-03-26,목,승차,17209,1573,1919,,1267,1268
201,장산,2026-03-26,목,하차,16926,706,1275,,1828,1829
201,장산,2026-03-27,금,승차,18085,1525,1719,,1495,1496
201,장산,2026-03-27,금,하차,17627,706,1295,,1793,1794
201,장산,2026-03-28,토,승차,15921,508,784,,1093,1094
201,장산,2026-03-28,토,하차,15465,295,707,,1082,1083
201,장산,2026-03-29,일,승차,11279,299,480,,731,732
201,장산,2026-03-29,일,하차,10845,177,324,,754,755
201,장산,2026-03-30,월,승차,16628,1608,1733,,1199,1200
201,장산,2026-03-30,월,하차,15977,725,1381,,1772,1773
201,장산,2026-03-31,화,승차,16648,1566,1793,,1247,1248
201,장산,2026-03-31,화,하차,16297,727,1290,,1849,1850
201,장산,2026-04-01,수,승차,16792,1571,1834,,1259,1260
201,장산,2026-04-01,수,하차,16307,753,1337,,1781,1782
201,장산,2026-04-02,목,승차,17257,1605,1811,,1332,1333
201,장산,2026-04-02,목,하차,16924,732,1302,,1891,1892
201,장산,2026-04-03,금,승차,17913,1512,1765,,1496,1497
201,장산,2026-04-03,금,하차,17607,710,1366,,1875,1876
201,장산,2026-04-04,토,승차,13407,425,624,,1025,1026
201,장산,2026-04-04,토,하차,12804,305,545,,893,894
201,장산,2026-04-05,일,승차,12180,500,636,,763,764
201,장산,2026-04-05,일,하차,11570,198,399,,884,885
201,장산,2026-04-06,월,승차,16308,1642,1778,,1196,1197
201,장산,2026-04-06,월,하차,15938,731,1349,,1822,1823
201,장산,2026-04-07,화,승차,17631,1696,1893,,1325,1326
201,장산,2026-04-07,화,하차,17089,745,1367,,1886,1887
201,장산,2026-04-08,수,승차,17653,1673,1816,,1328,1329
201,장산,2026-04-08,수,하차,17162,758,1380,,1879,1880
201,장산,2026-04-09,목,승차,15074,1533,1813,,1084,1085
201,장산,2026-04-09,목,하차,14779,675,1314,,1692,1693
201,장산,2026-04-10,금,승차,18462,1522,1724,,1538,1539
201,장산,2026-04-10,금,하차,17990,680,1299,,1932,1933
201,장산,2026-04-11,토,승차,15729,494,773,,1094,1095
201,장산,2026-04-11,토,하차,14745,318,686,,1096,1097
201,장산,2026-04-12,일,승차,11190,290,486,,669,670
201,장산,2026-04-12,일,하차,10725,208,381,,842,843
201,장산,2026-04-13,월,승차,17040,1628,1808,,1289,1290
201,장산,2026-04-13,월,하차,16732,739,1394,,1937,1938
201,장산,2026-04-14,화,승차,16874,1575,1881,,1230,1231
201,장산,2026-04-14,화,하차,16432,729,1257,,1830,1831
201,장산,2026-04-15,수,승차,18206,1637,1871,,1465,1466
201,장산,2026-04-15,수,하차,17848,727,1477,,1979,1980
201,장산,2026-04-16,목,승차,17496,1566,1906,,1351,1352
201,장산,2026-04-16,목,하차,17079,695,1310,,1922,1923
201,장산,2026-04-17,금,승차,17345,1497,1773,,1428,1429
201,장산,2026-04-17,금,하차,16785,711,1313,,1768,1769
201,장산,2026-04-18,토,승차,15030,485,778,,945,946
201,장산,2026-04-18,토,하차,14202,328,691,,931,932
201,장산,2026-04-19,일,승차,10907,284,453,,683,684
201,장산,2026-04-19,일,하차,10535,231,362,,769,770
201,장산,2026-04-20,월,승차,16628,1584,1780,,1238,1239
201,장산,2026-04-20,월,하차,16322,710,1382,,1810,1811
201,장산,2026-04-21,화,승차,17437,1654,1974,,1333,1334
201,장산,2026-04-21,화,하차,17022,731,1353,,1800,1801
201,장산,2026-04-22,수,승차,16849,1628,1827,,1257,1258
201,장산,2026-04-22,수,하차,16394,691,1322,,1699,1700
201,장산,2026-04-23,목,승차,16863,1560,1761,,1293,1294
201,장산,2026-04-23,목,하차,16486,714,1468,,1713,1714
201,장산,2026-04-24,금,승차,18588,1555,1729,,1463,1464
201,장산,2026-04-24,금,하차,17912,675,1342,,1776,1777
201,장산,2026-04-25,토,승차,15501,516,778,,1123,1124
201,장산,2026-04-25,토,하차,14807,341,728,,1033,1034
201,장산,2026-04-26,일,승차,11062,286,452,,691,692
201,장산,2026-04-26,일,하차,10744,194,351,,761,762
201,장산,2026-04-27,월,승차,17303,1675,1765,,1315,1316
201,장산,2026-04-27,월,하차,17088,733,1468,,1877,1878
201,장산,2026-04-28,화,승차,17958,1662,1897,,1288,1289
201,장산,2026-04-28,화,하차,17478,681,1327,,1845,1846
201,장산,2026-04-29,수,승차,17875,1609,1956,,1365,1366
201,장산,2026-04-29,수,하차,17461,710,1313,,1751,1752
201,장산,2026-04-30,목,승차,18552,1510,1833,,1498,1499
201,장산,2026-04-30,목,하차,18246,688,1358,,1805,1806
201,장산,2026-05-01,금,승차,13753,384,571,,1064,1065
201,장산,2026-05-01,금,하차,13609,225,490,,1058,1059
201,장산,2026-05-02,토,승차,16174,465,723,,1261,1262
201,장산,2026-05-02,토,하차,15304,310,639,,1016,1017
201,장산,2026-05-03,일,승차,9998,281,387,,719,720
201,장산,2026-05-03,일,하차,9705,195,344,,724,725
201,장산,2026-05-04,월,승차,18338,1253,1513,,1496,1497
201,장산,2026-05-04,월,하차,17664,677,1290,,1735,1736
201,장산,2026-05-05,화,승차,12189,323,473,,823,824
201,장산,2026-05-05,화,하차,11816,238,423,,878,879
201,장산,2026-05-06,수,승차,17668,1660,1897,,1349,1350
201,장산,2026-05-06,수,하차,17143,726,1293,,1863,1864
201,장산,2026-05-07,목,승차,17498,1644,1831,,1371,1372
201,장산,2026-05-07,목,하차,17083,744,1389,,1834,1835
201,장산,2026-05-08,금,승차,18239,1515,1800,,1422,1423
201,장산,2026-05-08,금,하차,18149,703,1365,,1953,1954
201,장산,2026-05-09,토,승차,15500,470,752,,981,982
201,장산,2026-05-09,토,하차,14845,327,721,,953,954
201,장산,2026-05-10,일,승차,11958,465,526,,660,661
201,장산,2026-05-10,일,하차,11462,219,384,,845,846
201,장산,2026-05-11,월,승차,17216,1686,1788,,1303,1304
201,장산,2026-05-11,월,하차,16818,753,1398,,1806,1807
201,장산,2026-05-12,화,승차,17039,1634,1863,,1244,1245
201,장산,2026-05-12,화,하차,16684,729,1360,,1788,1789
201,장산,2026-05-13,수,승차,17738,1596,1834,,1341,1342
201,장산,2026-05-13,수,하차,17426,743,1446,,1826,1827
201,장산,2026-05-14,목,승차,17719,1747,1848,,1314,1315
201,장산,2026-05-14,목,하차,17423,718,1331,,1897,1898
201,장산,2026-05-15,금,승차,18372,1496,1759,,1488,1489
201,장산,2026-05-15,금,하차,17897,718,1354,,1810,1811
201,장산,2026-05-16,토,승차,15976,527,801,,1080,1081
201,장산,2026-05-16,토,하차,15632,345,696,,1098,1099
201,장산,2026-05-17,일,승차,11957,338,548,,778,779
201,장산,2026-05-17,일,하차,11482,212,365,,727,728
201,장산,2026-05-18,월,승차,17171,1625,1797,,1258,1259
201,장산,2026-05-18,월,하차,16799,729,1448,,1862,1863
201,장산,2026-05-19,화,승차,17652,1615,1847,,1463,1464
201,장산,2026-05-19,화,하차,17216,699,1380,,1861,1862
201,장산,2026-05-20,수,승차,15912,1593,1797,,1232,1233
201,장산,2026-05-20,수,하차,15629,688,1316,,1794,1795
201,장산,2026-05-21,목,승차,16864,1519,1760,,1333,1334
201,장산,2026-05-21,목,하차,16401,671,1287,,1793,1794
201,장산,2026-05-22,금,승차,18503,1528,1747,,1469,1470
201,장산,2026-05-22,금,하차,18329,665,1344,,1770,1771
201,장산,2026-05-23,토,승차,15267,448,781,,1033,1034
201,장산,2026-05-23,토,하차,14877,329,695,,1010,1011
201,장산,2026-05-24,일,승차,12840,347,504,,926,927
201,장산,2026-05-24,일,하차,12352,223,383,,905,906
201,장산,2026-05-25,월,승차,12573,371,524,,864,865
201,장산,2026-05-25,월,하차,11920,321,517,,839,840
201,장산,2026-05-26,화,승차,17058,1620,1832,,1234,1235
201,장산,2026-05-26,화,하차,16435,659,1343,,1765,1766
201,장산,2026-05-27,수,승차,15895,1481,1723,,1280,1281
201,장산,2026-05-27,수,하차,15421,630,1281,,1701,1702
201,장산,2026-05-28,목,승차,17454,1552,1744,,1319,1320
201,장산,2026-05-28,목,하차,16918,718,1312,,1774,1775
201,장산,2026-05-29,금,승차,18598,1569,1819,,1455,1456
201,장산,2026-05-29,금,하차,18142,712,1358,,1887,1888
201,장산,2026-05-30,토,승차,15572,483,763,,1047,1048
201,장산,2026-05-30,토,하차,14835,305,696,,1005,1006
201,장산,2026-05-31,일,승차,11252,291,518,,826,827
201,장산,2026-05-31,일,하차,10886,198,349,,738,739
201,장산,2026-06-01,월,승차,16968,1636,1794,,1210,1211
201,장산,2026-06-01,월,하차,16536,738,1363,,1935,1936
201,장산,2026-06-02,화,승차,15960,1545,1776,,1291,1292
201,장산,2026-06-02,화,하차,15390,669,1241,,1786,1787
201,장산,2026-06-03,수,승차,12511,374,554,,828,829
201,장산,2026-06-03,수,하차,12151,247,481,,818,819
201,장산,2026-06-04,목,승차,17024,1545,1716,,1322,1323
201,장산,2026-06-04,목,하차,16866,712,1317,,1849,1850
201,장산,2026-06-05,금,승차,18130,1572,1970,,1513,1514
201,장산,2026-06-05,금,하차,17682,706,1297,,1819,1820
201,장산,2026-06-06,토,승차,13638,341,537,,1019,1020
201,장산,2026-06-06,토,하차,13073,285,458,,917,918
201,장산,2026-06-07,일,승차,10336,289,471,,558,559
201,장산,2026-06-07,일,하차,9830,177,331,,616,617
201,장산,2026-06-08,월,승차,16296,1564,1794,,1254,1255
201,장산,2026-06-08,월,하차,15992,650,1345,,1802,1803
201,장산,2026-06-09,화,승차,17100,1601,1750,,1291,1292
201,장산,2026-06-09,화,하차,16741,664,1378,,1818,1819
201,장산,2026-06-10,수,승차,17652,1593,1832,,1298,1299
201,장산,2026-06-10,수,하차,17063,656,1350,,1802,1803
201,장산,2026-06-11,목,승차,17310,1544,1792,,1303,1304
201,장산,2026-06-11,목,하차,16792,688,1267,,1824,1825
201,장산,2026-06-12,금,승차,17926,1509,1700,,1515,1516
201,장산,2026-06-12,금,하차,17512,731,1328,,1758,1759
201,장산,2026-06-13,토,승차,16037,476,745,,1104,1105
201,장산,2026-06-13,토,하차,15383,312,680,,1015,1016
201,장산,2026-06-14,일,승차,11008,301,463,,722,723
201,장산,2026-06-14,일,하차,10456,218,397,,733,734
201,장산,2026-06-15,월,승차,16642,1621,1737,,1255,1256
201,장산,2026-06-15,월,하차,16354,697,1407,,1799,1800
201,장산,2026-06-16,화,승차,17098,1581,1825,,1362,1363
201,장산,2026-06-16,화,하차,16690,676,1386,,1734,1735
201,장산,2026-06-17,수,승차,16922,1563,1759,,1292,1293
201,장산,2026-06-17,수,하차,16467,684,1331,,1745,1746
201,장산,2026-06-18,목,승차,16957,1461,1763,,1340,1341
201,장산,2026-06-18,목,하차,16582,669,1291,,1836,1837
201,장산,2026-06-19,금,승차,16717,1472,1694,,1303,1304
201,장산,2026-06-19,금,하차,16323,685,1286,,1700,1701
201,장산,2026-06-20,토,승차,13099,427,613,,957,958
201,장산,2026-06-20,토,하차,12406,254,560,,879,880
201,장산,2026-06-21,일,승차,10868,299,475,,740,741
201,장산,2026-06-21,일,하차,10535,213,362,,716,717
201,장산,2026-06-22,월,승차,16316,1571,1713,,1296,1297
201,장산,2026-06-22,월,하차,15946,684,1347,,1806,1807
201,장산,2026-06-23,화,승차,16904,1491,1718,,1275,1276
201,장산,2026-06-23,화,하차,16521,703,1359,,1783,1784
201,장산,2026-06-24,수,승차,16573,1526,1617,,1181,1182
201,장산,2026-06-24,수,하차,16152,708,1356,,1710,1711
201,장산,2026-06-25,목,승차,16832,1487,1665,,1325,1326
201,장산,2026-06-25,목,하차,16491,685,1345,,1791,1792
201,장산,2026-06-26,금,승차,17903,1458,1626,,1556,1557
201,장산,2026-06-26,금,하차,17237,676,1387,,1745,1746
201,장산,2026-06-27,토,승차,15465,510,705,,1014,1015
201,장산,2026-06-27,토,하차,14634,297,663,,967,968
201,장산,2026-06-28,일,승차,11283,312,512,,706,707
201,장산,2026-06-28,일,하차,10889,195,369,,725,726
201,장산,2026-06-29,월,승차,16727,1531,1699,,1244,1245
201,장산,2026-06-29,월,하차,16457,738,1413,,1745,1746
201,장산,2026-06-30,화,승차,16942,1474,1714,,1353,1354
201,장산,2026-06-30,화,하차,16561,727,1362,,1739,1740
202,중동,2026-01-01,목,승차,5303,123,346,,375,376
202,중동,2026-01-01,목,하차,4857,125,272,,287,288
202,중동,2026-01-02,금,승차,8540,587,737,,753,754
202,중동,2026-01-02,금,하차,7872,244,592,,801,802
202,중동,2026-01-03,토,승차,7472,172,322,,564,565
202,중동,2026-01-03,토,하차,6910,136,357,,452,453
202,중동,2026-01-04,일,승차,5409,123,211,,319,320
202,중동,2026-01-04,일,하차,5031,85,173,,354,355
202,중동,2026-01-05,월,승차,8484,693,888,,642,643
202,중동,2026-01-05,월,하차,7829,264,683,,833,834
202,중동,2026-01-06,화,승차,8618,682,902,,681,682
202,중동,2026-01-06,화,하차,7880,266,665,,806,807
202,중동,2026-01-07,수,승차,8642,705,899,,713,714
202,중동,2026-01-07,수,하차,7771,252,662,,788,789
202,중동,2026-01-08,목,승차,8400,695,871,,662,663
202,중동,2026-01-08,목,하차,7636,295,689,,857,858
202,중동,2026-01-09,금,승차,8790,630,892,,754,755
202,중동,2026-01-09,금,하차,8297,257,669,,885,886
202,중동,2026-01-10,토,승차,7555,209,354,,531,532
202,중동,2026-01-10,토,하차,6810,114,346,,452,453
202,중동,2026-01-11,일,승차,5230,86,229,,370,371
202,중동,2026-01-11,일,하차,4958,66,194,,337,338
202,중동,2026-01-12,월,승차,8033,675,881,,648,649
202,중동,2026-01-12,월,하차,7399,251,657,,802,803
202,중동,2026-01-13,화,승차,8937,661,922,,727,728
202,중동,2026-01-13,화,하차,8131,260,681,,884,885
202,중동,2026-01-14,수,승차,8544,662,876,,662,663
202,중동,2026-01-14,수,하차,7840,253,693,,872,873
202,중동,2026-01-15,목,승차,8784,650,924,,665,666
202,중동,2026-01-15,목,하차,7936,240,656,,814,815
202,중동,2026-01-16,금,승차,9133,637,900,,780,781
202,중동,2026-01-16,금,하차,8496,256,685,,819,820
202,중동,2026-01-17,토,승차,7386,203,360,,540,541
202,중동,2026-01-17,토,하차,6883,116,381,,457,458
202,중동,2026-01-18,일,승차,5513,110,196,,376,377
202,중동,2026-01-18,일,하차,5114,78,181,,362,363
202,중동,2026-01-19,월,승차,8489,664,870,,677,678
202,중동,2026-01-19,월,하차,7815,224,685,,899,900
202,중동,2026-01-20,화,승차,8576,640,924,,661,662
202,중동,2026-01-20,화,하차,7846,244,655,,814,815
202,중동,2026-01-21,수,승차,8129,641,860,,612,613
202,중동,2026-01-21,수,하차,7502,225,652,,780,781
202,중동,2026-01-22,목,승차,8009,587,849,,650,651
202,중동,2026-01-22,목,하차,7446,213,606,,793,794
202,중동,2026-01-23,금,승차,8799,605,829,,758,759
202,중동,2026-01-23,금,하차,8070,233,671,,901,902
202,중동,2026-01-24,토,승차,7344,212,332,,457,458
202,중동,2026-01-24,토,하차,6722,108,342,,465,466
202,중동,2026-01-25,일,승차,5431,108,218,,346,347
202,중동,2026-01-25,일,하차,4997,86,174,,347,348
202,중동,2026-01-26,월,승차,8212,668,870,,680,681
202,중동,2026-01-26,월,하차,7502,224,661,,813,814
202,중동,2026-01-27,화,승차,8764,652,882,,656,657
202,중동,2026-01-27,화,하차,8097,264,681,,841,842
202,중동,2026-01-28,수,승차,8520,687,817,,679,680
202,중동,2026-01-28,수,하차,7823,253,662,,844,845
202,중동,2026-01-29,목,승차,8696,649,868,,750,751
202,중동,2026-01-29,목,하차,7992,254,634,,856,857
202,중동,2026-01-30,금,승차,8998,649,854,,794,795
202,중동,2026-01-30,금,하차,8282,253,681,,871,872
202,중동,2026-01-31,토,승차,7524,198,345,,491,492
202,중동,2026-01-31,토,하차,6796,108,365,,440,441
202,중동,2026-02-01,일,승차,5663,118,197,,375,376
202,중동,2026-02-01,일,하차,5153,92,170,,383,384
202,중동,2026-02-02,월,승차,8440,660,922,,675,676
202,중동,2026-02-02,월,하차,7745,243,666,,851,852
202,중동,2026-02-03,화,승차,8798,678,896,,677,678
202,중동,2026-02-03,화,하차,7988,266,666,,795,796
202,중동,2026-02-04,수,승차,8723,659,904,,738,739
202,중동,2026-02-04,수,하차,8001,267,678,,842,843
202,중동,2026-02-05,목,승차,8979,651,902,,706,707
202,중동,2026-02-05,목,하차,8122,257,711,,875,876
202,중동,2026-02-06,금,승차,9147,615,875,,765,766
202,중동,2026-02-06,금,하차,8528,231,710,,900,901
202,중동,2026-02-07,토,승차,7839,214,349,,546,547
202,중동,2026-02-07,토,하차,7393,113,397,,521,522
202,중동,2026-02-08,일,승차,5228,105,196,,393,394
202,중동,2026-02-08,일,하차,4874,79,166,,313,314
202,중동,2026-02-09,월,승차,8387,659,895,,673,674
202,중동,2026-02-09,월,하차,7746,242,670,,856,857
202,중동,2026-02-10,화,승차,8824,647,939,,673,674
202,중동,2026-02-10,화,하차,8157,248,690,,909,910
202,중동,2026-02-11,수,승차,8647,646,860,,721,722
202,중동,2026-02-11,수,하차,7950,254,677,,880,881
202,중동,2026-02-12,목,승차,9062,656,852,,699,700
202,중동,2026-02-12,목,하차,8346,242,652,,867,868
202,중동,2026-02-13,금,승차,9488,589,853,,775,776
202,중동,2026-02-13,금,하차,8783,249,705,,851,852
202,중동,2026-02-14,토,승차,7828,194,327,,557,558
202,중동,2026-02-14,토,하차,7226,104,377,,374,375
202,중동,2026-02-15,일,승차,6328,121,213,,529,530
202,중동,2026-02-15,일,하차,5750,87,183,,399,400
202,중동,2026-02-16,월,승차,5136,98,148,,484,485
202,중동,2026-02-16,월,하차,4559,73,157,,293,294
202,중동,2026-02-17,화,승차,3928,97,130,,397,398
202,중동,2026-02-17,화,하차,3710,62,146,,204,205
202,중동,2026-02-18,수,승차,5319,111,140,,457,458
202,중동,2026-02-18,수,하차,4897,73,154,,330,331
202,중동,2026-02-19,목,승차,8649,578,842,,757,758
202,중동,2026-02-19,목,하차,7958,227,603,,876,877
202,중동,2026-02-20,금,승차,9237,621,867,,757,758
202,중동,2026-02-20,금,하차,8409,208,670,,852,853
202,중동,2026-02-21,토,승차,7933,244,358,,548,549
202,중동,2026-02-21,토,하차,7247,120,363,,490,491
202,중동,2026-02-22,일,승차,5682,135,236,,361,362
202,중동,2026-02-22,일,하차,5264,77,185,,334,335
202,중동,2026-02-23,월,승차,8453,688,895,,674,675
202,중동,2026-02-23,월,하차,7732,227,667,,816,817
202,중동,2026-02-24,화,승차,8031,680,892,,588,589
202,중동,2026-02-24,화,하차,7451,234,664,,763,764
202,중동,2026-02-25,수,승차,8852,680,850,,727,728
202,중동,2026-02-25,수,하차,8167,239,630,,883,884
202,중동,2026-02-26,목,승차,9037,616,893,,683,684
202,중동,2026-02-26,목,하차,8485,239,644,,838,839
202,중동,2026-02-27,금,승차,8775,609,831,,768,769
202,중동,2026-02-27,금,하차,8078,228,656,,808,809
202,중동,2026-02-28,토,승차,8280,230,404,,651,652
202,중동,2026-02-28,토,하차,7579,126,344,,544,545
202,중동,2026-03-01,일,승차,6361,120,224,,456,457
202,중동,2026-03-01,일,하차,5867,87,192,,328,329
202,중동,2026-03-02,월,승차,5020,157,231,,334,335
202,중동,2026-03-02,월,하차,4571,109,257,,290,291
202,중동,2026-03-03,화,승차,8707,811,984,,630,631
202,중동,2026-03-03,화,하차,7967,269,665,,902,903
202,중동,2026-03-04,수,승차,8715,811,973,,675,676
202,중동,2026-03-04,수,하차,7881,284,686,,827,828
202,중동,2026-03-05,목,승차,9030,796,942,,669,670
202,중동,2026-03-05,목,하차,8284,265,696,,858,859
202,중동,2026-03-06,금,승차,9131,748,892,,758,759
202,중동,2026-03-06,금,하차,8295,267,679,,892,893
202,중동,2026-03-07,토,승차,7742,211,369,,481,482
202,중동,2026-03-07,토,하차,7260,105,402,,495,496
202,중동,2026-03-08,일,승차,5705,110,249,,424,425
202,중동,2026-03-08,일,하차,5180,87,187,,311,312
202,중동,2026-03-09,월,승차,8444,823,961,,622,623
202,중동,2026-03-09,월,하차,7637,248,690,,806,807
202,중동,2026-03-10,화,승차,9294,807,1043,,725,726
202,중동,2026-03-10,화,하차,8407,268,719,,905,906
202,중동,2026-03-11,수,승차,9139,822,1028,,655,656
202,중동,2026-03-11,수,하차,8274,295,683,,869,870
202,중동,2026-03-12,목,승차,9262,807,993,,691,692
202,중동,2026-03-12,목,하차,8471,305,733,,871,872
202,중동,2026-03-13,금,승차,9274,772,931,,782,783
202,중동,2026-03-13,금,하차,8589,256,745,,886,887
202,중동,2026-03-14,토,승차,8277,241,363,,570,571
202,중동,2026-03-14,토,하차,7418,105,355,,452,453
202,중동,2026-03-15,일,승차,5717,107,239,,356,357
202,중동,2026-03-15,일,하차,5244,73,194,,339,340
202,중동,2026-03-16,월,승차,8629,811,963,,679,680
202,중동,2026-03-16,월,하차,7965,262,707,,874,875
202,중동,2026-03-17,화,승차,9016,814,994,,653,654
202,중동,2026-03-17,화,하차,8273,266,695,,827,828
202,중동,2026-03-18,수,승차,8231,760,959,,619,620
202,중동,2026-03-18,수,하차,7457,263,660,,790,791
202,중동,2026-03-19,목,승차,9237,829,927,,705,706
202,중동,2026-03-19,목,하차,8298,289,697,,863,864
202,중동,2026-03-20,금,승차,9775,784,974,,759,760
202,중동,2026-03-20,금,하차,8912,270,703,,883,884
202,중동,2026-03-21,토,승차,8565,238,402,,577,578
202,중동,2026-03-21,토,하차,7882,151,433,,450,451
202,중동,2026-03-22,일,승차,6056,205,238,,399,400
202,중동,2026-03-22,일,하차,5547,93,208,,371,372
202,중동,2026-03-23,월,승차,8875,831,980,,694,695
202,중동,2026-03-23,월,하차,7945,262,670,,886,887
202,중동,2026-03-24,화,승차,9558,852,1010,,760,761
202,중동,2026-03-24,화,하차,8585,287,677,,892,893
202,중동,2026-03-25,수,승차,9107,755,934,,752,753
202,중동,2026-03-25,수,하차,8111,270,673,,829,830
202,중동,2026-03-26,목,승차,9438,808,954,,692,693
202,중동,2026-03-26,목,하차,8667,281,694,,898,899
202,중동,2026-03-27,금,승차,9904,767,904,,813,814
202,중동,2026-03-27,금,하차,9042,271,748,,952,953
202,중동,2026-03-28,토,승차,8965,254,440,,719,720
202,중동,2026-03-28,토,하차,8272,148,395,,517,518
202,중동,2026-03-29,일,승차,6654,116,241,,424,425
202,중동,2026-03-29,일,하차,5827,69,215,,380,381
202,중동,2026-03-30,월,승차,8922,829,947,,630,631
202,중동,2026-03-30,월,하차,8263,287,718,,830,831
202,중동,2026-03-31,화,승차,9144,809,973,,689,690
202,중동,2026-03-31,화,하차,8396,284,700,,861,862
202,중동,2026-04-01,수,승차,9477,817,1082,,749,750
202,중동,2026-04-01,수,하차,8781,322,750,,902,903
202,중동,2026-04-02,목,승차,9810,837,953,,780,781
202,중동,2026-04-02,목,하차,9124,301,727,,965,966
202,중동,2026-04-03,금,승차,10318,769,946,,849,850
202,중동,2026-04-03,금,하차,9374,298,723,,900,901
202,중동,2026-04-04,토,승차,7844,210,346,,636,637
202,중동,2026-04-04,토,하차,7108,151,357,,485,486
202,중동,2026-04-05,일,승차,7303,232,326,,480,481
202,중동,2026-04-05,일,하차,6638,107,210,,437,438
202,중동,2026-04-06,월,승차,8792,832,976,,635,636
202,중동,2026-04-06,월,하차,8101,272,720,,871,872
202,중동,2026-04-07,화,승차,9634,838,974,,674,675
202,중동,2026-04-07,화,하차,8762,304,750,,905,906
202,중동,2026-04-08,수,승차,9572,854,1068,,707,708
202,중동,2026-04-08,수,하차,8803,336,745,,907,908
202,중동,2026-04-09,목,승차,8134,795,960,,536,537
202,중동,2026-04-09,목,하차,7535,301,670,,785,786
202,중동,2026-04-10,금,승차,10004,806,945,,802,803
202,중동,2026-04-10,금,하차,9148,286,714,,872,873
202,중동,2026-04-11,토,승차,8599,240,453,,610,611
202,중동,2026-04-11,토,하차,7821,153,411,,523,524
202,중동,2026-04-12,일,승차,6127,128,242,,424,425
202,중동,2026-04-12,일,하차,5510,93,230,,331,332
202,중동,2026-04-13,월,승차,9045,814,1001,,675,676
202,중동,2026-04-13,월,하차,8079,284,688,,896,897
202,중동,2026-04-14,화,승차,9301,840,1010,,642,643
202,중동,2026-04-14,화,하차,8389,282,751,,913,914
202,중동,2026-04-15,수,승차,9449,818,1060,,694,695
202,중동,2026-04-15,수,하차,8523,344,735,,904,905
202,중동,2026-04-16,목,승차,9415,810,936,,743,744
202,중동,2026-04-16,목,하차,8637,312,650,,867,868
202,중동,2026-04-17,금,승차,9423,809,935,,706,707
202,중동,2026-04-17,금,하차,8667,283,701,,825,826
202,중동,2026-04-18,토,승차,8433,228,426,,558,559
202,중동,2026-04-18,토,하차,7833,164,437,,518,519
202,중동,2026-04-19,일,승차,6030,125,258,,373,374
202,중동,2026-04-19,일,하차,5508,99,195,,371,372
202,중동,2026-04-20,월,승차,8884,809,988,,652,653
202,중동,2026-04-20,월,하차,8007,314,672,,870,871
202,중동,2026-04-21,화,승차,9242,866,956,,676,677
202,중동,2026-04-21,화,하차,8321,317,698,,854,855
202,중동,2026-04-22,수,승차,9025,805,1025,,644,645
202,중동,2026-04-22,수,하차,8175,339,712,,774,775
202,중동,2026-04-23,목,승차,9133,783,996,,667,668
202,중동,2026-04-23,목,하차,8267,286,618,,862,863
202,중동,2026-04-24,금,승차,10084,799,944,,783,784
202,중동,2026-04-24,금,하차,9235,311,751,,896,897
202,중동,2026-04-25,토,승차,8901,282,482,,575,576
202,중동,2026-04-25,토,하차,8105,177,395,,517,518
202,중동,2026-04-26,일,승차,6362,164,225,,407,408
202,중동,2026-04-26,일,하차,5781,86,210,,358,359
202,중동,2026-04-27,월,승차,9067,883,1010,,709,710
202,중동,2026-04-27,월,하차,8100,294,697,,850,851
202,중동,2026-04-28,화,승차,9696,862,1028,,672,673
202,중동,2026-04-28,화,하차,8739,292,737,,947,948
202,중동,2026-04-29,수,승차,9647,855,1138,,703,704
202,중동,2026-04-29,수,하차,8663,342,696,,854,855
202,중동,2026-04-30,목,승차,10116,800,960,,839,840
202,중동,2026-04-30,목,하차,9305,290,699,,937,938
202,중동,2026-05-01,금,승차,7906,177,314,,618,619
202,중동,2026-05-01,금,하차,7378,113,251,,530,531
202,중동,2026-05-02,토,승차,9953,235,440,,894,895
202,중동,2026-05-02,토,하차,9202,171,455,,559,560
202,중동,2026-05-03,일,승차,6193,140,176,,532,533
202,중동,2026-05-03,일,하차,5765,85,182,,367,368
202,중동,2026-05-04,월,승차,10540,720,825,,858,859
202,중동,2026-05-04,월,하차,9493,266,620,,910,911
202,중동,2026-05-05,화,승차,6985,162,238,,486,487
202,중동,2026-05-05,화,하차,6322,109,263,,384,385
202,중동,2026-05-06,수,승차,9709,878,1069,,729,730
202,중동,2026-05-06,수,하차,8788,337,729,,899,900
202,중동,2026-05-07,목,승차,9576,878,963,,764,765
202,중동,2026-05-07,목,하차,8777,307,723,,884,885
202,중동,2026-05-08,금,승차,10065,818,960,,760,761
202,중동,2026-05-08,금,하차,9108,302,741,,947,948
202,중동,2026-05-09,토,승차,8512,243,491,,609,610
202,중동,2026-05-09,토,하차,7956,165,386,,512,513
202,중동,2026-05-10,일,승차,6526,287,254,,396,397
202,중동,2026-05-10,일,하차,5966,99,192,,423,424
202,중동,2026-05-11,월,승차,9153,883,960,,680,681
202,중동,2026-05-11,월,하차,8225,284,725,,842,843
202,중동,2026-05-12,화,승차,9567,880,1096,,665,666
202,중동,2026-05-12,화,하차,8637,291,731,,926,927
202,중동,2026-05-13,수,승차,9810,892,1038,,751,752
202,중동,2026-05-13,수,하차,8719,340,742,,906,907
202,중동,2026-05-14,목,승차,9614,875,996,,734,735
202,중동,2026-05-14,목,하차,8700,316,734,,885,886
202,중동,2026-05-15,금,승차,10085,799,938,,771,772
202,중동,2026-05-15,금,하차,9377,296,734,,899,900
202,중동,2026-05-16,토,승차,9136,251,510,,574,575
202,중동,2026-05-16,토,하차,8475,193,426,,505,506
202,중동,2026-05-17,일,승차,6733,149,271,,442,443
202,중동,2026-05-17,일,하차,6092,81,194,,388,389
202,중동,2026-05-18,월,승차,9195,845,996,,718,719
202,중동,2026-05-18,월,하차,8161,285,739,,884,885
202,중동,2026-05-19,화,승차,9588,889,1109,,608,609
202,중동,2026-05-19,화,하차,8685,315,739,,847,848
202,중동,2026-05-20,수,승차,8723,805,1065,,630,631
202,중동,2026-05-20,수,하차,7982,328,728,,770,771
202,중동,2026-05-21,목,승차,9249,822,1013,,705,706
202,중동,2026-05-21,목,하차,8457,291,709,,862,863
202,중동,2026-05-22,금,승차,10371,819,993,,815,816
202,중동,2026-05-22,금,하차,9496,318,740,,882,883
202,중동,2026-05-23,토,승차,9017,263,497,,635,636
202,중동,2026-05-23,토,하차,8190,191,405,,546,547
202,중동,2026-05-24,일,승차,6985,137,251,,540,541
202,중동,2026-05-24,일,하차,6709,92,236,,435,436
202,중동,2026-05-25,월,승차,6544,186,311,,457,458
202,중동,2026-05-25,월,하차,5896,111,291,,368,369
202,중동,2026-05-26,화,승차,9243,876,987,,653,654
202,중동,2026-05-26,화,하차,8456,296,729,,912,913
202,중동,2026-05-27,수,승차,8636,780,1034,,643,644
202,중동,2026-05-27,수,하차,7896,321,671,,793,794
202,중동,2026-05-28,목,승차,9527,798,898,,717,718
202,중동,2026-05-28,목,하차,8816,295,704,,838,839
202,중동,2026-05-29,금,승차,9964,828,982,,783,784
202,중동,2026-05-29,금,하차,9213,315,725,,909,910
202,중동,2026-05-30,토,승차,8573,238,470,,551,552
202,중동,2026-05-30,토,하차,8022,174,414,,494,495
202,중동,2026-05-31,일,승차,6102,137,235,,423,424
202,중동,2026-05-31,일,하차,5686,97,187,,388,389
202,중동,2026-06-01,월,승차,9212,836,982,,657,658
202,중동,2026-06-01,월,하차,8397,288,776,,872,873
202,중동,2026-06-02,화,승차,8366,801,895,,665,666
202,중동,2026-06-02,화,하차,7697,273,678,,793,794
202,중동,2026-06-03,수,승차,7278,169,392,,433,434
202,중동,2026-06-03,수,하차,6754,170,361,,408,409
202,중동,2026-06-04,목,승차,9330,810,929,,633,634
202,중동,2026-06-04,목,하차,8541,312,792,,867,868
202,중동,2026-06-05,금,승차,9923,812,931,,815,816
202,중동,2026-06-05,금,하차,9030,313,722,,916,917
202,중동,2026-06-06,토,승차,7842,189,353,,540,541
202,중동,2026-06-06,토,하차,7436,158,307,,461,462
202,중동,2026-06-07,일,승차,6066,138,223,,375,376
202,중동,2026-06-07,일,하차,5799,117,247,,307,308
202,중동,2026-06-08,월,승차,8583,800,979,,621,622
202,중동,2026-06-08,월,하차,7792,265,696,,862,863
202,중동,2026-06-09,화,승차,9723,857,962,,727,728
202,중동,2026-06-09,화,하차,8864,288,743,,980,981
202,중동,2026-06-10,수,승차,9602,817,1046,,693,694
202,중동,2026-06-10,수,하차,8808,328,725,,823,824
202,중동,2026-06-11,목,승차,9765,777,935,,735,736
202,중동,2026-06-11,목,하차,9129,330,721,,944,945
202,중동,2026-06-12,금,승차,10323,813,939,,784,785
202,중동,2026-06-12,금,하차,9364,309,710,,918,919
202,중동,2026-06-13,토,승차,9553,267,473,,603,604
202,중동,2026-06-13,토,하차,9029,168,427,,565,566
202,중동,2026-06-14,일,승차,6685,158,253,,452,453
202,중동,2026-06-14,일,하차,6321,114,199,,417,418
202,중동,2026-06-15,월,승차,9218,844,1004,,691,692
202,중동,2026-06-15,월,하차,8356,312,742,,800,801
202,중동,2026-06-16,화,승차,9341,838,961,,667,668
202,중동,2026-06-16,화,하차,8601,299,695,,900,901
202,중동,2026-06-17,수,승차,9414,792,1012,,750,751
202,중동,2026-06-17,수,하차,8637,325,728,,853,854
202,중동,2026-06-18,목,승차,9375,765,945,,693,694
202,중동,2026-06-18,목,하차,8733,308,701,,866,867
202,중동,2026-06-19,금,승차,9563,761,919,,756,757
202,중동,2026-06-19,금,하차,8757,293,707,,876,877
202,중동,2026-06-20,토,승차,7788,202,381,,550,551
202,중동,2026-06-20,토,하차,7216,152,325,,473,474
202,중동,2026-06-21,일,승차,6276,139,252,,457,458
202,중동,2026-06-21,일,하차,5687,105,198,,350,351
202,중동,2026-06-22,월,승차,8685,795,969,,615,616
202,중동,2026-06-22,월,하차,8044,289,693,,889,890
202,중동,2026-06-23,화,승차,9723,812,972,,757,758
202,중동,2026-06-23,화,하차,8781,319,741,,859,860
202,중동,2026-06-24,수,승차,9040,800,1008,,648,649
202,중동,2026-06-24,수,하차,8325,322,704,,827,828
202,중동,2026-06-25,목,승차,9492,799,916,,742,743
202,중동,2026-06-25,목,하차,8688,306,695,,887,888
202,중동,2026-06-26,금,승차,9779,710,875,,773,774
202,중동,2026-06-26,금,하차,8926,285,712,,927,928
202,중동,2026-06-27,토,승차,9077,237,477,,636,637
202,중동,2026-06-27,토,하차,8235,169,356,,470,471
202,중동,2026-06-28,일,승차,6354,136,218,,403,404
202,중동,2026-06-28,일,하차,5992,84,224,,384,385
202,중동,2026-06-29,월,승차,9440,831,935,,678,679
202,중동,2026-06-29,월,하차,8512,317,728,,794,795
202,중동,2026-06-30,화,승차,9345,807,941,,707,708
202,중동,2026-06-30,화,하차,8439,319,680,,863,864
203,해운대,2026-01-01,목,승차,20901,1924,2975,,1347,1348
203,해운대,2026-01-01,목,하차,21528,2976,559,,1179,1180
203,해운대,2026-01-02,금,승차,16321,396,587,,1582,1583
203,해운대,2026-01-02,금,하차,16759,416,957,,1682,1683
203,해운대,2026-01-03,토,승차,17452,203,350,,1559,1560
203,해운대,2026-01-03,토,하차,17781,314,524,,1360,1361
203,해운대,2026-01-04,일,승차,13240,181,288,,1087,1088
203,해운대,2026-01-04,일,하차,12166,268,344,,878,879
203,해운대,2026-01-05,월,승차,12899,455,638,,1263,1264
203,해운대,2026-01-05,월,하차,13586,394,1065,,1223,1224
203,해운대,2026-01-06,화,승차,13178,424,645,,1240,1241
203,해운대,2026-01-06,화,하차,14028,356,1105,,1270,1271
203,해운대,2026-01-07,수,승차,12915,462,607,,1222,1223
203,해운대,2026-01-07,수,하차,13580,359,1064,,1302,1303
203,해운대,2026-01-08,목,승차,13015,419,633,,1147,1148
203,해운대,2026-01-08,목,하차,13787,368,1023,,1196,1197
203,해운대,2026-01-09,금,승차,14125,422,650,,1409,1410
203,해운대,2026-01-09,금,하차,15224,349,1021,,1584,1585
203,해운대,2026-01-10,토,승차,16497,224,413,,1412,1413
203,해운대,2026-01-10,토,하차,18425,299,569,,1487,1488
203,해운대,2026-01-11,일,승차,12830,161,301,,952,953
203,해운대,2026-01-11,일,하차,11939,254,368,,852,853
203,해운대,2026-01-12,월,승차,12877,428,659,,1193,1194
203,해운대,2026-01-12,월,하차,13939,362,1055,,1270,1271
203,해운대,2026-01-13,화,승차,13550,421,681,,1217,1218
203,해운대,2026-01-13,화,하차,14214,376,1033,,1329,1330
203,해운대,2026-01-14,수,승차,13055,419,663,,1144,1145
203,해운대,2026-01-14,수,하차,13808,365,1055,,1362,1363
203,해운대,2026-01-15,목,승차,13664,401,609,,1241,1242
203,해운대,2026-01-15,목,하차,14367,379,1015,,1349,1350
203,해운대,2026-01-16,금,승차,14938,439,683,,1520,1521
203,해운대,2026-01-16,금,하차,16070,372,1050,,1608,1609
203,해운대,2026-01-17,토,승차,17456,200,331,,1592,1593
203,해운대,2026-01-17,토,하차,18980,322,548,,1642,1643
203,해운대,2026-01-18,일,승차,14469,141,350,,1237,1238
203,해운대,2026-01-18,일,하차,13585,298,431,,1084,1085
203,해운대,2026-01-19,월,승차,12775,433,696,,1087,1088
203,해운대,2026-01-19,월,하차,13552,367,1055,,1148,1149
203,해운대,2026-01-20,화,승차,12803,419,659,,1072,1073
203,해운대,2026-01-20,화,하차,13701,361,1062,,1246,1247
203,해운대,2026-01-21,수,승차,12279,427,626,,1067,1068
203,해운대,2026-01-21,수,하차,12779,354,1016,,1124,1125
203,해운대,2026-01-22,목,승차,11923,408,663,,1146,1147
203,해운대,2026-01-22,목,하차,12386,367,991,,1224,1225
203,해운대,2026-01-23,금,승차,13402,401,635,,1261,1262
203,해운대,2026-01-23,금,하차,14563,372,1025,,1427,1428
203,해운대,2026-01-24,토,승차,15233,170,370,,1194,1195
203,해운대,2026-01-24,토,하차,16786,292,522,,1184,1185
203,해운대,2026-01-25,일,승차,12852,170,272,,998,999
203,해운대,2026-01-25,일,하차,12284,262,384,,768,769
203,해운대,2026-01-26,월,승차,13112,432,653,,1264,1265
203,해운대,2026-01-26,월,하차,14090,387,1105,,1145,1146
203,해운대,2026-01-27,화,승차,13215,475,660,,1152,1153
203,해운대,2026-01-27,화,하차,13947,376,1081,,1217,1218
203,해운대,2026-01-28,수,승차,13084,438,640,,1163,1164
203,해운대,2026-01-28,수,하차,13552,369,1038,,1269,1270
203,해운대,2026-01-29,목,승차,13234,423,612,,1106,1107
203,해운대,2026-01-29,목,하차,13589,347,1073,,1183,1184
203,해운대,2026-01-30,금,승차,13931,437,666,,1199,1200
203,해운대,2026-01-30,금,하차,14979,393,1094,,1427,1428
203,해운대,2026-01-31,토,승차,15236,186,366,,1379,1380
203,해운대,2026-01-31,토,하차,16475,314,579,,1050,1051
203,해운대,2026-02-01,일,승차,12732,170,266,,940,941
203,해운대,2026-02-01,일,하차,11883,258,342,,752,753
203,해운대,2026-02-02,월,승차,12770,430,672,,1186,1187
203,해운대,2026-02-02,월,하차,13640,407,1084,,1124,1125
203,해운대,2026-02-03,화,승차,13007,446,653,,1226,1227
203,해운대,2026-02-03,화,하차,13883,377,1107,,1168,1169
203,해운대,2026-02-04,수,승차,13347,463,664,,1182,1183
203,해운대,2026-02-04,수,하차,14187,473,1062,,1236,1237
203,해운대,2026-02-05,목,승차,13731,459,672,,1277,1278
203,해운대,2026-02-05,목,하차,14797,386,1120,,1393,1394
203,해운대,2026-02-06,금,승차,15527,470,701,,1374,1375
203,해운대,2026-02-06,금,하차,17320,383,1064,,1461,1462
203,해운대,2026-02-07,토,승차,18006,244,397,,1348,1349
203,해운대,2026-02-07,토,하차,19536,328,545,,1212,1213
203,해운대,2026-02-08,일,승차,14434,209,273,,972,973
203,해운대,2026-02-08,일,하차,13275,244,346,,844,845
203,해운대,2026-02-09,월,승차,13736,473,704,,1243,1244
203,해운대,2026-02-09,월,하차,14338,370,1097,,1324,1325
203,해운대,2026-02-10,화,승차,13770,451,675,,1202,1203
203,해운대,2026-02-10,화,하차,14564,395,1099,,1253,1254
203,해운대,2026-02-11,수,승차,14149,438,698,,1274,1275
203,해운대,2026-02-11,수,하차,14630,373,1078,,1290,1291
203,해운대,2026-02-12,목,승차,14189,440,631,,1287,1288
203,해운대,2026-02-12,목,하차,15034,384,1119,,1324,1325
203,해운대,2026-02-13,금,승차,16989,452,716,,1456,1457
203,해운대,2026-02-13,금,하차,18355,348,1079,,1284,1285
203,해운대,2026-02-14,토,승차,18492,252,371,,1308,1309
203,해운대,2026-02-14,토,하차,20087,306,548,,1136,1137
203,해운대,2026-02-15,일,승차,16521,240,339,,1400,1401
203,해운대,2026-02-15,일,하차,16464,287,399,,1203,1204
203,해운대,2026-02-16,월,승차,13726,183,270,,1225,1226
203,해운대,2026-02-16,월,하차,13772,280,397,,890,891
203,해운대,2026-02-17,화,승차,12159,199,254,,1159,1160
203,해운대,2026-02-17,화,하차,12336,248,349,,756,757
203,해운대,2026-02-18,수,승차,12912,135,243,,1136,1137
203,해운대,2026-02-18,수,하차,13720,228,379,,867,868
203,해운대,2026-02-19,목,승차,14628,428,642,,1366,1367
203,해운대,2026-02-19,목,하차,16236,354,1022,,1432,1433
203,해운대,2026-02-20,금,승차,16162,416,678,,1475,1476
203,해운대,2026-02-20,금,하차,17058,378,1030,,1594,1595
203,해운대,2026-02-21,토,승차,18377,231,407,,1705,1706
203,해운대,2026-02-21,토,하차,19249,313,547,,1292,1293
203,해운대,2026-02-22,일,승차,15054,177,310,,1238,1239
203,해운대,2026-02-22,일,하차,14207,270,381,,858,859
203,해운대,2026-02-23,월,승차,14859,464,677,,1397,1398
203,해운대,2026-02-23,월,하차,15501,394,1065,,1267,1268
203,해운대,2026-02-24,화,승차,12208,456,658,,967,968
203,해운대,2026-02-24,화,하차,12975,390,1052,,1160,1161
203,해운대,2026-02-25,수,승차,14477,432,675,,1430,1431
203,해운대,2026-02-25,수,하차,15263,391,990,,1415,1416
203,해운대,2026-02-26,목,승차,14814,454,755,,1250,1251
203,해운대,2026-02-26,목,하차,15471,403,1030,,1395,1396
203,해운대,2026-02-27,금,승차,14589,418,699,,1323,1324
203,해운대,2026-02-27,금,하차,15595,400,1036,,1339,1340
203,해운대,2026-02-28,토,승차,18041,202,364,,1644,1645
203,해운대,2026-02-28,토,하차,19801,359,579,,1264,1265
203,해운대,2026-03-01,일,승차,17044,144,337,,1342,1343
203,해운대,2026-03-01,일,하차,16547,276,423,,1061,1062
203,해운대,2026-03-02,월,승차,11109,184,335,,741,742
203,해운대,2026-03-02,월,하차,9677,269,519,,596,597
203,해운대,2026-03-03,화,승차,14909,535,729,,2176,2177
203,해운대,2026-03-03,화,하차,15782,487,1144,,1510,1511
203,해운대,2026-03-04,수,승차,11798,544,680,,1066,1067
203,해운대,2026-03-04,수,하차,12718,447,1091,,1074,1075
203,해운대,2026-03-05,목,승차,12135,525,730,,1094,1095
203,해운대,2026-03-05,목,하차,12881,388,1169,,1087,1088
203,해운대,2026-03-06,금,승차,13007,483,714,,1275,1276
203,해운대,2026-03-06,금,하차,13975,436,1137,,1302,1303
203,해운대,2026-03-07,토,승차,14978,227,384,,1322,1323
203,해운대,2026-03-07,토,하차,16265,298,559,,1116,1117
203,해운대,2026-03-08,일,승차,12927,150,321,,939,940
203,해운대,2026-03-08,일,하차,12140,256,421,,736,737
203,해운대,2026-03-09,월,승차,12506,520,732,,1142,1143
203,해운대,2026-03-09,월,하차,13136,436,1085,,1223,1224
203,해운대,2026-03-10,화,승차,12385,529,743,,1083,1084
203,해운대,2026-03-10,화,하차,13324,405,1145,,1223,1224
203,해운대,2026-03-11,수,승차,12889,542,722,,1083,1084
203,해운대,2026-03-11,수,하차,13430,399,1094,,1163,1164
203,해운대,2026-03-12,목,승차,12507,517,730,,1118,1119
203,해운대,2026-03-12,목,하차,13416,423,1141,,1153,1154
203,해운대,2026-03-13,금,승차,14038,497,774,,1263,1264
203,해운대,2026-03-13,금,하차,15149,407,1140,,1488,1489
203,해운대,2026-03-14,토,승차,17397,235,415,,1552,1553
203,해운대,2026-03-14,토,하차,18928,325,616,,1256,1257
203,해운대,2026-03-15,일,승차,13927,155,338,,1066,1067
203,해운대,2026-03-15,일,하차,13212,259,454,,872,873
203,해운대,2026-03-16,월,승차,12848,528,784,,1208,1209
203,해운대,2026-03-16,월,하차,13344,440,1103,,1218,1219
203,해운대,2026-03-17,화,승차,13118,530,746,,1168,1169
203,해운대,2026-03-17,화,하차,13878,449,1121,,1194,1195
203,해운대,2026-03-18,수,승차,11491,523,731,,1061,1062
203,해운대,2026-03-18,수,하차,12582,434,1054,,1197,1198
203,해운대,2026-03-19,목,승차,13793,560,829,,1229,1230
203,해운대,2026-03-19,목,하차,14861,408,1135,,1293,1294
203,해운대,2026-03-20,금,승차,15991,534,816,,1434,1435
203,해운대,2026-03-20,금,하차,17163,435,1211,,1500,1501
203,해운대,2026-03-21,토,승차,18973,301,447,,1824,1825
203,해운대,2026-03-21,토,하차,20598,370,660,,1360,1361
203,해운대,2026-03-22,일,승차,14890,271,374,,1163,1164
203,해운대,2026-03-22,일,하차,14054,283,409,,886,887
203,해운대,2026-03-23,월,승차,13679,558,772,,1278,1279
203,해운대,2026-03-23,월,하차,14462,441,1156,,1251,1252
203,해운대,2026-03-24,화,승차,13458,594,773,,1203,1204
203,해운대,2026-03-24,화,하차,14100,475,1141,,1253,1254
203,해운대,2026-03-25,수,승차,13300,522,767,,1214,1215
203,해운대,2026-03-25,수,하차,14310,459,1148,,1375,1376
203,해운대,2026-03-26,목,승차,14509,582,782,,1264,1265
203,해운대,2026-03-26,목,하차,15561,480,1169,,1366,1367
203,해운대,2026-03-27,금,승차,16830,576,818,,1480,1481
203,해운대,2026-03-27,금,하차,18252,477,1234,,1549,1550
203,해운대,2026-03-28,토,승차,20762,336,545,,2062,2063
203,해운대,2026-03-28,토,하차,21841,383,661,,1385,1386
203,해운대,2026-03-29,일,승차,16530,332,484,,1276,1277
203,해운대,2026-03-29,일,하차,15495,340,460,,1030,1031
203,해운대,2026-03-30,월,승차,13914,580,884,,1129,1130
203,해운대,2026-03-30,월,하차,14619,483,1217,,1238,1239
203,해운대,2026-03-31,화,승차,13970,610,818,,1228,1229
203,해운대,2026-03-31,화,하차,14447,478,1166,,1321,1322
203,해운대,2026-04-01,수,승차,14004,559,812,,1124,1125
203,해운대,2026-04-01,수,하차,14955,457,1165,,1409,1410
203,해운대,2026-04-02,목,승차,15076,604,873,,1361,1362
203,해운대,2026-04-02,목,하차,15941,497,1156,,1462,1463
203,해운대,2026-04-03,금,승차,16791,593,856,,1445,1446
203,해운대,2026-04-03,금,하차,17792,526,1205,,1482,1483
203,해운대,2026-04-04,토,승차,17549,230,379,,1554,1555
203,해운대,2026-04-04,토,하차,18481,337,535,,1297,1298
203,해운대,2026-04-05,일,승차,17058,543,619,,1195,1196
203,해운대,2026-04-05,일,하차,16102,332,470,,1019,1020
203,해운대,2026-04-06,월,승차,14149,568,884,,1280,1281
203,해운대,2026-04-06,월,하차,14446,492,1170,,1225,1226
203,해운대,2026-04-07,화,승차,14758,585,833,,1359,1360
203,해운대,2026-04-07,화,하차,15548,522,1259,,1317,1318
203,해운대,2026-04-08,수,승차,14652,614,843,,1316,1317
203,해운대,2026-04-08,수,하차,15159,471,1197,,1304,1305
203,해운대,2026-04-09,목,승차,11641,566,768,,926,927
203,해운대,2026-04-09,목,하차,13109,458,1158,,1300,1301
203,해운대,2026-04-10,금,승차,16432,561,942,,1515,1516
203,해운대,2026-04-10,금,하차,17711,484,1200,,1559,1560
203,해운대,2026-04-11,토,승차,19411,300,513,,1754,1755
203,해운대,2026-04-11,토,하차,20440,395,687,,1268,1269
203,해운대,2026-04-12,일,승차,15077,228,382,,1168,1169
203,해운대,2026-04-12,일,하차,14294,280,474,,890,891
203,해운대,2026-04-13,월,승차,14112,566,794,,1324,1325
203,해운대,2026-04-13,월,하차,14654,465,1217,,1255,1256
203,해운대,2026-04-14,화,승차,13263,570,798,,1174,1175
203,해운대,2026-04-14,화,하차,14151,478,1162,,1254,1255
203,해운대,2026-04-15,수,승차,13608,550,779,,1228,1229
203,해운대,2026-04-15,수,하차,14587,455,1215,,1248,1249
203,해운대,2026-04-16,목,승차,13987,530,780,,1242,1243
203,해운대,2026-04-16,목,하차,15033,471,1198,,1353,1354
203,해운대,2026-04-17,금,승차,14543,520,777,,1236,1237
203,해운대,2026-04-17,금,하차,16022,481,1229,,1510,1511
203,해운대,2026-04-18,토,승차,17655,245,488,,1558,1559
203,해운대,2026-04-18,토,하차,19078,407,738,,1303,1304
203,해운대,2026-04-19,일,승차,14302,205,395,,1094,1095
203,해운대,2026-04-19,일,하차,13454,284,440,,949,950
203,해운대,2026-04-20,월,승차,13240,548,784,,1191,1192
203,해운대,2026-04-20,월,하차,13798,454,1220,,1206,1207
203,해운대,2026-04-21,화,승차,13955,557,755,,1165,1166
203,해운대,2026-04-21,화,하차,14395,507,1250,,1210,1211
203,해운대,2026-04-22,수,승차,12859,558,713,,1057,1058
203,해운대,2026-04-22,수,하차,13733,436,1173,,1269,1270
203,해운대,2026-04-23,목,승차,13453,541,786,,1152,1153
203,해운대,2026-04-23,목,하차,14312,434,1160,,1291,1292
203,해운대,2026-04-24,금,승차,16913,628,768,,1574,1575
203,해운대,2026-04-24,금,하차,18073,544,1265,,1521,1522
203,해운대,2026-04-25,토,승차,18974,328,527,,1650,1651
203,해운대,2026-04-25,토,하차,20266,338,721,,1348,1349
203,해운대,2026-04-26,일,승차,15296,258,425,,1144,1145
203,해운대,2026-04-26,일,하차,14291,333,483,,917,918
203,해운대,2026-04-27,월,승차,14743,565,820,,1234,1235
203,해운대,2026-04-27,월,하차,15181,478,1191,,1301,1302
203,해운대,2026-04-28,화,승차,14246,588,768,,1247,1248
203,해운대,2026-04-28,화,하차,14809,507,1239,,1258,1259
203,해운대,2026-04-29,수,승차,13901,544,785,,1169,1170
203,해운대,2026-04-29,수,하차,14990,492,1201,,1201,1202
203,해운대,2026-04-30,목,승차,15927,542,783,,1424,1425
203,해운대,2026-04-30,목,하차,17765,489,1251,,1524,1525
203,해운대,2026-05-01,금,승차,18786,231,392,,1660,1661
203,해운대,2026-05-01,금,하차,20753,298,605,,1531,1532
203,해운대,2026-05-02,토,승차,25491,301,544,,2694,2695
203,해운대,2026-05-02,토,하차,27119,397,676,,1589,1590
203,해운대,2026-05-03,일,승차,16809,267,404,,1235,1236
203,해운대,2026-05-03,일,하차,17160,272,461,,1297,1298
203,해운대,2026-05-04,월,승차,21122,524,815,,1983,1984
203,해운대,2026-05-04,월,하차,21491,429,1190,,1713,1714
203,해운대,2026-05-05,화,승차,17233,265,386,,1430,1431
203,해운대,2026-05-05,화,하차,16458,347,543,,1016,1017
203,해운대,2026-05-06,수,승차,13885,603,771,,1240,1241
203,해운대,2026-05-06,수,하차,14337,529,1171,,1289,1290
203,해운대,2026-05-07,목,승차,13760,543,765,,1224,1225
203,해운대,2026-05-07,목,하차,14812,489,1223,,1355,1356
203,해운대,2026-05-08,금,승차,15649,545,808,,1393,1394
203,해운대,2026-05-08,금,하차,17048,523,1196,,1582,1583
203,해운대,2026-05-09,토,승차,18700,243,461,,1610,1611
203,해운대,2026-05-09,토,하차,20249,375,751,,1208,1209
203,해운대,2026-05-10,일,승차,16039,282,408,,1265,1266
203,해운대,2026-05-10,일,하차,15339,308,476,,996,997
203,해운대,2026-05-11,월,승차,14338,551,775,,1281,1282
203,해운대,2026-05-11,월,하차,14741,530,1210,,1231,1232
203,해운대,2026-05-12,화,승차,13576,582,754,,1110,1111
203,해운대,2026-05-12,화,하차,14210,484,1277,,1169,1170
203,해운대,2026-05-13,수,승차,14163,536,781,,1168,1169
203,해운대,2026-05-13,수,하차,14990,477,1279,,1383,1384
203,해운대,2026-05-14,목,승차,14465,556,741,,1298,1299
203,해운대,2026-05-14,목,하차,15440,488,1174,,1246,1247
203,해운대,2026-05-15,금,승차,18433,609,843,,1552,1553
203,해운대,2026-05-15,금,하차,19764,504,1269,,1843,1844
203,해운대,2026-05-16,토,승차,27976,273,547,,2365,2366
203,해운대,2026-05-16,토,하차,30458,378,761,,1940,1941
203,해운대,2026-05-17,일,승차,23275,243,415,,1633,1634
203,해운대,2026-05-17,일,하차,22501,316,632,,1519,1520
203,해운대,2026-05-18,월,승차,16567,618,824,,1421,1422
203,해운대,2026-05-18,월,하차,16765,507,1266,,1593,1594
203,해운대,2026-05-19,화,승차,14632,540,806,,1210,1211
203,해운대,2026-05-19,화,하차,15177,490,1213,,1339,1340
203,해운대,2026-05-20,수,승차,11874,537,771,,991,992
203,해운대,2026-05-20,수,하차,13058,478,1258,,1200,1201
203,해운대,2026-05-21,목,승차,13737,546,829,,1174,1175
203,해운대,2026-05-21,목,하차,14829,461,1229,,1322,1323
203,해운대,2026-05-22,금,승차,17188,641,968,,1485,1486
203,해운대,2026-05-22,금,하차,18323,489,1226,,1621,1622
203,해운대,2026-05-23,토,승차,20515,271,447,,1928,1929
203,해운대,2026-05-23,토,하차,23001,384,678,,1386,1387
203,해운대,2026-05-24,일,승차,22925,260,438,,1800,1801
203,해운대,2026-05-24,일,하차,23226,384,597,,1539,1540
203,해운대,2026-05-25,월,승차,18119,268,389,,1414,1415
203,해운대,2026-05-25,월,하차,16868,394,631,,1026,1027
203,해운대,2026-05-26,화,승차,13775,567,814,,1134,1135
203,해운대,2026-05-26,화,하차,14229,477,1194,,1195,1196
203,해운대,2026-05-27,수,승차,12757,522,789,,1181,1182
203,해운대,2026-05-27,수,하차,13680,447,1113,,1319,1320
203,해운대,2026-05-28,목,승차,14849,557,892,,1232,1233
203,해운대,2026-05-28,목,하차,15607,514,1185,,1342,1343
203,해운대,2026-05-29,금,승차,16846,575,931,,1464,1465
203,해운대,2026-05-29,금,하차,17566,574,1245,,1464,1465
203,해운대,2026-05-30,토,승차,18774,308,485,,1603,1604
203,해운대,2026-05-30,토,하차,20597,389,699,,1366,1367
203,해운대,2026-05-31,일,승차,15690,265,412,,1078,1079
203,해운대,2026-05-31,일,하차,15103,324,478,,966,967
203,해운대,2026-06-01,월,승차,14109,545,802,,1279,1280
203,해운대,2026-06-01,월,하차,14639,490,1228,,1258,1259
203,해운대,2026-06-02,화,승차,12912,536,701,,1141,1142
203,해운대,2026-06-02,화,하차,13642,450,1187,,1276,1277
203,해운대,2026-06-03,수,승차,14592,193,408,,1167,1168
203,해운대,2026-06-03,수,하차,15290,344,565,,945,946
203,해운대,2026-06-04,목,승차,14308,581,828,,1278,1279
203,해운대,2026-06-04,목,하차,15094,472,1177,,1304,1305
203,해운대,2026-06-05,금,승차,16543,539,850,,1466,1467
203,해운대,2026-06-05,금,하차,17836,463,1244,,1592,1593
203,해운대,2026-06-06,토,승차,20507,245,438,,1868,1869
203,해운대,2026-06-06,토,하차,21788,362,592,,1390,1391
203,해운대,2026-06-07,일,승차,14710,232,354,,888,889
203,해운대,2026-06-07,일,하차,13896,323,495,,878,879
203,해운대,2026-06-08,월,승차,13727,538,771,,1221,1222
203,해운대,2026-06-08,월,하차,14247,450,1218,,1281,1282
203,해운대,2026-06-09,화,승차,14496,553,807,,1112,1113
203,해운대,2026-06-09,화,하차,15376,498,1278,,1294,1295
203,해운대,2026-06-10,수,승차,15116,567,864,,1334,1335
203,해운대,2026-06-10,수,하차,16060,505,1244,,1325,1326
203,해운대,2026-06-11,목,승차,17544,567,866,,1489,1490
203,해운대,2026-06-11,목,하차,19349,502,1224,,1809,1810
203,해운대,2026-06-12,금,승차,23327,629,930,,1591,1592
203,해운대,2026-06-12,금,하차,23893,548,1299,,1699,1700
203,해운대,2026-06-13,토,승차,28931,353,631,,1980,1981
203,해운대,2026-06-13,토,하차,30700,413,829,,1632,1633
203,해운대,2026-06-14,일,승차,21165,470,687,,1664,1665
203,해운대,2026-06-14,일,하차,19296,355,582,,1254,1255
203,해운대,2026-06-15,월,승차,15323,616,884,,1344,1345
203,해운대,2026-06-15,월,하차,15859,508,1293,,1262,1263
203,해운대,2026-06-16,화,승차,14867,547,814,,1220,1221
203,해운대,2026-06-16,화,하차,15719,501,1265,,1247,1248
203,해운대,2026-06-17,수,승차,14660,597,773,,1277,1278
203,해운대,2026-06-17,수,하차,15436,450,1262,,1333,1334
203,해운대,2026-06-18,목,승차,14737,555,867,,1196,1197
203,해운대,2026-06-18,목,하차,15752,459,1216,,1240,1241
203,해운대,2026-06-19,금,승차,15661,587,799,,1441,1442
203,해운대,2026-06-19,금,하차,16881,511,1262,,1428,1429
203,해운대,2026-06-20,토,승차,17115,192,416,,1543,1544
203,해운대,2026-06-20,토,하차,18122,315,537,,1266,1267
203,해운대,2026-06-21,일,승차,15660,250,429,,1265,1266
203,해운대,2026-06-21,일,하차,15282,362,515,,966,967
203,해운대,2026-06-22,월,승차,14324,547,797,,1241,1242
203,해운대,2026-06-22,월,하차,15299,464,1193,,1301,1302
203,해운대,2026-06-23,화,승차,15068,538,727,,1296,1297
203,해운대,2026-06-23,화,하차,15949,503,1232,,1276,1277
203,해운대,2026-06-24,수,승차,14904,555,733,,1261,1262
203,해운대,2026-06-24,수,하차,15858,475,1193,,1369,1370
203,해운대,2026-06-25,목,승차,15855,506,819,,1356,1357
203,해운대,2026-06-25,목,하차,16442,495,1282,,1364,1365
203,해운대,2026-06-26,금,승차,18080,556,863,,1627,1628
203,해운대,2026-06-26,금,하차,18672,530,1274,,1482,1483
203,해운대,2026-06-27,토,승차,21379,268,518,,1977,1978
203,해운대,2026-06-27,토,하차,22849,361,701,,1371,1372
203,해운대,2026-06-28,일,승차,17490,231,329,,1297,1298
203,해운대,2026-06-28,일,하차,17165,336,535,,1009,1010
203,해운대,2026-06-29,월,승차,15917,530,798,,1457,1458
203,해운대,2026-06-29,월,하차,16649,500,1267,,1325,1326
203,해운대,2026-06-30,화,승차,15885,572,834,,1405,1406
203,해운대,2026-06-30,화,하차,16051,502,1295,,1282,1283
204,동백,2026-01-01,목,승차,4294,242,366,,269,270
204,동백,2026-01-01,목,하차,4464,371,171,,307,308
204,동백,2026-01-02,금,승차,6670,448,608,,576,577
204,동백,2026-01-02,금,하차,6952,298,612,,807,808
204,동백,2026-01-03,토,승차,5915,172,332,,358,359
204,동백,2026-01-03,토,하차,6035,146,211,,523,524
204,동백,2026-01-04,일,승차,4319,86,158,,266,267
204,동백,2026-01-04,일,하차,4439,94,136,,389,390
204,동백,2026-01-05,월,승차,7327,544,771,,607,608
204,동백,2026-01-05,월,하차,7508,292,672,,799,800
204,동백,2026-01-06,화,승차,7510,534,790,,649,650
204,동백,2026-01-06,화,하차,7639,321,650,,826,827
204,동백,2026-01-07,수,승차,7207,527,751,,632,633
204,동백,2026-01-07,수,하차,7411,286,691,,790,791
204,동백,2026-01-08,목,승차,6967,508,705,,636,637
204,동백,2026-01-08,목,하차,7276,294,648,,763,764
204,동백,2026-01-09,금,승차,7562,492,728,,671,672
204,동백,2026-01-09,금,하차,7790,318,679,,793,794
204,동백,2026-01-10,토,승차,5988,159,354,,290,291
204,동백,2026-01-10,토,하차,6269,142,256,,413,414
204,동백,2026-01-11,일,승차,4168,96,165,,255,256
204,동백,2026-01-11,일,하차,4225,99,159,,374,375
204,동백,2026-01-12,월,승차,7029,519,743,,597,598
204,동백,2026-01-12,월,하차,7249,289,652,,773,774
204,동백,2026-01-13,화,승차,7370,500,779,,633,634
204,동백,2026-01-13,화,하차,7640,292,648,,866,867
204,동백,2026-01-14,수,승차,7379,499,764,,647,648
204,동백,2026-01-14,수,하차,7347,276,631,,820,821
204,동백,2026-01-15,목,승차,7406,493,764,,665,666
204,동백,2026-01-15,목,하차,7669,279,641,,790,791
204,동백,2026-01-16,금,승차,7853,492,757,,716,717
204,동백,2026-01-16,금,하차,7941,277,656,,863,864
204,동백,2026-01-17,토,승차,6490,171,341,,404,405
204,동백,2026-01-17,토,하차,6854,148,265,,480,481
204,동백,2026-01-18,일,승차,4493,102,152,,258,259
204,동백,2026-01-18,일,하차,4829,108,160,,378,379
204,동백,2026-01-19,월,승차,7383,539,775,,627,628
204,동백,2026-01-19,월,하차,7529,282,672,,849,850
204,동백,2026-01-20,화,승차,7329,505,743,,664,665
204,동백,2026-01-20,화,하차,7390,259,682,,832,833
204,동백,2026-01-21,수,승차,6916,480,713,,629,630
204,동백,2026-01-21,수,하차,7020,271,642,,733,734
204,동백,2026-01-22,목,승차,6563,437,704,,596,597
204,동백,2026-01-22,목,하차,6811,252,596,,762,763
204,동백,2026-01-23,금,승차,7335,483,747,,670,671
204,동백,2026-01-23,금,하차,7369,282,603,,765,766
204,동백,2026-01-24,토,승차,6153,167,344,,388,389
204,동백,2026-01-24,토,하차,6597,161,245,,469,470
204,동백,2026-01-25,일,승차,4237,95,168,,286,287
204,동백,2026-01-25,일,하차,4376,113,161,,356,357
204,동백,2026-01-26,월,승차,7265,504,752,,583,584
204,동백,2026-01-26,월,하차,7396,290,660,,852,853
204,동백,2026-01-27,화,승차,7406,517,716,,623,624
204,동백,2026-01-27,화,하차,7458,304,626,,804,805
204,동백,2026-01-28,수,승차,7440,515,691,,665,666
204,동백,2026-01-28,수,하차,7393,288,646,,787,788
204,동백,2026-01-29,목,승차,7109,488,705,,616,617
204,동백,2026-01-29,목,하차,7274,287,625,,790,791
204,동백,2026-01-30,금,승차,7380,475,696,,667,668
204,동백,2026-01-30,금,하차,7381,290,628,,774,775
204,동백,2026-01-31,토,승차,6380,168,409,,359,360
204,동백,2026-01-31,토,하차,6594,136,269,,486,487
204,동백,2026-02-01,일,승차,4315,100,160,,249,250
204,동백,2026-02-01,일,하차,4459,99,141,,363,364
204,동백,2026-02-02,월,승차,7197,529,753,,639,640
204,동백,2026-02-02,월,하차,7357,303,700,,879,880
204,동백,2026-02-03,화,승차,7211,524,757,,663,664
204,동백,2026-02-03,화,하차,7389,281,682,,815,816
204,동백,2026-02-04,수,승차,7381,522,759,,626,627
204,동백,2026-02-04,수,하차,7483,314,683,,743,744
204,동백,2026-02-05,목,승차,7659,542,722,,686,687
204,동백,2026-02-05,목,하차,7808,300,653,,837,838
204,동백,2026-02-06,금,승차,7920,505,728,,641,642
204,동백,2026-02-06,금,하차,8073,270,723,,872,873
204,동백,2026-02-07,토,승차,6541,185,343,,367,368
204,동백,2026-02-07,토,하차,6992,143,293,,517,518
204,동백,2026-02-08,일,승차,4051,95,169,,273,274
204,동백,2026-02-08,일,하차,4274,91,131,,301,302
204,동백,2026-02-09,월,승차,7450,526,745,,665,666
204,동백,2026-02-09,월,하차,7453,276,701,,844,845
204,동백,2026-02-10,화,승차,7363,512,809,,650,651
204,동백,2026-02-10,화,하차,7421,280,661,,790,791
204,동백,2026-02-11,수,승차,7709,520,783,,673,674
204,동백,2026-02-11,수,하차,7771,261,700,,852,853
204,동백,2026-02-12,목,승차,7805,527,743,,682,683
204,동백,2026-02-12,목,하차,7876,282,671,,820,821
204,동백,2026-02-13,금,승차,8126,494,738,,647,648
204,동백,2026-02-13,금,하차,8245,281,695,,858,859
204,동백,2026-02-14,토,승차,6516,163,338,,446,447
204,동백,2026-02-14,토,하차,6790,161,253,,458,459
204,동백,2026-02-15,일,승차,5333,105,156,,378,379
204,동백,2026-02-15,일,하차,5371,116,149,,487,488
204,동백,2026-02-16,월,승차,4170,89,123,,294,295
204,동백,2026-02-16,월,하차,4224,110,129,,325,326
204,동백,2026-02-17,화,승차,3060,65,102,,256,257
204,동백,2026-02-17,화,하차,3202,89,116,,222,223
204,동백,2026-02-18,수,승차,4448,89,143,,297,298
204,동백,2026-02-18,수,하차,4640,110,116,,369,370
204,동백,2026-02-19,목,승차,7431,484,675,,655,656
204,동백,2026-02-19,목,하차,7552,289,611,,847,848
204,동백,2026-02-20,금,승차,8147,504,743,,723,724
204,동백,2026-02-20,금,하차,8045,294,673,,866,867
204,동백,2026-02-21,토,승차,6621,199,350,,452,453
204,동백,2026-02-21,토,하차,6909,178,275,,544,545
204,동백,2026-02-22,일,승차,4646,109,178,,298,299
204,동백,2026-02-22,일,하차,4916,109,162,,425,426
204,동백,2026-02-23,월,승차,7607,503,776,,696,697
204,동백,2026-02-23,월,하차,7883,338,682,,897,898
204,동백,2026-02-24,화,승차,6673,532,792,,537,538
204,동백,2026-02-24,화,하차,6897,289,636,,762,763
204,동백,2026-02-25,수,승차,7555,531,727,,714,715
204,동백,2026-02-25,수,하차,7570,272,643,,756,757
204,동백,2026-02-26,목,승차,7675,522,741,,652,653
204,동백,2026-02-26,목,하차,7689,290,610,,826,827
204,동백,2026-02-27,금,승차,7386,486,713,,655,656
204,동백,2026-02-27,금,하차,7505,300,621,,863,864
204,동백,2026-02-28,토,승차,6753,183,360,,409,410
204,동백,2026-02-28,토,하차,7096,161,275,,510,511
204,동백,2026-03-01,일,승차,4844,81,160,,301,302
204,동백,2026-03-01,일,하차,5039,111,167,,439,440
204,동백,2026-03-02,월,승차,3745,129,211,,197,198
204,동백,2026-03-02,월,하차,3814,120,180,,315,316
204,동백,2026-03-03,화,승차,7265,633,826,,597,598
204,동백,2026-03-03,화,하차,7436,326,618,,806,807
204,동백,2026-03-04,수,승차,7266,597,828,,624,625
204,동백,2026-03-04,수,하차,7523,323,648,,824,825
204,동백,2026-03-05,목,승차,7255,595,789,,625,626
204,동백,2026-03-05,목,하차,7430,323,624,,775,776
204,동백,2026-03-06,금,승차,7719,582,759,,687,688
204,동백,2026-03-06,금,하차,7706,334,648,,841,842
204,동백,2026-03-07,토,승차,6403,204,359,,370,371
204,동백,2026-03-07,토,하차,6541,174,260,,461,462
204,동백,2026-03-08,일,승차,4394,99,190,,254,255
204,동백,2026-03-08,일,하차,4775,116,168,,375,376
204,동백,2026-03-09,월,승차,7477,645,816,,623,624
204,동백,2026-03-09,월,하차,7549,320,662,,780,781
204,동백,2026-03-10,화,승차,7482,607,841,,645,646
204,동백,2026-03-10,화,하차,7773,330,673,,883,884
204,동백,2026-03-11,수,승차,7570,624,823,,654,655
204,동백,2026-03-11,수,하차,7743,322,663,,824,825
204,동백,2026-03-12,목,승차,7384,646,788,,610,611
204,동백,2026-03-12,목,하차,7451,299,662,,761,762
204,동백,2026-03-13,금,승차,7606,575,802,,645,646
204,동백,2026-03-13,금,하차,7756,329,660,,834,835
204,동백,2026-03-14,토,승차,7167,205,388,,406,407
204,동백,2026-03-14,토,하차,7151,146,270,,520,521
204,동백,2026-03-15,일,승차,4651,104,206,,254,255
204,동백,2026-03-15,일,하차,4923,112,178,,360,361
204,동백,2026-03-16,월,승차,7392,641,818,,634,635
204,동백,2026-03-16,월,하차,7554,334,686,,869,870
204,동백,2026-03-17,화,승차,7637,636,804,,638,639
204,동백,2026-03-17,화,하차,7864,353,637,,848,849
204,동백,2026-03-18,수,승차,6844,589,796,,581,582
204,동백,2026-03-18,수,하차,6947,300,641,,770,771
204,동백,2026-03-19,목,승차,7704,618,840,,683,684
204,동백,2026-03-19,목,하차,7908,334,638,,826,827
204,동백,2026-03-20,금,승차,8067,606,840,,667,668
204,동백,2026-03-20,금,하차,8209,339,699,,842,843
204,동백,2026-03-21,토,승차,7018,224,353,,457,458
204,동백,2026-03-21,토,하차,7434,207,318,,534,535
204,동백,2026-03-22,일,승차,4870,147,236,,270,271
204,동백,2026-03-22,일,하차,4993,121,171,,380,381
204,동백,2026-03-23,월,승차,7534,645,831,,641,642
204,동백,2026-03-23,월,하차,7670,344,670,,845,846
204,동백,2026-03-24,화,승차,7580,623,843,,663,664
204,동백,2026-03-24,화,하차,7726,345,638,,853,854
204,동백,2026-03-25,수,승차,7497,591,815,,678,679
204,동백,2026-03-25,수,하차,7589,329,672,,774,775
204,동백,2026-03-26,목,승차,7995,624,813,,710,711
204,동백,2026-03-26,목,하차,8173,309,672,,830,831
204,동백,2026-03-27,금,승차,8539,592,844,,772,773
204,동백,2026-03-27,금,하차,8629,352,700,,839,840
204,동백,2026-03-28,토,승차,8084,208,410,,470,471
204,동백,2026-03-28,토,하차,8198,181,298,,561,562
204,동백,2026-03-29,일,승차,6097,113,206,,403,404
204,동백,2026-03-29,일,하차,6256,129,219,,452,453
204,동백,2026-03-30,월,승차,7695,669,841,,571,572
204,동백,2026-03-30,월,하차,7855,342,685,,849,850
204,동백,2026-03-31,화,승차,7887,637,827,,666,667
204,동백,2026-03-31,화,하차,8086,322,682,,840,841
204,동백,2026-04-01,수,승차,8056,627,813,,646,647
204,동백,2026-04-01,수,하차,8135,334,694,,852,853
204,동백,2026-04-02,목,승차,8325,625,807,,712,713
204,동백,2026-04-02,목,하차,8721,339,680,,926,927
204,동백,2026-04-03,금,승차,8807,641,824,,765,766
204,동백,2026-04-03,금,하차,8906,359,712,,879,880
204,동백,2026-04-04,토,승차,6378,182,294,,430,431
204,동백,2026-04-04,토,하차,6567,172,246,,525,526
204,동백,2026-04-05,일,승차,6180,196,284,,368,369
204,동백,2026-04-05,일,하차,6271,138,206,,445,446
204,동백,2026-04-06,월,승차,7723,709,834,,657,658
204,동백,2026-04-06,월,하차,7708,347,694,,888,889
204,동백,2026-04-07,화,승차,7926,648,815,,676,677
204,동백,2026-04-07,화,하차,8229,339,702,,874,875
204,동백,2026-04-08,수,승차,8047,644,858,,679,680
204,동백,2026-04-08,수,하차,8189,334,722,,898,899
204,동백,2026-04-09,목,승차,6556,612,778,,534,535
204,동백,2026-04-09,목,하차,6875,321,685,,742,743
204,동백,2026-04-10,금,승차,8426,630,835,,733,734
204,동백,2026-04-10,금,하차,8543,357,743,,882,883
204,동백,2026-04-11,토,승차,7346,226,396,,426,427
204,동백,2026-04-11,토,하차,7375,193,292,,525,526
204,동백,2026-04-12,일,승차,4925,101,236,,297,298
204,동백,2026-04-12,일,하차,5187,116,200,,389,390
204,동백,2026-04-13,월,승차,7689,673,818,,613,614
204,동백,2026-04-13,월,하차,7811,362,687,,886,887
204,동백,2026-04-14,화,승차,7800,660,964,,631,632
204,동백,2026-04-14,화,하차,7874,337,699,,891,892
204,동백,2026-04-15,수,승차,7923,610,887,,670,671
204,동백,2026-04-15,수,하차,8134,350,713,,907,908
204,동백,2026-04-16,목,승차,7928,632,792,,658,659
204,동백,2026-04-16,목,하차,8059,339,739,,828,829
204,동백,2026-04-17,금,승차,7807,613,781,,622,623
204,동백,2026-04-17,금,하차,8128,320,753,,822,823
204,동백,2026-04-18,토,승차,7112,199,338,,381,382
204,동백,2026-04-18,토,하차,7326,191,345,,519,520
204,동백,2026-04-19,일,승차,4914,109,187,,288,289
204,동백,2026-04-19,일,하차,5043,107,178,,342,343
204,동백,2026-04-20,월,승차,7572,646,822,,566,567
204,동백,2026-04-20,월,하차,7717,342,751,,848,849
204,동백,2026-04-21,화,승차,7860,662,826,,647,648
204,동백,2026-04-21,화,하차,8083,333,677,,899,900
204,동백,2026-04-22,수,승차,7591,652,863,,604,605
204,동백,2026-04-22,수,하차,7949,340,750,,826,827
204,동백,2026-04-23,목,승차,7564,627,828,,640,641
204,동백,2026-04-23,목,하차,7860,346,698,,795,796
204,동백,2026-04-24,금,승차,8340,659,805,,700,701
204,동백,2026-04-24,금,하차,8680,434,738,,879,880
204,동백,2026-04-25,토,승차,7436,243,370,,443,444
204,동백,2026-04-25,토,하차,7611,187,305,,499,500
204,동백,2026-04-26,일,승차,4989,95,198,,275,276
204,동백,2026-04-26,일,하차,5174,149,206,,376,377
204,동백,2026-04-27,월,승차,8101,676,855,,672,673
204,동백,2026-04-27,월,하차,8178,365,785,,934,935
204,동백,2026-04-28,화,승차,7820,642,837,,610,611
204,동백,2026-04-28,화,하차,8115,346,710,,906,907
204,동백,2026-04-29,수,승차,8038,656,813,,637,638
204,동백,2026-04-29,수,하차,8290,379,761,,890,891
204,동백,2026-04-30,목,승차,8162,596,833,,684,685
204,동백,2026-04-30,목,하차,8554,354,645,,881,882
204,동백,2026-05-01,금,승차,6499,153,260,,483,484
204,동백,2026-05-01,금,하차,6468,162,232,,539,540
204,동백,2026-05-02,토,승차,8169,219,376,,549,550
204,동백,2026-05-02,토,하차,8249,184,287,,559,560
204,동백,2026-05-03,일,승차,4648,89,167,,322,323
204,동백,2026-05-03,일,하차,4751,115,157,,408,409
204,동백,2026-05-04,월,승차,8623,530,694,,671,672
204,동백,2026-05-04,월,하차,8575,312,659,,943,944
204,동백,2026-05-05,화,승차,5822,135,203,,360,361
204,동백,2026-05-05,화,하차,5818,161,246,,492,493
204,동백,2026-05-06,수,승차,7912,666,864,,678,679
204,동백,2026-05-06,수,하차,8333,361,732,,880,881
204,동백,2026-05-07,목,승차,7969,641,868,,721,722
204,동백,2026-05-07,목,하차,8186,337,718,,923,924
204,동백,2026-05-08,금,승차,8246,589,831,,713,714
204,동백,2026-05-08,금,하차,8558,376,788,,972,973
204,동백,2026-05-09,토,승차,7200,204,410,,451,452
204,동백,2026-05-09,토,하차,7539,186,312,,519,520
204,동백,2026-05-10,일,승차,5387,174,226,,291,292
204,동백,2026-05-10,일,하차,5676,155,199,,430,431
204,동백,2026-05-11,월,승차,7929,666,883,,605,606
204,동백,2026-05-11,월,하차,8066,374,752,,909,910
204,동백,2026-05-12,화,승차,7688,658,838,,640,641
204,동백,2026-05-12,화,하차,7824,370,709,,858,859
204,동백,2026-05-13,수,승차,8007,643,885,,656,657
204,동백,2026-05-13,수,하차,8170,362,727,,902,903
204,동백,2026-05-14,목,승차,7957,618,862,,679,680
204,동백,2026-05-14,목,하차,8136,365,684,,886,887
204,동백,2026-05-15,금,승차,8692,638,880,,683,684
204,동백,2026-05-15,금,하차,8927,373,768,,925,926
204,동백,2026-05-16,토,승차,7804,233,409,,471,472
204,동백,2026-05-16,토,하차,8016,201,288,,513,514
204,동백,2026-05-17,일,승차,5633,123,215,,281,282
204,동백,2026-05-17,일,하차,5663,146,197,,407,408
204,동백,2026-05-18,월,승차,7858,650,894,,687,688
204,동백,2026-05-18,월,하차,7921,368,733,,902,903
204,동백,2026-05-19,화,승차,8072,657,896,,707,708
204,동백,2026-05-19,화,하차,8133,358,720,,894,895
204,동백,2026-05-20,수,승차,7097,618,866,,610,611
204,동백,2026-05-20,수,하차,7137,359,721,,790,791
204,동백,2026-05-21,목,승차,7972,647,895,,673,674
204,동백,2026-05-21,목,하차,8097,368,740,,836,837
204,동백,2026-05-22,금,승차,8647,653,921,,678,679
204,동백,2026-05-22,금,하차,8898,392,735,,924,925
204,동백,2026-05-23,토,승차,7322,239,404,,451,452
204,동백,2026-05-23,토,하차,7253,161,303,,482,483
204,동백,2026-05-24,일,승차,6083,137,202,,380,381
204,동백,2026-05-24,일,하차,6112,148,189,,497,498
204,동백,2026-05-25,월,승차,5514,159,285,,344,345
204,동백,2026-05-25,월,하차,5808,147,227,,475,476
204,동백,2026-05-26,화,승차,7688,652,841,,666,667
204,동백,2026-05-26,화,하차,7793,377,724,,840,841
204,동백,2026-05-27,수,승차,7082,561,778,,653,654
204,동백,2026-05-27,수,하차,7246,334,694,,787,788
204,동백,2026-05-28,목,승차,8036,634,863,,665,666
204,동백,2026-05-28,목,하차,8175,350,696,,867,868
204,동백,2026-05-29,금,승차,8381,613,816,,702,703
204,동백,2026-05-29,금,하차,8680,368,733,,886,887
204,동백,2026-05-30,토,승차,7222,216,417,,449,450
204,동백,2026-05-30,토,하차,7453,199,301,,540,541
204,동백,2026-05-31,일,승차,5173,124,180,,323,324
204,동백,2026-05-31,일,하차,5194,137,212,,418,419
204,동백,2026-06-01,월,승차,7711,665,861,,675,676
204,동백,2026-06-01,월,하차,7848,369,721,,887,888
204,동백,2026-06-02,화,승차,6957,575,765,,632,633
204,동백,2026-06-02,화,하차,7091,323,678,,859,860
204,동백,2026-06-03,수,승차,5683,177,289,,337,338
204,동백,2026-06-03,수,하차,5898,163,246,,442,443
204,동백,2026-06-04,목,승차,7795,610,838,,649,650
204,동백,2026-06-04,목,하차,8066,357,680,,862,863
204,동백,2026-06-05,금,승차,8280,595,855,,673,674
204,동백,2026-06-05,금,하차,8464,369,743,,875,876
204,동백,2026-06-06,토,승차,6387,150,263,,406,407
204,동백,2026-06-06,토,하차,6714,160,215,,549,550
204,동백,2026-06-07,일,승차,4583,106,164,,279,280
204,동백,2026-06-07,일,하차,4706,134,154,,312,313
204,동백,2026-06-08,월,승차,7474,602,832,,639,640
204,동백,2026-06-08,월,하차,7401,374,697,,823,824
204,동백,2026-06-09,화,승차,7828,617,821,,672,673
204,동백,2026-06-09,화,하차,7992,359,730,,852,853
204,동백,2026-06-10,수,승차,8222,611,859,,670,671
204,동백,2026-06-10,수,하차,8585,344,735,,920,921
204,동백,2026-06-11,목,승차,8607,615,821,,751,752
204,동백,2026-06-11,목,하차,9121,359,707,,1125,1126
204,동백,2026-06-12,금,승차,9643,606,838,,739,740
204,동백,2026-06-12,금,하차,9705,363,705,,989,990
204,동백,2026-06-13,토,승차,9017,238,418,,551,552
204,동백,2026-06-13,토,하차,8980,204,313,,683,684
204,동백,2026-06-14,일,승차,5883,138,209,,380,381
204,동백,2026-06-14,일,하차,6089,137,185,,492,493
204,동백,2026-06-15,월,승차,7832,637,848,,623,624
204,동백,2026-06-15,월,하차,8028,374,734,,914,915
204,동백,2026-06-16,화,승차,7703,598,839,,630,631
204,동백,2026-06-16,화,하차,7928,374,690,,872,873
204,동백,2026-06-17,수,승차,7788,596,832,,664,665
204,동백,2026-06-17,수,하차,8056,375,733,,844,845
204,동백,2026-06-18,목,승차,7832,609,827,,612,613
204,동백,2026-06-18,목,하차,7950,356,685,,848,849
204,동백,2026-06-19,금,승차,7719,582,838,,643,644
204,동백,2026-06-19,금,하차,7945,364,732,,819,820
204,동백,2026-06-20,토,승차,5995,161,286,,398,399
204,동백,2026-06-20,토,하차,6218,166,234,,460,461
204,동백,2026-06-21,일,승차,4967,112,184,,252,253
204,동백,2026-06-21,일,하차,5022,122,200,,363,364
204,동백,2026-06-22,월,승차,7585,604,814,,623,624
204,동백,2026-06-22,월,하차,7814,366,705,,843,844
204,동백,2026-06-23,화,승차,7852,626,851,,654,655
204,동백,2026-06-23,화,하차,8102,377,729,,845,846
204,동백,2026-06-24,수,승차,7642,647,788,,647,648
204,동백,2026-06-24,수,하차,7680,372,704,,766,767
204,동백,2026-06-25,목,승차,7948,603,854,,627,628
204,동백,2026-06-25,목,하차,8206,401,698,,879,880
204,동백,2026-06-26,금,승차,8711,586,794,,702,703
204,동백,2026-06-26,금,하차,8734,365,700,,951,952
204,동백,2026-06-27,토,승차,7223,208,404,,368,369
204,동백,2026-06-27,토,하차,7528,199,284,,517,518
204,동백,2026-06-28,일,승차,5226,105,211,,324,325
204,동백,2026-06-28,일,하차,5559,136,204,,414,415
204,동백,2026-06-29,월,승차,7929,620,843,,633,634
204,동백,2026-06-29,월,하차,8139,351,736,,914,915
204,동백,2026-06-30,화,승차,8136,631,844,,683,684
204,동백,2026-06-30,화,하차,8178,359,731,,786,787
205,벡스코,2026-01-01,목,승차,6113,457,223,,347,348
205,벡스코,2026-01-01,목,하차,5775,193,689,,333,334
205,벡스코,2026-01-02,금,승차,10817,777,1020,,843,844
205,벡스코,2026-01-02,금,하차,9754,405,613,,1096,1097
205,벡스코,2026-01-03,토,승차,9244,232,426,,547,548
205,벡스코,2026-01-03,토,하차,8895,221,379,,492,493
205,벡스코,2026-01-04,일,승차,9102,153,310,,457,458
205,벡스코,2026-01-04,일,하차,8864,181,525,,411,412
205,벡스코,2026-01-05,월,승차,10504,865,1203,,711,712
205,벡스코,2026-01-05,월,하차,9456,456,676,,1024,1025
205,벡스코,2026-01-06,화,승차,10961,799,1185,,835,836
205,벡스코,2026-01-06,화,하차,10121,446,749,,1051,1052
205,벡스코,2026-01-07,수,승차,10867,784,1204,,810,811
205,벡스코,2026-01-07,수,하차,9746,435,695,,1000,1001
205,벡스코,2026-01-08,목,승차,10632,797,1153,,792,793
205,벡스코,2026-01-08,목,하차,9608,454,739,,938,939
205,벡스코,2026-01-09,금,승차,11686,788,1160,,898,899
205,벡스코,2026-01-09,금,하차,10659,453,766,,1190,1191
205,벡스코,2026-01-10,토,승차,11207,226,452,,623,624
205,벡스코,2026-01-10,토,하차,11267,236,581,,654,655
205,벡스코,2026-01-11,일,승차,9328,152,323,,473,474
205,벡스코,2026-01-11,일,하차,9357,191,636,,515,516
205,벡스코,2026-01-12,월,승차,10394,769,1201,,710,711
205,벡스코,2026-01-12,월,하차,9426,412,673,,1084,1085
205,벡스코,2026-01-13,화,승차,11194,811,1142,,874,875
205,벡스코,2026-01-13,화,하차,10301,462,744,,1122,1123
205,벡스코,2026-01-14,수,승차,10754,794,1172,,784,785
205,벡스코,2026-01-14,수,하차,9696,421,691,,1037,1038
205,벡스코,2026-01-15,목,승차,10894,723,1219,,787,788
205,벡스코,2026-01-15,목,하차,9876,438,759,,1011,1012
205,벡스코,2026-01-16,금,승차,12013,824,1231,,885,886
205,벡스코,2026-01-16,금,하차,10849,472,714,,1165,1166
205,벡스코,2026-01-17,토,승차,10168,274,430,,576,577
205,벡스코,2026-01-17,토,하차,9706,200,452,,575,576
205,벡스코,2026-01-18,일,승차,9228,164,333,,505,506
205,벡스코,2026-01-18,일,하차,9033,160,617,,471,472
205,벡스코,2026-01-19,월,승차,10529,637,1200,,724,725
205,벡스코,2026-01-19,월,하차,9780,430,710,,1042,1043
205,벡스코,2026-01-20,화,승차,10550,671,1187,,804,805
205,벡스코,2026-01-20,화,하차,9894,432,717,,1068,1069
205,벡스코,2026-01-21,수,승차,10262,666,1143,,753,754
205,벡스코,2026-01-21,수,하차,9350,395,691,,970,971
205,벡스코,2026-01-22,목,승차,9795,630,1086,,732,733
205,벡스코,2026-01-22,목,하차,9091,419,690,,959,960
205,벡스코,2026-01-23,금,승차,11256,678,1071,,923,924
205,벡스코,2026-01-23,금,하차,10545,390,721,,1075,1076
205,벡스코,2026-01-24,토,승차,9952,247,440,,643,644
205,벡스코,2026-01-24,토,하차,9957,186,432,,566,567
205,벡스코,2026-01-25,일,승차,9326,146,319,,557,558
205,벡스코,2026-01-25,일,하차,9179,174,552,,628,629
205,벡스코,2026-01-26,월,승차,10373,671,1143,,746,747
205,벡스코,2026-01-26,월,하차,9385,416,685,,1056,1057
205,벡스코,2026-01-27,화,승차,10779,684,1149,,843,844
205,벡스코,2026-01-27,화,하차,9967,442,747,,1013,1014
205,벡스코,2026-01-28,수,승차,10687,724,1124,,804,805
205,벡스코,2026-01-28,수,하차,9599,437,721,,992,993
205,벡스코,2026-01-29,목,승차,10079,632,1122,,726,727
205,벡스코,2026-01-29,목,하차,9294,415,693,,935,936
205,벡스코,2026-01-30,금,승차,11217,664,1118,,890,891
205,벡스코,2026-01-30,금,하차,10368,419,694,,1052,1053
205,벡스코,2026-01-31,토,승차,9819,255,479,,570,571
205,벡스코,2026-01-31,토,하차,9444,211,436,,538,539
205,벡스코,2026-02-01,일,승차,8959,181,311,,533,534
205,벡스코,2026-02-01,일,하차,8776,163,551,,537,538
205,벡스코,2026-02-02,월,승차,10469,756,1222,,755,756
205,벡스코,2026-02-02,월,하차,9643,449,727,,1090,1091
205,벡스코,2026-02-03,화,승차,10823,749,1171,,773,774
205,벡스코,2026-02-03,화,하차,9994,456,753,,1053,1054
205,벡스코,2026-02-04,수,승차,10895,729,1214,,767,768
205,벡스코,2026-02-04,수,하차,9950,445,737,,1097,1098
205,벡스코,2026-02-05,목,승차,11237,774,1177,,896,897
205,벡스코,2026-02-05,목,하차,10258,467,745,,1041,1042
205,벡스코,2026-02-06,금,승차,13225,695,1142,,961,962
205,벡스코,2026-02-06,금,하차,12807,468,735,,1181,1182
205,벡스코,2026-02-07,토,승차,11722,259,492,,595,596
205,벡스코,2026-02-07,토,하차,11701,239,452,,526,527
205,벡스코,2026-02-08,일,승차,9531,168,322,,466,467
205,벡스코,2026-02-08,일,하차,9689,159,544,,503,504
205,벡스코,2026-02-09,월,승차,10866,688,1196,,776,777
205,벡스코,2026-02-09,월,하차,10026,430,706,,1043,1044
205,벡스코,2026-02-10,화,승차,10954,722,1166,,845,846
205,벡스코,2026-02-10,화,하차,10178,474,742,,1029,1030
205,벡스코,2026-02-11,수,승차,10647,725,1121,,720,721
205,벡스코,2026-02-11,수,하차,9947,434,746,,987,988
205,벡스코,2026-02-12,목,승차,11167,747,1130,,818,819
205,벡스코,2026-02-12,목,하차,10188,429,740,,1038,1039
205,벡스코,2026-02-13,금,승차,12842,682,1163,,846,847
205,벡스코,2026-02-13,금,하차,11959,433,753,,1096,1097
205,벡스코,2026-02-14,토,승차,10517,246,454,,580,581
205,벡스코,2026-02-14,토,하차,9889,202,431,,494,495
205,벡스코,2026-02-15,일,승차,9414,140,291,,566,567
205,벡스코,2026-02-15,일,하차,8656,189,522,,509,510
205,벡스코,2026-02-16,월,승차,5803,142,176,,412,413
205,벡스코,2026-02-16,월,하차,5394,140,217,,371,372
205,벡스코,2026-02-17,화,승차,4652,98,139,,371,372
205,벡스코,2026-02-17,화,하차,3915,114,152,,257,258
205,벡스코,2026-02-18,수,승차,6801,139,187,,497,498
205,벡스코,2026-02-18,수,하차,5880,144,195,,469,470
205,벡스코,2026-02-19,목,승차,10973,684,1072,,834,835
205,벡스코,2026-02-19,목,하차,9935,388,673,,1090,1091
205,벡스코,2026-02-20,금,승차,12183,662,1168,,946,947
205,벡스코,2026-02-20,금,하차,11367,420,714,,1179,1180
205,벡스코,2026-02-21,토,승차,10612,274,496,,624,625
205,벡스코,2026-02-21,토,하차,10022,274,678,,615,616
205,벡스코,2026-02-22,일,승차,9795,161,354,,524,525
205,벡스코,2026-02-22,일,하차,9736,194,613,,659,660
205,벡스코,2026-02-23,월,승차,11392,717,1250,,825,826
205,벡스코,2026-02-23,월,하차,10480,469,720,,1134,1135
205,벡스코,2026-02-24,화,승차,10572,707,1120,,768,769
205,벡스코,2026-02-24,화,하차,9918,455,767,,1069,1070
205,벡스코,2026-02-25,수,승차,10845,709,1141,,848,849
205,벡스코,2026-02-25,수,하차,10222,381,735,,1044,1045
205,벡스코,2026-02-26,목,승차,12013,721,1160,,937,938
205,벡스코,2026-02-26,목,하차,11383,461,938,,1052,1053
205,벡스코,2026-02-27,금,승차,11692,655,1132,,862,863
205,벡스코,2026-02-27,금,하차,11031,430,725,,1177,1178
205,벡스코,2026-02-28,토,승차,10359,284,506,,587,588
205,벡스코,2026-02-28,토,하차,9558,231,509,,572,573
205,벡스코,2026-03-01,일,승차,10248,169,352,,656,657
205,벡스코,2026-03-01,일,하차,9391,192,597,,617,618
205,벡스코,2026-03-02,월,승차,6081,234,337,,335,336
205,벡스코,2026-03-02,월,하차,5501,184,250,,432,433
205,벡스코,2026-03-03,화,승차,11719,891,1357,,870,871
205,벡스코,2026-03-03,화,하차,10823,600,840,,1176,1177
205,벡스코,2026-03-04,수,승차,11408,927,1301,,800,801
205,벡스코,2026-03-04,수,하차,10536,567,825,,1127,1128
205,벡스코,2026-03-05,목,승차,11624,902,1332,,836,837
205,벡스코,2026-03-05,목,하차,10888,619,887,,1040,1041
205,벡스코,2026-03-06,금,승차,11977,870,1274,,951,952
205,벡스코,2026-03-06,금,하차,11590,570,848,,1123,1124
205,벡스코,2026-03-07,토,승차,10616,278,524,,631,632
205,벡스코,2026-03-07,토,하차,10150,253,582,,568,569
205,벡스코,2026-03-08,일,승차,9873,177,339,,519,520
205,벡스코,2026-03-08,일,하차,9288,198,633,,575,576
205,벡스코,2026-03-09,월,승차,11603,924,1368,,840,841
205,벡스코,2026-03-09,월,하차,10607,638,978,,1108,1109
205,벡스코,2026-03-10,화,승차,11912,882,1382,,926,927
205,벡스코,2026-03-10,화,하차,10988,615,954,,1213,1214
205,벡스코,2026-03-11,수,승차,11735,853,1372,,794,795
205,벡스코,2026-03-11,수,하차,10787,606,921,,1070,1071
205,벡스코,2026-03-12,목,승차,11981,895,1345,,897,898
205,벡스코,2026-03-12,목,하차,11393,603,946,,1141,1142
205,벡스코,2026-03-13,금,승차,12551,830,1264,,978,979
205,벡스코,2026-03-13,금,하차,12203,594,872,,1241,1242
205,벡스코,2026-03-14,토,승차,11058,298,573,,717,718
205,벡스코,2026-03-14,토,하차,10822,263,443,,639,640
205,벡스코,2026-03-15,일,승차,9965,167,368,,610,611
205,벡스코,2026-03-15,일,하차,9614,184,615,,504,505
205,벡스코,2026-03-16,월,승차,11450,880,1351,,826,827
205,벡스코,2026-03-16,월,하차,10397,632,888,,1135,1136
205,벡스코,2026-03-17,화,승차,12070,940,1376,,835,836
205,벡스코,2026-03-17,화,하차,11060,629,917,,1119,1120
205,벡스코,2026-03-18,수,승차,10979,824,1358,,760,761
205,벡스코,2026-03-18,수,하차,10266,573,866,,1067,1068
205,벡스코,2026-03-19,목,승차,12543,953,1360,,877,878
205,벡스코,2026-03-19,목,하차,11851,644,1042,,1011,1012
205,벡스코,2026-03-20,금,승차,12809,804,1370,,915,916
205,벡스코,2026-03-20,금,하차,12345,577,877,,1091,1092
205,벡스코,2026-03-21,토,승차,10830,308,513,,678,679
205,벡스코,2026-03-21,토,하차,10031,265,544,,585,586
205,벡스코,2026-03-22,일,승차,10679,206,395,,596,597
205,벡스코,2026-03-22,일,하차,9951,564,766,,466,467
205,벡스코,2026-03-23,월,승차,11784,910,1337,,829,830
205,벡스코,2026-03-23,월,하차,10789,600,926,,1171,1172
205,벡스코,2026-03-24,화,승차,11967,917,1335,,857,858
205,벡스코,2026-03-24,화,하차,11104,615,964,,1213,1214
205,벡스코,2026-03-25,수,승차,11529,842,1333,,821,822
205,벡스코,2026-03-25,수,하차,10536,585,880,,1089,1090
205,벡스코,2026-03-26,목,승차,11509,900,1295,,778,779
205,벡스코,2026-03-26,목,하차,10701,600,891,,1022,1023
205,벡스코,2026-03-27,금,승차,13050,879,1291,,979,980
205,벡스코,2026-03-27,금,하차,12622,591,912,,1245,1246
205,벡스코,2026-03-28,토,승차,12985,303,568,,737,738
205,벡스코,2026-03-28,토,하차,12363,306,666,,652,653
205,벡스코,2026-03-29,일,승차,11177,211,401,,490,491
205,벡스코,2026-03-29,일,하차,10585,254,718,,489,490
205,벡스코,2026-03-30,월,승차,11952,1009,1376,,817,818
205,벡스코,2026-03-30,월,하차,10800,625,955,,1126,1127
205,벡스코,2026-03-31,화,승차,11884,968,1337,,830,831
205,벡스코,2026-03-31,화,하차,10794,656,922,,1110,1111
205,벡스코,2026-04-01,수,승차,11871,949,1407,,833,834
205,벡스코,2026-04-01,수,하차,10854,605,891,,1116,1117
205,벡스코,2026-04-02,목,승차,12908,964,1375,,982,983
205,벡스코,2026-04-02,목,하차,12103,643,1000,,1102,1103
205,벡스코,2026-04-03,금,승차,13192,901,1320,,976,977
205,벡스코,2026-04-03,금,하차,12726,627,941,,1193,1194
205,벡스코,2026-04-04,토,승차,9508,281,474,,652,653
205,벡스코,2026-04-04,토,하차,9117,248,479,,583,584
205,벡스코,2026-04-05,일,승차,11454,220,502,,603,604
205,벡스코,2026-04-05,일,하차,12671,697,1375,,537,538
205,벡스코,2026-04-06,월,승차,11363,974,1348,,806,807
205,벡스코,2026-04-06,월,하차,10373,623,903,,1146,1147
205,벡스코,2026-04-07,화,승차,12152,902,1418,,961,962
205,벡스코,2026-04-07,화,하차,11121,632,963,,1219,1220
205,벡스코,2026-04-08,수,승차,12314,979,1417,,931,932
205,벡스코,2026-04-08,수,하차,11292,636,987,,1139,1140
205,벡스코,2026-04-09,목,승차,11157,925,1350,,867,868
205,벡스코,2026-04-09,목,하차,10487,598,969,,1097,1098
205,벡스코,2026-04-10,금,승차,13035,880,1335,,949,950
205,벡스코,2026-04-10,금,하차,12421,586,1045,,1155,1156
205,벡스코,2026-04-11,토,승차,11195,307,538,,648,649
205,벡스코,2026-04-11,토,하차,10608,297,592,,565,566
205,벡스코,2026-04-12,일,승차,9939,182,411,,549,550
205,벡스코,2026-04-12,일,하차,9748,227,709,,475,476
205,벡스코,2026-04-13,월,승차,11917,901,1380,,829,830
205,벡스코,2026-04-13,월,하차,10928,625,961,,1159,1160
205,벡스코,2026-04-14,화,승차,11924,920,1394,,901,902
205,벡스코,2026-04-14,화,하차,10857,591,924,,1153,1154
205,벡스코,2026-04-15,수,승차,12008,878,1348,,863,864
205,벡스코,2026-04-15,수,하차,11173,592,906,,1187,1188
205,벡스코,2026-04-16,목,승차,12101,866,1337,,893,894
205,벡스코,2026-04-16,목,하차,11496,619,966,,1132,1133
205,벡스코,2026-04-17,금,승차,12386,850,1304,,882,883
205,벡스코,2026-04-17,금,하차,11927,593,969,,1073,1074
205,벡스코,2026-04-18,토,승차,10704,337,493,,682,683
205,벡스코,2026-04-18,토,하차,9787,267,532,,539,540
205,벡스코,2026-04-19,일,승차,9877,194,361,,533,534
205,벡스코,2026-04-19,일,하차,9325,238,676,,435,436
205,벡스코,2026-04-20,월,승차,11515,943,1392,,802,803
205,벡스코,2026-04-20,월,하차,10377,600,884,,1081,1082
205,벡스코,2026-04-21,화,승차,12306,944,1373,,889,890
205,벡스코,2026-04-21,화,하차,11468,638,1030,,1127,1128
205,벡스코,2026-04-22,수,승차,11665,909,1341,,893,894
205,벡스코,2026-04-22,수,하차,10821,574,960,,1099,1100
205,벡스코,2026-04-23,목,승차,11894,869,1381,,871,872
205,벡스코,2026-04-23,목,하차,11030,580,930,,988,989
205,벡스코,2026-04-24,금,승차,13569,955,1268,,1042,1043
205,벡스코,2026-04-24,금,하차,12960,632,998,,1185,1186
205,벡스코,2026-04-25,토,승차,11598,322,560,,779,780
205,벡스코,2026-04-25,토,하차,11229,295,603,,583,584
205,벡스코,2026-04-26,일,승차,10566,213,409,,666,667
205,벡스코,2026-04-26,일,하차,10329,219,666,,436,437
205,벡스코,2026-04-27,월,승차,12364,893,1402,,881,882
205,벡스코,2026-04-27,월,하차,11509,661,1040,,1126,1127
205,벡스코,2026-04-28,화,승차,12878,964,1419,,939,940
205,벡스코,2026-04-28,화,하차,12114,633,1040,,1171,1172
205,벡스코,2026-04-29,수,승차,11793,931,1352,,798,799
205,벡스코,2026-04-29,수,하차,11001,586,903,,1090,1091
205,벡스코,2026-04-30,목,승차,13504,913,1278,,1017,1018
205,벡스코,2026-04-30,목,하차,12801,597,1062,,1141,1142
205,벡스코,2026-05-01,금,승차,9747,217,376,,642,643
205,벡스코,2026-05-01,금,하차,9211,183,407,,660,661
205,벡스코,2026-05-02,토,승차,12523,311,494,,864,865
205,벡스코,2026-05-02,토,하차,11305,287,541,,639,640
205,벡스코,2026-05-03,일,승차,9398,178,355,,509,510
205,벡스코,2026-05-03,일,하차,8531,195,568,,450,451
205,벡스코,2026-05-04,월,승차,12938,769,1152,,989,990
205,벡스코,2026-05-04,월,하차,11515,497,776,,1133,1134
205,벡스코,2026-05-05,화,승차,8749,219,322,,458,459
205,벡스코,2026-05-05,화,하차,7989,195,340,,619,620
205,벡스코,2026-05-06,수,승차,12191,952,1388,,833,834
205,벡스코,2026-05-06,수,하차,11029,607,926,,1104,1105
205,벡스코,2026-05-07,목,승차,12360,913,1416,,933,934
205,벡스코,2026-05-07,목,하차,11510,688,1043,,1158,1159
205,벡스코,2026-05-08,금,승차,12725,894,1274,,981,982
205,벡스코,2026-05-08,금,하차,12134,662,1007,,1227,1228
205,벡스코,2026-05-09,토,승차,10786,344,546,,593,594
205,벡스코,2026-05-09,토,하차,10142,281,515,,547,548
205,벡스코,2026-05-10,일,승차,10826,186,414,,525,526
205,벡스코,2026-05-10,일,하차,11189,635,1128,,516,517
205,벡스코,2026-05-11,월,승차,12099,932,1430,,861,862
205,벡스코,2026-05-11,월,하차,11093,615,983,,1153,1154
205,벡스코,2026-05-12,화,승차,11987,949,1369,,870,871
205,벡스코,2026-05-12,화,하차,11053,594,973,,1110,1111
205,벡스코,2026-05-13,수,승차,12132,909,1363,,862,863
205,벡스코,2026-05-13,수,하차,11178,560,994,,1111,1112
205,벡스코,2026-05-14,목,승차,12601,1017,1338,,911,912
205,벡스코,2026-05-14,목,하차,11456,634,1041,,1080,1081
205,벡스코,2026-05-15,금,승차,13448,870,1321,,965,966
205,벡스코,2026-05-15,금,하차,12494,627,1041,,1193,1194
205,벡스코,2026-05-16,토,승차,14272,364,593,,716,717
205,벡스코,2026-05-16,토,하차,13401,290,685,,634,635
205,벡스코,2026-05-17,일,승차,13904,181,486,,852,853
205,벡스코,2026-05-17,일,하차,12593,281,892,,543,544
205,벡스코,2026-05-18,월,승차,12276,924,1387,,829,830
205,벡스코,2026-05-18,월,하차,11097,646,1040,,1189,1190
205,벡스코,2026-05-19,화,승차,12639,947,1392,,968,969
205,벡스코,2026-05-19,화,하차,11767,577,1033,,1175,1176
205,벡스코,2026-05-20,수,승차,11118,884,1346,,801,802
205,벡스코,2026-05-20,수,하차,10519,590,952,,1109,1110
205,벡스코,2026-05-21,목,승차,12058,911,1440,,838,839
205,벡스코,2026-05-21,목,하차,11296,545,903,,1102,1103
205,벡스코,2026-05-22,금,승차,13387,870,1448,,905,906
205,벡스코,2026-05-22,금,하차,12746,593,973,,1087,1088
205,벡스코,2026-05-23,토,승차,11326,339,532,,772,773
205,벡스코,2026-05-23,토,하차,10532,256,531,,643,644
205,벡스코,2026-05-24,일,승차,12877,241,507,,693,694
205,벡스코,2026-05-24,일,하차,12125,344,856,,545,546
205,벡스코,2026-05-25,월,승차,8578,227,372,,541,542
205,벡스코,2026-05-25,월,하차,7649,203,324,,562,563
205,벡스코,2026-05-26,화,승차,12011,963,1437,,852,853
205,벡스코,2026-05-26,화,하차,10840,582,888,,1107,1108
205,벡스코,2026-05-27,수,승차,11570,865,1356,,787,788
205,벡스코,2026-05-27,수,하차,10960,532,899,,1115,1116
205,벡스코,2026-05-28,목,승차,11954,893,1310,,876,877
205,벡스코,2026-05-28,목,하차,11109,592,871,,1003,1004
205,벡스코,2026-05-29,금,승차,13022,887,1343,,916,917
205,벡스코,2026-05-29,금,하차,12488,610,942,,1120,1121
205,벡스코,2026-05-30,토,승차,11185,321,561,,722,723
205,벡스코,2026-05-30,토,하차,10519,268,548,,553,554
205,벡스코,2026-05-31,일,승차,10492,178,388,,601,602
205,벡스코,2026-05-31,일,하차,9761,240,794,,447,448
205,벡스코,2026-06-01,월,승차,11519,963,1372,,819,820
205,벡스코,2026-06-01,월,하차,10496,590,877,,1144,1145
205,벡스코,2026-06-02,화,승차,11197,879,1385,,804,805
205,벡스코,2026-06-02,화,하차,10144,530,840,,1086,1087
205,벡스코,2026-06-03,수,승차,8279,256,410,,422,423
205,벡스코,2026-06-03,수,하차,7604,221,384,,505,506
205,벡스코,2026-06-04,목,승차,12231,903,1368,,928,929
205,벡스코,2026-06-04,목,하차,11200,587,970,,1089,1090
205,벡스코,2026-06-05,금,승차,12746,932,1305,,889,890
205,벡스코,2026-06-05,금,하차,11993,573,939,,1094,1095
205,벡스코,2026-06-06,토,승차,9474,227,374,,658,659
205,벡스코,2026-06-06,토,하차,9135,204,358,,520,521
205,벡스코,2026-06-07,일,승차,9708,191,374,,393,394
205,벡스코,2026-06-07,일,하차,9424,208,634,,417,418
205,벡스코,2026-06-08,월,승차,11456,931,1376,,785,786
205,벡스코,2026-06-08,월,하차,10297,587,962,,1134,1135
205,벡스코,2026-06-09,화,승차,12034,881,1425,,851,852
205,벡스코,2026-06-09,화,하차,10986,580,1015,,1035,1036
205,벡스코,2026-06-10,수,승차,12130,883,1348,,883,884
205,벡스코,2026-06-10,수,하차,11315,574,996,,1156,1157
205,벡스코,2026-06-11,목,승차,12319,898,1278,,880,881
205,벡스코,2026-06-11,목,하차,11815,579,1003,,1078,1079
205,벡스코,2026-06-12,금,승차,13241,864,1302,,922,923
205,벡스코,2026-06-12,금,하차,12465,559,921,,1139,1140
205,벡스코,2026-06-13,토,승차,12126,364,601,,730,731
205,벡스코,2026-06-13,토,하차,11033,270,519,,591,592
205,벡스코,2026-06-14,일,승차,10794,161,418,,546,547
205,벡스코,2026-06-14,일,하차,10206,243,736,,414,415
205,벡스코,2026-06-15,월,승차,11913,898,1383,,872,873
205,벡스코,2026-06-15,월,하차,10844,589,959,,1122,1123
205,벡스코,2026-06-16,화,승차,12143,975,1331,,856,857
205,벡스코,2026-06-16,화,하차,11143,615,1013,,1097,1098
205,벡스코,2026-06-17,수,승차,11804,843,1403,,804,805
205,벡스코,2026-06-17,수,하차,10787,581,973,,1064,1065
205,벡스코,2026-06-18,목,승차,12326,885,1329,,905,906
205,벡스코,2026-06-18,목,하차,11493,569,1025,,1108,1109
205,벡스코,2026-06-19,금,승차,12325,848,1261,,939,940
205,벡스코,2026-06-19,금,하차,11465,571,996,,1025,1026
205,벡스코,2026-06-20,토,승차,9302,296,429,,640,641
205,벡스코,2026-06-20,토,하차,8737,236,455,,500,501
205,벡스코,2026-06-21,일,승차,9867,184,394,,516,517
205,벡스코,2026-06-21,일,하차,9634,264,677,,418,419
205,벡스코,2026-06-22,월,승차,11530,865,1289,,795,796
205,벡스코,2026-06-22,월,하차,10548,564,891,,1071,1072
205,벡스코,2026-06-23,화,승차,12117,923,1252,,915,916
205,벡스코,2026-06-23,화,하차,11070,593,979,,1093,1094
205,벡스코,2026-06-24,수,승차,11123,895,1255,,822,823
205,벡스코,2026-06-24,수,하차,10256,545,907,,974,975
205,벡스코,2026-06-25,목,승차,11896,869,1212,,925,926
205,벡스코,2026-06-25,목,하차,11084,589,990,,1012,1013
205,벡스코,2026-06-26,금,승차,12772,833,1208,,963,964
205,벡스코,2026-06-26,금,하차,11919,620,949,,1067,1068
205,벡스코,2026-06-27,토,승차,10953,318,509,,680,681
205,벡스코,2026-06-27,토,하차,10568,248,519,,580,581
205,벡스코,2026-06-28,일,승차,10738,182,435,,508,509
205,벡스코,2026-06-28,일,하차,10817,241,708,,507,508
205,벡스코,2026-06-29,월,승차,11981,850,1337,,864,865
205,벡스코,2026-06-29,월,하차,10981,577,1074,,1077,1078
205,벡스코,2026-06-30,화,승차,12327,892,1281,,884,885
205,벡스코,2026-06-30,화,하차,11225,599,1028,,1056,1057
206,센텀시티,2026-01-01,목,승차,10118,276,148,,840,841
206,센텀시티,2026-01-01,목,하차,9509,255,888,,578,579
206,센텀시티,2026-01-02,금,승차,23495,344,631,,3748,3749
206,센텀시티,2026-01-02,금,하차,23328,790,2562,,1728,1729
206,센텀시티,2026-01-03,토,승차,23737,143,268,,2396,2397
206,센텀시티,2026-01-03,토,하차,23437,359,845,,1167,1168
206,센텀시티,2026-01-04,일,승차,16887,84,144,,1601,1602
206,센텀시티,2026-01-04,일,하차,16552,191,543,,706,707
206,센텀시티,2026-01-05,월,승차,19384,401,728,,3725,3726
206,센텀시티,2026-01-05,월,하차,19199,884,3219,,1270,1271
206,센텀시티,2026-01-06,화,승차,20014,398,692,,3637,3638
206,센텀시티,2026-01-06,화,하차,20020,897,3289,,1341,1342
206,센텀시티,2026-01-07,수,승차,19577,365,680,,3578,3579
206,센텀시티,2026-01-07,수,하차,19382,828,3267,,1253,1254
206,센텀시티,2026-01-08,목,승차,19352,369,629,,3662,3663
206,센텀시티,2026-01-08,목,하차,19661,841,3289,,1335,1336
206,센텀시티,2026-01-09,금,승차,21263,373,682,,3792,3793
206,센텀시티,2026-01-09,금,하차,21645,841,3277,,1576,1577
206,센텀시티,2026-01-10,토,승차,29261,144,267,,2750,2751
206,센텀시티,2026-01-10,토,하차,27428,477,1189,,1119,1120
206,센텀시티,2026-01-11,일,승차,21599,85,128,,2161,2162
206,센텀시티,2026-01-11,일,하차,19923,253,793,,793,794
206,센텀시티,2026-01-12,월,승차,19561,381,706,,3571,3572
206,센텀시티,2026-01-12,월,하차,19371,851,3210,,1220,1221
206,센텀시티,2026-01-13,화,승차,20238,358,681,,3682,3683
206,센텀시티,2026-01-13,화,하차,20097,873,3362,,1365,1366
206,센텀시티,2026-01-14,수,승차,19687,354,675,,3670,3671
206,센텀시티,2026-01-14,수,하차,19656,891,3301,,1303,1304
206,센텀시티,2026-01-15,목,승차,19529,368,691,,3518,3519
206,센텀시티,2026-01-15,목,하차,19727,840,3259,,1293,1294
206,센텀시티,2026-01-16,금,승차,20810,358,685,,3627,3628
206,센텀시티,2026-01-16,금,하차,20827,864,3143,,1452,1453
206,센텀시티,2026-01-17,토,승차,22860,148,278,,2395,2396
206,센텀시티,2026-01-17,토,하차,22821,339,860,,1093,1094
206,센텀시티,2026-01-18,일,승차,16622,77,133,,1725,1726
206,센텀시티,2026-01-18,일,하차,16159,178,510,,739,740
206,센텀시티,2026-01-19,월,승차,18804,359,732,,3496,3497
206,센텀시티,2026-01-19,월,하차,18737,832,3179,,1234,1235
206,센텀시티,2026-01-20,화,승차,19234,360,637,,3671,3672
206,센텀시티,2026-01-20,화,하차,19056,856,3241,,1249,1250
206,센텀시티,2026-01-21,수,승차,19215,358,617,,3517,3518
206,센텀시티,2026-01-21,수,하차,19168,845,3240,,1197,1198
206,센텀시티,2026-01-22,목,승차,18952,341,603,,3589,3590
206,센텀시티,2026-01-22,목,하차,19026,822,3173,,1321,1322
206,센텀시티,2026-01-23,금,승차,20925,370,618,,3731,3732
206,센텀시티,2026-01-23,금,하차,20809,802,3183,,1424,1425
206,센텀시티,2026-01-24,토,승차,23568,123,266,,2523,2524
206,센텀시티,2026-01-24,토,하차,22724,339,847,,1048,1049
206,센텀시티,2026-01-25,일,승차,16847,75,116,,1832,1833
206,센텀시티,2026-01-25,일,하차,16324,197,519,,656,657
206,센텀시티,2026-01-26,월,승차,19054,368,691,,3448,3449
206,센텀시티,2026-01-26,월,하차,18966,823,3209,,1271,1272
206,센텀시티,2026-01-27,화,승차,19538,352,693,,3608,3609
206,센텀시티,2026-01-27,화,하차,19539,808,3293,,1255,1256
206,센텀시티,2026-01-28,수,승차,19539,340,627,,3609,3610
206,센텀시티,2026-01-28,수,하차,19567,829,3293,,1304,1305
206,센텀시티,2026-01-29,목,승차,19739,341,656,,3704,3705
206,센텀시티,2026-01-29,목,하차,19828,840,3258,,1253,1254
206,센텀시티,2026-01-30,금,승차,20738,362,657,,3551,3552
206,센텀시티,2026-01-30,금,하차,20612,796,3229,,1390,1391
206,센텀시티,2026-01-31,토,승차,24588,144,1033,,2155,2156
206,센텀시티,2026-01-31,토,하차,24383,464,1681,,1019,1020
206,센텀시티,2026-02-01,일,승차,16514,87,152,,2315,2316
206,센텀시티,2026-02-01,일,하차,15905,214,490,,696,697
206,센텀시티,2026-02-02,월,승차,18698,390,676,,3543,3544
206,센텀시티,2026-02-02,월,하차,18796,800,3137,,1299,1300
206,센텀시티,2026-02-03,화,승차,19172,401,667,,3576,3577
206,센텀시티,2026-02-03,화,하차,19460,802,3197,,1327,1328
206,센텀시티,2026-02-04,수,승차,19485,410,624,,3603,3604
206,센텀시티,2026-02-04,수,하차,19679,794,3137,,1306,1307
206,센텀시티,2026-02-05,목,승차,20499,387,641,,3750,3751
206,센텀시티,2026-02-05,목,하차,20421,772,3210,,1370,1371
206,센텀시티,2026-02-06,금,승차,26633,391,685,,3707,3708
206,센텀시티,2026-02-06,금,하차,26312,725,3131,,1521,1522
206,센텀시티,2026-02-07,토,승차,30190,129,293,,2591,2592
206,센텀시티,2026-02-07,토,하차,29480,335,988,,1265,1266
206,센텀시티,2026-02-08,일,승차,22953,87,149,,1926,1927
206,센텀시티,2026-02-08,일,하차,22050,165,580,,742,743
206,센텀시티,2026-02-09,월,승차,20644,359,761,,3585,3586
206,센텀시티,2026-02-09,월,하차,20362,794,3172,,1296,1297
206,센텀시티,2026-02-10,화,승차,21078,402,672,,3658,3659
206,센텀시티,2026-02-10,화,하차,21027,836,3201,,1321,1322
206,센텀시티,2026-02-11,수,승차,20652,384,635,,3632,3633
206,센텀시티,2026-02-11,수,하차,20720,802,3204,,1452,1453
206,센텀시티,2026-02-12,목,승차,20711,370,666,,3678,3679
206,센텀시티,2026-02-12,목,하차,20917,854,3132,,1436,1437
206,센텀시티,2026-02-13,금,승차,27689,392,635,,3172,3173
206,센텀시티,2026-02-13,금,하차,27893,840,3209,,2012,2013
206,센텀시티,2026-02-14,토,승차,27649,164,322,,2306,2307
206,센텀시티,2026-02-14,토,하차,27301,389,875,,1078,1079
206,센텀시티,2026-02-15,일,승차,20423,87,168,,2497,2498
206,센텀시티,2026-02-15,일,하차,19467,175,527,,1123,1124
206,센텀시티,2026-02-16,월,승차,9788,81,126,,984,985
206,센텀시티,2026-02-16,월,하차,9510,133,319,,634,635
206,센텀시티,2026-02-17,화,승차,5597,57,94,,517,518
206,센텀시티,2026-02-17,화,하차,5534,91,168,,399,400
206,센텀시티,2026-02-18,수,승차,17818,82,105,,1910,1911
206,센텀시티,2026-02-18,수,하차,17072,151,482,,869,870
206,센텀시티,2026-02-19,목,승차,22226,368,594,,3758,3759
206,센텀시티,2026-02-19,목,하차,21935,784,2895,,1528,1529
206,센텀시티,2026-02-20,금,승차,24992,401,648,,5020,5021
206,센텀시티,2026-02-20,금,하차,24482,779,3016,,1722,1723
206,센텀시티,2026-02-21,토,승차,25953,139,315,,2569,2570
206,센텀시티,2026-02-21,토,하차,25674,501,1653,,1388,1389
206,센텀시티,2026-02-22,일,승차,19261,76,115,,1971,1972
206,센텀시티,2026-02-22,일,하차,18439,223,560,,867,868
206,센텀시티,2026-02-23,월,승차,20301,388,672,,3415,3416
206,센텀시티,2026-02-23,월,하차,20122,832,3103,,1337,1338
206,센텀시티,2026-02-24,화,승차,20960,383,678,,3840,3841
206,센텀시티,2026-02-24,화,하차,20555,824,3188,,1215,1216
206,센텀시티,2026-02-25,수,승차,21395,392,681,,3637,3638
206,센텀시티,2026-02-25,수,하차,21205,802,3199,,1423,1424
206,센텀시티,2026-02-26,목,승차,22840,379,608,,4377,4378
206,센텀시티,2026-02-26,목,하차,22259,862,3422,,1364,1365
206,센텀시티,2026-02-27,금,승차,22862,354,633,,3666,3667
206,센텀시티,2026-02-27,금,하차,22690,759,3078,,1585,1586
206,센텀시티,2026-02-28,토,승차,22770,158,325,,2518,2519
206,센텀시티,2026-02-28,토,하차,22876,333,908,,1254,1255
206,센텀시티,2026-03-01,일,승차,19577,90,175,,2200,2201
206,센텀시티,2026-03-01,일,하차,19002,187,544,,1031,1032
206,센텀시티,2026-03-02,월,승차,14857,112,175,,1563,1564
206,센텀시티,2026-03-02,월,하차,14217,203,600,,654,655
206,센텀시티,2026-03-03,화,승차,18309,444,861,,3396,3397
206,센텀시티,2026-03-03,화,하차,18385,804,3049,,1298,1299
206,센텀시티,2026-03-04,수,승차,18702,498,782,,3347,3348
206,센텀시티,2026-03-04,수,하차,19042,850,3159,,1270,1271
206,센텀시티,2026-03-05,목,승차,19633,473,823,,3415,3416
206,센텀시티,2026-03-05,목,하차,20006,801,3094,,1362,1363
206,센텀시티,2026-03-06,금,승차,20906,470,764,,3555,3556
206,센텀시티,2026-03-06,금,하차,21157,745,3164,,1502,1503
206,센텀시티,2026-03-07,토,승차,23386,153,314,,2443,2444
206,센텀시티,2026-03-07,토,하차,23125,355,933,,1119,1120
206,센텀시티,2026-03-08,일,승차,18688,90,166,,1993,1994
206,센텀시티,2026-03-08,일,하차,18157,200,621,,768,769
206,센텀시티,2026-03-09,월,승차,18707,514,845,,3278,3279
206,센텀시티,2026-03-09,월,하차,18752,842,3099,,1273,1274
206,센텀시티,2026-03-10,화,승차,19979,468,885,,3490,3491
206,센텀시티,2026-03-10,화,하차,20030,830,3219,,1444,1445
206,센텀시티,2026-03-11,수,승차,20051,491,796,,3351,3352
206,센텀시티,2026-03-11,수,하차,20144,833,3372,,1374,1375
206,센텀시티,2026-03-12,목,승차,21193,458,834,,3499,3500
206,센텀시티,2026-03-12,목,하차,21024,881,3111,,1373,1374
206,센텀시티,2026-03-13,금,승차,22785,456,786,,3836,3837
206,센텀시티,2026-03-13,금,하차,22629,817,3100,,1595,1596
206,센텀시티,2026-03-14,토,승차,27367,142,321,,3174,3175
206,센텀시티,2026-03-14,토,하차,26464,388,979,,1280,1281
206,센텀시티,2026-03-15,일,승차,18915,75,153,,1831,1832
206,센텀시티,2026-03-15,일,하차,18415,195,549,,829,830
206,센텀시티,2026-03-16,월,승차,16013,514,837,,2826,2827
206,센텀시티,2026-03-16,월,하차,15623,841,2881,,1176,1177
206,센텀시티,2026-03-17,화,승차,19742,489,863,,3447,3448
206,센텀시티,2026-03-17,화,하차,19823,898,3165,,1407,1408
206,센텀시티,2026-03-18,수,승차,20313,471,772,,3507,3508
206,센텀시티,2026-03-18,수,하차,20405,798,3196,,1382,1383
206,센텀시티,2026-03-19,목,승차,20888,480,807,,3593,3594
206,센텀시티,2026-03-19,목,하차,20797,868,3177,,1397,1398
206,센텀시티,2026-03-20,금,승차,22990,453,767,,3689,3690
206,센텀시티,2026-03-20,금,하차,23051,886,3177,,1652,1653
206,센텀시티,2026-03-21,토,승차,24553,172,323,,2777,2778
206,센텀시티,2026-03-21,토,하차,24519,364,941,,1278,1279
206,센텀시티,2026-03-22,일,승차,20264,67,222,,1892,1893
206,센텀시티,2026-03-22,일,하차,19720,1496,779,,819,820
206,센텀시티,2026-03-23,월,승차,19745,497,847,,3443,3444
206,센텀시티,2026-03-23,월,하차,19436,871,3109,,1332,1333
206,센텀시티,2026-03-24,화,승차,19880,494,891,,3418,3419
206,센텀시티,2026-03-24,화,하차,19914,862,3169,,1416,1417
206,센텀시티,2026-03-25,수,승차,20202,481,832,,3553,3554
206,센텀시티,2026-03-25,수,하차,20653,790,3212,,1461,1462
206,센텀시티,2026-03-26,목,승차,20926,483,820,,3435,3436
206,센텀시티,2026-03-26,목,하차,21169,856,3087,,1429,1430
206,센텀시티,2026-03-27,금,승차,23483,486,767,,3782,3783
206,센텀시티,2026-03-27,금,하차,23839,881,3236,,1788,1789
206,센텀시티,2026-03-28,토,승차,30499,184,332,,3139,3140
206,센텀시티,2026-03-28,토,하차,28942,467,1177,,1378,1379
206,센텀시티,2026-03-29,일,승차,22434,90,181,,2237,2238
206,센텀시티,2026-03-29,일,하차,21140,252,701,,918,919
206,센텀시티,2026-03-30,월,승차,20529,527,843,,3524,3525
206,센텀시티,2026-03-30,월,하차,20303,843,3097,,1374,1375
206,센텀시티,2026-03-31,화,승차,19946,501,825,,3450,3451
206,센텀시티,2026-03-31,화,하차,20366,879,3139,,1433,1434
206,센텀시티,2026-04-01,수,승차,20048,509,762,,3449,3450
206,센텀시티,2026-04-01,수,하차,20311,892,3286,,1474,1475
206,센텀시티,2026-04-02,목,승차,21785,476,787,,3844,3845
206,센텀시티,2026-04-02,목,하차,21470,866,3245,,1524,1525
206,센텀시티,2026-04-03,금,승차,22846,480,816,,3568,3569
206,센텀시티,2026-04-03,금,하차,22451,880,3150,,1771,1772
206,센텀시티,2026-04-04,토,승차,23062,143,258,,2433,2434
206,센텀시티,2026-04-04,토,하차,23370,317,829,,1267,1268
206,센텀시티,2026-04-05,일,승차,19618,111,265,,1891,1892
206,센텀시티,2026-04-05,일,하차,25616,2407,3940,,986,987
206,센텀시티,2026-04-06,월,승차,19576,530,820,,3392,3393
206,센텀시티,2026-04-06,월,하차,19556,908,3073,,1451,1452
206,센텀시티,2026-04-07,화,승차,20082,534,838,,3473,3474
206,센텀시티,2026-04-07,화,하차,20191,869,3154,,1464,1465
206,센텀시티,2026-04-08,수,승차,20202,526,851,,3457,3458
206,센텀시티,2026-04-08,수,하차,20329,876,3329,,1473,1474
206,센텀시티,2026-04-09,목,승차,21209,493,764,,3817,3818
206,센텀시티,2026-04-09,목,하차,20662,767,3173,,1346,1347
206,센텀시티,2026-04-10,금,승차,22966,476,770,,3757,3758
206,센텀시티,2026-04-10,금,하차,22520,892,3152,,1647,1648
206,센텀시티,2026-04-11,토,승차,24793,153,356,,2541,2542
206,센텀시티,2026-04-11,토,하차,24280,391,1084,,1281,1282
206,센텀시티,2026-04-12,일,승차,19024,85,174,,1871,1872
206,센텀시티,2026-04-12,일,하차,18255,198,709,,812,813
206,센텀시티,2026-04-13,월,승차,19034,565,795,,3311,3312
206,센텀시티,2026-04-13,월,하차,19118,803,3155,,1384,1385
206,센텀시티,2026-04-14,화,승차,19887,524,873,,3469,3470
206,센텀시티,2026-04-14,화,하차,20190,869,3317,,1371,1372
206,센텀시티,2026-04-15,수,승차,20463,502,806,,3533,3534
206,센텀시티,2026-04-15,수,하차,20598,857,3219,,1767,1768
206,센텀시티,2026-04-16,목,승차,20574,503,765,,3525,3526
206,센텀시티,2026-04-16,목,하차,20589,940,3205,,1499,1500
206,센텀시티,2026-04-17,금,승차,22363,493,751,,3635,3636
206,센텀시티,2026-04-17,금,하차,22207,868,3142,,1590,1591
206,센텀시티,2026-04-18,토,승차,22855,169,367,,2403,2404
206,센텀시티,2026-04-18,토,하차,22623,389,924,,1120,1121
206,센텀시티,2026-04-19,일,승차,16624,87,185,,1840,1841
206,센텀시티,2026-04-19,일,하차,16241,191,598,,796,797
206,센텀시티,2026-04-20,월,승차,15204,508,770,,2824,2825
206,센텀시티,2026-04-20,월,하차,15373,820,2978,,1095,1096
206,센텀시티,2026-04-21,화,승차,20597,544,810,,3555,3556
206,센텀시티,2026-04-21,화,하차,20857,912,3331,,1512,1513
206,센텀시티,2026-04-22,수,승차,20653,511,783,,3668,3669
206,센텀시티,2026-04-22,수,하차,20536,863,3391,,1275,1276
206,센텀시티,2026-04-23,목,승차,20553,508,778,,3418,3419
206,센텀시티,2026-04-23,목,하차,20821,877,3192,,1356,1357
206,센텀시티,2026-04-24,금,승차,24413,506,774,,3650,3651
206,센텀시티,2026-04-24,금,하차,24493,906,3370,,1683,1684
206,센텀시티,2026-04-25,토,승차,26252,159,334,,2582,2583
206,센텀시티,2026-04-25,토,하차,26019,387,1062,,1253,1254
206,센텀시티,2026-04-26,일,승차,20406,91,206,,1939,1940
206,센텀시티,2026-04-26,일,하차,20001,213,674,,774,775
206,센텀시티,2026-04-27,월,승차,21137,531,830,,3382,3383
206,센텀시티,2026-04-27,월,하차,20933,854,3292,,1344,1345
206,센텀시티,2026-04-28,화,승차,21999,507,971,,3574,3575
206,센텀시티,2026-04-28,화,하차,22149,890,3392,,1412,1413
206,센텀시티,2026-04-29,수,승차,21811,501,792,,3491,3492
206,센텀시티,2026-04-29,수,하차,21668,861,3434,,1540,1541
206,센텀시티,2026-04-30,목,승차,24365,447,775,,3779,3780
206,센텀시티,2026-04-30,목,하차,24227,799,3426,,1788,1789
206,센텀시티,2026-05-01,금,승차,21849,123,254,,2429,2430
206,센텀시티,2026-05-01,금,하차,21554,313,872,,1197,1198
206,센텀시티,2026-05-02,토,승차,27733,143,304,,2968,2969
206,센텀시티,2026-05-02,토,하차,26950,394,888,,1277,1278
206,센텀시티,2026-05-03,일,승차,23666,85,169,,2559,2560
206,센텀시티,2026-05-03,일,하차,22855,207,546,,1115,1116
206,센텀시티,2026-05-04,월,승차,24317,427,720,,3504,3505
206,센텀시티,2026-05-04,월,하차,23728,779,2702,,1716,1717
206,센텀시티,2026-05-05,화,승차,21177,111,201,,2023,2024
206,센텀시티,2026-05-05,화,하차,20459,263,643,,984,985
206,센텀시티,2026-05-06,수,승차,20244,513,825,,3461,3462
206,센텀시티,2026-05-06,수,하차,20399,890,3376,,1364,1365
206,센텀시티,2026-05-07,목,승차,21110,503,790,,3544,3545
206,센텀시티,2026-05-07,목,하차,21743,807,3400,,1753,1754
206,센텀시티,2026-05-08,금,승차,22534,532,770,,3647,3648
206,센텀시티,2026-05-08,금,하차,22586,849,3204,,1770,1771
206,센텀시티,2026-05-09,토,승차,24969,170,332,,2409,2410
206,센텀시티,2026-05-09,토,하차,24565,401,961,,1337,1338
206,센텀시티,2026-05-10,일,승차,17568,116,185,,1672,1673
206,센텀시티,2026-05-10,일,하차,21628,2823,1898,,872,873
206,센텀시티,2026-05-11,월,승차,19656,550,773,,3368,3369
206,센텀시티,2026-05-11,월,하차,19624,857,3241,,1374,1375
206,센텀시티,2026-05-12,화,승차,20565,525,771,,3437,3438
206,센텀시티,2026-05-12,화,하차,20588,876,3224,,1555,1556
206,센텀시티,2026-05-13,수,승차,20528,533,836,,3430,3431
206,센텀시티,2026-05-13,수,하차,20547,853,3398,,1407,1408
206,센텀시티,2026-05-14,목,승차,20477,544,775,,3352,3353
206,센텀시티,2026-05-14,목,하차,20567,916,3163,,1379,1380
206,센텀시티,2026-05-15,금,승차,22501,492,752,,3558,3559
206,센텀시티,2026-05-15,금,하차,22866,843,3456,,1579,1580
206,센텀시티,2026-05-16,토,승차,33203,171,347,,2631,2632
206,센텀시티,2026-05-16,토,하차,32660,442,1246,,1213,1214
206,센텀시티,2026-05-17,일,승차,27515,113,228,,3613,3614
206,센텀시티,2026-05-17,일,하차,26535,236,768,,972,973
206,센텀시티,2026-05-18,월,승차,15427,517,856,,2769,2770
206,센텀시티,2026-05-18,월,하차,15162,845,2983,,1113,1114
206,센텀시티,2026-05-19,화,승차,20755,515,804,,3407,3408
206,센텀시티,2026-05-19,화,하차,21013,938,3241,,1532,1533
206,센텀시티,2026-05-20,수,승차,20681,501,792,,3575,3576
206,센텀시티,2026-05-20,수,하차,20463,872,3293,,1579,1580
206,센텀시티,2026-05-21,목,승차,20233,472,833,,3528,3529
206,센텀시티,2026-05-21,목,하차,20407,852,3093,,1413,1414
206,센텀시티,2026-05-22,금,승차,22739,491,771,,3461,3462
206,센텀시티,2026-05-22,금,하차,23110,849,3236,,1868,1869
206,센텀시티,2026-05-23,토,승차,24526,181,312,,2516,2517
206,센텀시티,2026-05-23,토,하차,25007,349,906,,1554,1555
206,센텀시티,2026-05-24,일,승차,21409,112,191,,2274,2275
206,센텀시티,2026-05-24,일,하차,21107,207,568,,1259,1260
206,센텀시티,2026-05-25,월,승차,17305,151,226,,1727,1728
206,센텀시티,2026-05-25,월,하차,17381,276,627,,1001,1002
206,센텀시티,2026-05-26,화,승차,19985,538,876,,3484,3485
206,센텀시티,2026-05-26,화,하차,19916,892,3106,,1418,1419
206,센텀시티,2026-05-27,수,승차,21477,528,756,,3488,3489
206,센텀시티,2026-05-27,수,하차,21649,886,3231,,1362,1363
206,센텀시티,2026-05-28,목,승차,22159,457,747,,3455,3456
206,센텀시티,2026-05-28,목,하차,22654,863,3512,,1795,1796
206,센텀시티,2026-05-29,금,승차,25087,482,718,,3458,3459
206,센텀시티,2026-05-29,금,하차,25622,976,3419,,2130,2131
206,센텀시티,2026-05-30,토,승차,27801,175,325,,2464,2465
206,센텀시티,2026-05-30,토,하차,28104,355,976,,1684,1685
206,센텀시티,2026-05-31,일,승차,18782,93,210,,1561,1562
206,센텀시티,2026-05-31,일,하차,18885,206,621,,936,937
206,센텀시티,2026-06-01,월,승차,18718,513,837,,3340,3341
206,센텀시티,2026-06-01,월,하차,18804,874,3141,,1370,1371
206,센텀시티,2026-06-02,화,승차,18931,482,821,,3453,3454
206,센텀시티,2026-06-02,화,하차,19162,865,3082,,1296,1297
206,센텀시티,2026-06-03,수,승차,16975,133,234,,1758,1759
206,센텀시티,2026-06-03,수,하차,16998,262,720,,882,883
206,센텀시티,2026-06-04,목,승차,20750,486,784,,3562,3563
206,센텀시티,2026-06-04,목,하차,20533,991,3099,,1482,1483
206,센텀시티,2026-06-05,금,승차,22728,494,742,,3719,3720
206,센텀시티,2026-06-05,금,하차,22863,829,3461,,1584,1585
206,센텀시티,2026-06-06,토,승차,24038,105,220,,2530,2531
206,센텀시티,2026-06-06,토,하차,23481,276,776,,1059,1060
206,센텀시티,2026-06-07,일,승차,18704,80,156,,1794,1795
206,센텀시티,2026-06-07,일,하차,18127,208,599,,677,678
206,센텀시티,2026-06-08,월,승차,19723,501,786,,3308,3309
206,센텀시티,2026-06-08,월,하차,19916,846,3114,,1372,1373
206,센텀시티,2026-06-09,화,승차,20024,498,796,,3508,3509
206,센텀시티,2026-06-09,화,하차,20179,903,3133,,1375,1376
206,센텀시티,2026-06-10,수,승차,22271,483,821,,3641,3642
206,센텀시티,2026-06-10,수,하차,22472,849,3267,,1626,1627
206,센텀시티,2026-06-11,목,승차,24238,488,788,,3881,3882
206,센텀시티,2026-06-11,목,하차,24411,846,3284,,1706,1707
206,센텀시티,2026-06-12,금,승차,26228,540,786,,3710,3711
206,센텀시티,2026-06-12,금,하차,25856,895,3123,,1689,1690
206,센텀시티,2026-06-13,토,승차,29169,163,399,,2710,2711
206,센텀시티,2026-06-13,토,하차,28728,380,963,,1367,1368
206,센텀시티,2026-06-14,일,승차,21883,144,232,,2002,2003
206,센텀시티,2026-06-14,일,하차,21101,170,559,,1036,1037
206,센텀시티,2026-06-15,월,승차,16742,530,812,,2888,2889
206,센텀시티,2026-06-15,월,하차,16572,879,3013,,1156,1157
206,센텀시티,2026-06-16,화,승차,20942,534,764,,3463,3464
206,센텀시티,2026-06-16,화,하차,20993,923,3175,,1463,1464
206,센텀시티,2026-06-17,수,승차,20324,493,761,,3376,3377
206,센텀시티,2026-06-17,수,하차,20435,848,3207,,1489,1490
206,센텀시티,2026-06-18,목,승차,21115,497,762,,3435,3436
206,센텀시티,2026-06-18,목,하차,21453,822,3107,,1478,1479
206,센텀시티,2026-06-19,금,승차,22201,509,729,,3525,3526
206,센텀시티,2026-06-19,금,하차,22104,851,3046,,1665,1666
206,센텀시티,2026-06-20,토,승차,23213,131,303,,2266,2267
206,센텀시티,2026-06-20,토,하차,23145,289,821,,1350,1351
206,센텀시티,2026-06-21,일,승차,18465,103,174,,1822,1823
206,센텀시티,2026-06-21,일,하차,17613,193,567,,770,771
206,센텀시티,2026-06-22,월,승차,20308,551,806,,3405,3406
206,센텀시티,2026-06-22,월,하차,20189,844,3096,,1399,1400
206,센텀시티,2026-06-23,화,승차,20361,484,779,,3419,3420
206,센텀시티,2026-06-23,화,하차,20522,831,3164,,1573,1574
206,센텀시티,2026-06-24,수,승차,21457,508,724,,3618,3619
206,센텀시티,2026-06-24,수,하차,21194,887,3156,,1459,1460
206,센텀시티,2026-06-25,목,승차,21435,444,740,,3701,3702
206,센텀시티,2026-06-25,목,하차,21144,875,3244,,1451,1452
206,센텀시티,2026-06-26,금,승차,22881,474,708,,3553,3554
206,센텀시티,2026-06-26,금,하차,22620,897,3154,,1707,1708
206,센텀시티,2026-06-27,토,승차,26611,149,334,,2895,2896
206,센텀시티,2026-06-27,토,하차,25774,348,1021,,1118,1119
206,센텀시티,2026-06-28,일,승차,19874,99,159,,2030,2031
206,센텀시티,2026-06-28,일,하차,18967,220,640,,792,793
206,센텀시티,2026-06-29,월,승차,21273,489,763,,3680,3681
206,센텀시티,2026-06-29,월,하차,20855,826,3085,,1363,1364
206,센텀시티,2026-06-30,화,승차,20632,471,731,,3466,3467
206,센텀시티,2026-06-30,화,하차,20649,849,3199,,1335,1336
207,민락,2026-01-01,목,승차,2158,117,127,,104,105
207,민락,2026-01-01,목,하차,2030,77,147,,154,155
207,민락,2026-01-02,금,승차,3841,320,520,,290,291
207,민락,2026-01-02,금,하차,3653,60,164,,527,528
207,민락,2026-01-03,토,승차,2996,114,191,,172,173
207,민락,2026-01-03,토,하차,2995,48,73,,269,270
207,민락,2026-01-04,일,승차,2253,58,130,,147,148
207,민락,2026-01-04,일,하차,2148,24,43,,179,180
207,민락,2026-01-05,월,승차,3882,337,616,,228,229
207,민락,2026-01-05,월,하차,3644,81,222,,534,535
207,민락,2026-01-06,화,승차,3896,354,607,,258,259
207,민락,2026-01-06,화,하차,3632,77,185,,505,506
207,민락,2026-01-07,수,승차,3976,338,599,,230,231
207,민락,2026-01-07,수,하차,3739,69,189,,500,501
207,민락,2026-01-08,목,승차,3899,340,597,,243,244
207,민락,2026-01-08,목,하차,3528,78,180,,464,465
207,민락,2026-01-09,금,승차,3996,321,610,,261,262
207,민락,2026-01-09,금,하차,3855,81,207,,530,531
207,민락,2026-01-10,토,승차,3242,128,193,,136,137
207,민락,2026-01-10,토,하차,3179,41,69,,231,232
207,민락,2026-01-11,일,승차,2218,66,123,,114,115
207,민락,2026-01-11,일,하차,2246,26,55,,161,162
207,민락,2026-01-12,월,승차,3856,321,644,,217,218
207,민락,2026-01-12,월,하차,3643,76,194,,518,519
207,민락,2026-01-13,화,승차,4034,349,625,,266,267
207,민락,2026-01-13,화,하차,3803,94,206,,512,513
207,민락,2026-01-14,수,승차,4027,333,590,,283,284
207,민락,2026-01-14,수,하차,3719,93,197,,501,502
207,민락,2026-01-15,목,승차,3996,351,610,,240,241
207,민락,2026-01-15,목,하차,3704,79,193,,482,483
207,민락,2026-01-16,금,승차,4171,289,614,,299,300
207,민락,2026-01-16,금,하차,3879,72,203,,551,552
207,민락,2026-01-17,토,승차,3295,113,216,,184,185
207,민락,2026-01-17,토,하차,3293,46,86,,243,244
207,민락,2026-01-18,일,승차,2369,71,131,,116,117
207,민락,2026-01-18,일,하차,2267,29,50,,186,187
207,민락,2026-01-19,월,승차,3907,332,631,,213,214
207,민락,2026-01-19,월,하차,3649,92,189,,467,468
207,민락,2026-01-20,화,승차,3938,317,602,,260,261
207,민락,2026-01-20,화,하차,3751,68,201,,510,511
207,민락,2026-01-21,수,승차,3830,321,603,,227,228
207,민락,2026-01-21,수,하차,3647,84,202,,540,541
207,민락,2026-01-22,목,승차,3741,314,595,,233,234
207,민락,2026-01-22,목,하차,3496,71,205,,519,520
207,민락,2026-01-23,금,승차,3988,329,615,,256,257
207,민락,2026-01-23,금,하차,3750,86,180,,539,540
207,민락,2026-01-24,토,승차,3183,111,194,,178,179
207,민락,2026-01-24,토,하차,3195,44,64,,272,273
207,민락,2026-01-25,일,승차,2304,62,136,,122,123
207,민락,2026-01-25,일,하차,2225,26,49,,205,206
207,민락,2026-01-26,월,승차,3727,328,594,,212,213
207,민락,2026-01-26,월,하차,3573,85,197,,508,509
207,민락,2026-01-27,화,승차,3883,350,609,,225,226
207,민락,2026-01-27,화,하차,3642,72,213,,514,515
207,민락,2026-01-28,수,승차,3940,317,577,,243,244
207,민락,2026-01-28,수,하차,3653,78,191,,530,531
207,민락,2026-01-29,목,승차,3837,335,566,,235,236
207,민락,2026-01-29,목,하차,3617,88,186,,510,511
207,민락,2026-01-30,금,승차,4002,324,593,,253,254
207,민락,2026-01-30,금,하차,3833,74,203,,526,527
207,민락,2026-01-31,토,승차,3202,131,259,,154,155
207,민락,2026-01-31,토,하차,3151,51,120,,263,264
207,민락,2026-02-01,일,승차,2314,78,138,,134,135
207,민락,2026-02-01,일,하차,2226,24,39,,187,188
207,민락,2026-02-02,월,승차,3916,385,678,,265,266
207,민락,2026-02-02,월,하차,3763,91,205,,541,542
207,민락,2026-02-03,화,승차,3946,381,642,,261,262
207,민락,2026-02-03,화,하차,3727,82,213,,542,543
207,민락,2026-02-04,수,승차,4001,358,646,,270,271
207,민락,2026-02-04,수,하차,3803,93,204,,494,495
207,민락,2026-02-05,목,승차,4153,371,663,,260,261
207,민락,2026-02-05,목,하차,3880,90,200,,523,524
207,민락,2026-02-06,금,승차,4207,331,648,,255,256
207,민락,2026-02-06,금,하차,3950,87,197,,496,497
207,민락,2026-02-07,토,승차,3335,117,224,,175,176
207,민락,2026-02-07,토,하차,3296,49,81,,295,296
207,민락,2026-02-08,일,승차,2182,64,116,,122,123
207,민락,2026-02-08,일,하차,2162,33,37,,171,172
207,민락,2026-02-09,월,승차,3891,345,621,,240,241
207,민락,2026-02-09,월,하차,3701,84,213,,522,523
207,민락,2026-02-10,화,승차,3889,367,607,,251,252
207,민락,2026-02-10,화,하차,3718,85,200,,537,538
207,민락,2026-02-11,수,승차,4099,336,636,,264,265
207,민락,2026-02-11,수,하차,3839,75,219,,518,519
207,민락,2026-02-12,목,승차,4235,356,596,,275,276
207,민락,2026-02-12,목,하차,3986,83,227,,507,508
207,민락,2026-02-13,금,승차,4361,323,559,,285,286
207,민락,2026-02-13,금,하차,4104,80,233,,521,522
207,민락,2026-02-14,토,승차,3351,125,195,,198,199
207,민락,2026-02-14,토,하차,3228,46,87,,251,252
207,민락,2026-02-15,일,승차,2611,71,115,,170,171
207,민락,2026-02-15,일,하차,2481,24,45,,226,227
207,민락,2026-02-16,월,승차,1960,74,55,,158,159
207,민락,2026-02-16,월,하차,1970,44,40,,173,174
207,민락,2026-02-17,화,승차,1732,52,71,,137,138
207,민락,2026-02-17,화,하차,1580,41,50,,134,135
207,민락,2026-02-18,수,승차,2341,54,82,,135,136
207,민락,2026-02-18,수,하차,2293,39,48,,210,211
207,민락,2026-02-19,목,승차,4006,337,600,,237,238
207,민락,2026-02-19,목,하차,3778,80,194,,508,509
207,민락,2026-02-20,금,승차,4234,319,619,,278,279
207,민락,2026-02-20,금,하차,3882,83,195,,527,528
207,민락,2026-02-21,토,승차,3320,117,228,,191,192
207,민락,2026-02-21,토,하차,3186,54,83,,256,257
207,민락,2026-02-22,일,승차,2520,76,141,,134,135
207,민락,2026-02-22,일,하차,2564,37,38,,211,212
207,민락,2026-02-23,월,승차,4050,360,589,,270,271
207,민락,2026-02-23,월,하차,3805,84,215,,520,521
207,민락,2026-02-24,화,승차,3767,363,635,,217,218
207,민락,2026-02-24,화,하차,3733,69,190,,529,530
207,민락,2026-02-25,수,승차,4061,326,604,,277,278
207,민락,2026-02-25,수,하차,3778,81,179,,564,565
207,민락,2026-02-26,목,승차,4179,348,636,,248,249
207,민락,2026-02-26,목,하차,3830,85,196,,480,481
207,민락,2026-02-27,금,승차,3895,307,591,,260,261
207,민락,2026-02-27,금,하차,3647,58,182,,490,491
207,민락,2026-02-28,토,승차,3419,114,252,,185,186
207,민락,2026-02-28,토,하차,3336,61,73,,287,288
207,민락,2026-03-01,일,승차,2534,79,145,,177,178
207,민락,2026-03-01,일,하차,2567,38,43,,244,245
207,민락,2026-03-02,월,승차,2217,90,160,,120,121
207,민락,2026-03-02,월,하차,2217,53,51,,211,212
207,민락,2026-03-03,화,승차,4160,469,659,,235,236
207,민락,2026-03-03,화,하차,3939,101,174,,567,568
207,민락,2026-03-04,수,승차,4052,438,665,,234,235
207,민락,2026-03-04,수,하차,3873,99,199,,514,515
207,민락,2026-03-05,목,승차,4125,435,692,,250,251
207,민락,2026-03-05,목,하차,3942,83,206,,520,521
207,민락,2026-03-06,금,승차,4136,423,630,,271,272
207,민락,2026-03-06,금,하차,3996,80,204,,556,557
207,민락,2026-03-07,토,승차,3328,127,229,,178,179
207,민락,2026-03-07,토,하차,3334,55,80,,298,299
207,민락,2026-03-08,일,승차,2521,78,164,,140,141
207,민락,2026-03-08,일,하차,2449,47,35,,232,233
207,민락,2026-03-09,월,승차,3986,449,661,,233,234
207,민락,2026-03-09,월,하차,3900,88,208,,524,525
207,민락,2026-03-10,화,승차,4290,462,689,,248,249
207,민락,2026-03-10,화,하차,4235,89,194,,576,577
207,민락,2026-03-11,수,승차,4256,449,664,,252,253
207,민락,2026-03-11,수,하차,4013,81,216,,554,555
207,민락,2026-03-12,목,승차,4033,454,663,,239,240
207,민락,2026-03-12,목,하차,4010,92,205,,558,559
207,민락,2026-03-13,금,승차,4339,426,653,,254,255
207,민락,2026-03-13,금,하차,4206,80,190,,548,549
207,민락,2026-03-14,토,승차,3649,146,227,,180,181
207,민락,2026-03-14,토,하차,3661,53,74,,290,291
207,민락,2026-03-15,일,승차,2509,78,135,,110,111
207,민락,2026-03-15,일,하차,2456,30,55,,213,214
207,민락,2026-03-16,월,승차,3970,479,632,,249,250
207,민락,2026-03-16,월,하차,3857,102,215,,516,517
207,민락,2026-03-17,화,승차,4188,444,693,,244,245
207,민락,2026-03-17,화,하차,3964,87,195,,530,531
207,민락,2026-03-18,수,승차,3999,451,655,,247,248
207,민락,2026-03-18,수,하차,3774,100,198,,490,491
207,민락,2026-03-19,목,승차,4249,443,692,,254,255
207,민락,2026-03-19,목,하차,4226,109,203,,541,542
207,민락,2026-03-20,금,승차,4348,431,639,,291,292
207,민락,2026-03-20,금,하차,4189,91,212,,542,543
207,민락,2026-03-21,토,승차,3578,145,235,,177,178
207,민락,2026-03-21,토,하차,3649,53,81,,297,298
207,민락,2026-03-22,일,승차,2613,106,186,,132,133
207,민락,2026-03-22,일,하차,2578,36,52,,192,193
207,민락,2026-03-23,월,승차,4230,452,692,,239,240
207,민락,2026-03-23,월,하차,4013,110,226,,540,541
207,민락,2026-03-24,화,승차,4138,463,710,,239,240
207,민락,2026-03-24,화,하차,3950,109,202,,539,540
207,민락,2026-03-25,수,승차,4223,464,627,,238,239
207,민락,2026-03-25,수,하차,3960,97,210,,523,524
207,민락,2026-03-26,목,승차,4219,475,664,,258,259
207,민락,2026-03-26,목,하차,4015,90,229,,503,504
207,민락,2026-03-27,금,승차,4332,463,639,,267,268
207,민락,2026-03-27,금,하차,4155,97,210,,530,531
207,민락,2026-03-28,토,승차,3909,157,270,,196,197
207,민락,2026-03-28,토,하차,3721,53,76,,306,307
207,민락,2026-03-29,일,승차,2687,77,149,,123,124
207,민락,2026-03-29,일,하차,2633,38,56,,212,213
207,민락,2026-03-30,월,승차,4085,475,636,,248,249
207,민락,2026-03-30,월,하차,4152,108,227,,583,584
207,민락,2026-03-31,화,승차,4125,474,668,,238,239
207,민락,2026-03-31,화,하차,3903,96,191,,546,547
207,민락,2026-04-01,수,승차,4160,469,651,,254,255
207,민락,2026-04-01,수,하차,4115,125,212,,531,532
207,민락,2026-04-02,목,승차,4421,473,688,,272,273
207,민락,2026-04-02,목,하차,4219,89,211,,531,532
207,민락,2026-04-03,금,승차,4446,454,665,,268,269
207,민락,2026-04-03,금,하차,4301,85,213,,529,530
207,민락,2026-04-04,토,승차,3256,138,200,,178,179
207,민락,2026-04-04,토,하차,3128,53,81,,268,269
207,민락,2026-04-05,일,승차,3131,121,223,,143,144
207,민락,2026-04-05,일,하차,2949,43,63,,236,237
207,민락,2026-04-06,월,승차,4015,487,648,,227,228
207,민락,2026-04-06,월,하차,3885,98,218,,506,507
207,민락,2026-04-07,화,승차,4368,492,673,,282,283
207,민락,2026-04-07,화,하차,4235,97,207,,623,624
207,민락,2026-04-08,수,승차,4423,468,662,,282,283
207,민락,2026-04-08,수,하차,4145,93,210,,556,557
207,민락,2026-04-09,목,승차,3839,489,639,,221,222
207,민락,2026-04-09,목,하차,3849,119,215,,527,528
207,민락,2026-04-10,금,승차,4459,454,677,,288,289
207,민락,2026-04-10,금,하차,4214,85,218,,514,515
207,민락,2026-04-11,토,승차,3674,155,265,,176,177
207,민락,2026-04-11,토,하차,3628,82,76,,308,309
207,민락,2026-04-12,일,승차,2665,96,161,,137,138
207,민락,2026-04-12,일,하차,2641,30,73,,207,208
207,민락,2026-04-13,월,승차,4183,482,666,,269,270
207,민락,2026-04-13,월,하차,3912,107,207,,571,572
207,민락,2026-04-14,화,승차,4359,494,692,,223,224
207,민락,2026-04-14,화,하차,4047,99,196,,536,537
207,민락,2026-04-15,수,승차,4346,473,664,,297,298
207,민락,2026-04-15,수,하차,4112,100,220,,525,526
207,민락,2026-04-16,목,승차,4261,480,668,,256,257
207,민락,2026-04-16,목,하차,4089,97,224,,552,553
207,민락,2026-04-17,금,승차,4215,449,659,,293,294
207,민락,2026-04-17,금,하차,4114,116,221,,522,523
207,민락,2026-04-18,토,승차,3630,162,235,,202,203
207,민락,2026-04-18,토,하차,3585,50,97,,253,254
207,민락,2026-04-19,일,승차,2667,91,171,,136,137
207,민락,2026-04-19,일,하차,2625,42,77,,216,217
207,민락,2026-04-20,월,승차,4132,479,665,,220,221
207,민락,2026-04-20,월,하차,3915,96,224,,519,520
207,민락,2026-04-21,화,승차,4271,479,695,,280,281
207,민락,2026-04-21,화,하차,3988,115,219,,513,514
207,민락,2026-04-22,수,승차,4197,478,674,,251,252
207,민락,2026-04-22,수,하차,4043,105,204,,562,563
207,민락,2026-04-23,목,승차,4047,461,649,,250,251
207,민락,2026-04-23,목,하차,3825,93,226,,460,461
207,민락,2026-04-24,금,승차,4521,444,650,,306,307
207,민락,2026-04-24,금,하차,4234,88,210,,542,543
207,민락,2026-04-25,토,승차,3559,158,257,,173,174
207,민락,2026-04-25,토,하차,3530,72,78,,302,303
207,민락,2026-04-26,일,승차,2609,109,147,,110,111
207,민락,2026-04-26,일,하차,2638,32,55,,215,216
207,민락,2026-04-27,월,승차,4245,487,672,,267,268
207,민락,2026-04-27,월,하차,3964,95,207,,544,545
207,민락,2026-04-28,화,승차,4379,476,674,,281,282
207,민락,2026-04-28,화,하차,4070,106,202,,523,524
207,민락,2026-04-29,수,승차,4262,466,642,,267,268
207,민락,2026-04-29,수,하차,4083,118,215,,558,559
207,민락,2026-04-30,목,승차,4438,460,677,,346,347
207,민락,2026-04-30,목,하차,4264,91,223,,528,529
207,민락,2026-05-01,금,승차,3290,104,186,,208,209
207,민락,2026-05-01,금,하차,3074,50,81,,273,274
207,민락,2026-05-02,토,승차,3761,144,224,,223,224
207,민락,2026-05-02,토,하차,3580,63,77,,320,321
207,민락,2026-05-03,일,승차,2359,83,143,,96,97
207,민락,2026-05-03,일,하차,2335,41,41,,224,225
207,민락,2026-05-04,월,승차,4301,370,577,,253,254
207,민락,2026-05-04,월,하차,4054,85,233,,511,512
207,민락,2026-05-05,화,승차,2965,104,137,,152,153
207,민락,2026-05-05,화,하차,2864,51,64,,272,273
207,민락,2026-05-06,수,승차,4288,497,662,,276,277
207,민락,2026-05-06,수,하차,4125,105,214,,562,563
207,민락,2026-05-07,목,승차,4221,472,681,,279,280
207,민락,2026-05-07,목,하차,4094,98,241,,591,592
207,민락,2026-05-08,금,승차,4401,460,670,,298,299
207,민락,2026-05-08,금,하차,4236,93,218,,552,553
207,민락,2026-05-09,토,승차,3671,139,258,,178,179
207,민락,2026-05-09,토,하차,3636,66,171,,292,293
207,민락,2026-05-10,일,승차,2864,128,181,,120,121
207,민락,2026-05-10,일,하차,2773,42,58,,245,246
207,민락,2026-05-11,월,승차,4161,502,645,,266,267
207,민락,2026-05-11,월,하차,3965,111,234,,526,527
207,민락,2026-05-12,화,승차,4191,490,668,,254,255
207,민락,2026-05-12,화,하차,3967,91,214,,537,538
207,민락,2026-05-13,수,승차,4375,481,644,,280,281
207,민락,2026-05-13,수,하차,4196,102,203,,565,566
207,민락,2026-05-14,목,승차,4263,472,658,,268,269
207,민락,2026-05-14,목,하차,4034,110,199,,525,526
207,민락,2026-05-15,금,승차,4430,463,658,,298,299
207,민락,2026-05-15,금,하차,4310,112,211,,538,539
207,민락,2026-05-16,토,승차,3777,138,282,,174,175
207,민락,2026-05-16,토,하차,3758,49,85,,313,314
207,민락,2026-05-17,일,승차,2804,101,189,,136,137
207,민락,2026-05-17,일,하차,2744,47,55,,237,238
207,민락,2026-05-18,월,승차,4074,477,631,,272,273
207,민락,2026-05-18,월,하차,3935,110,213,,547,548
207,민락,2026-05-19,화,승차,4230,500,648,,278,279
207,민락,2026-05-19,화,하차,4127,111,217,,540,541
207,민락,2026-05-20,수,승차,4021,442,646,,290,291
207,민락,2026-05-20,수,하차,3932,105,216,,545,546
207,민락,2026-05-21,목,승차,4104,459,635,,273,274
207,민락,2026-05-21,목,하차,3935,117,207,,498,499
207,민락,2026-05-22,금,승차,4452,421,658,,319,320
207,민락,2026-05-22,금,하차,4223,105,217,,509,510
207,민락,2026-05-23,토,승차,3495,146,254,,190,191
207,민락,2026-05-23,토,하차,3499,62,94,,328,329
207,민락,2026-05-24,일,승차,3092,103,203,,173,174
207,민락,2026-05-24,일,하차,3008,44,80,,266,267
207,민락,2026-05-25,월,승차,2714,119,164,,162,163
207,민락,2026-05-25,월,하차,2679,52,59,,226,227
207,민락,2026-05-26,화,승차,4279,486,673,,263,264
207,민락,2026-05-26,화,하차,4094,93,203,,527,528
207,민락,2026-05-27,수,승차,4053,460,657,,266,267
207,민락,2026-05-27,수,하차,3871,107,210,,514,515
207,민락,2026-05-28,목,승차,4264,486,629,,307,308
207,민락,2026-05-28,목,하차,4022,98,242,,452,453
207,민락,2026-05-29,금,승차,4422,495,613,,320,321
207,민락,2026-05-29,금,하차,4260,105,208,,527,528
207,민락,2026-05-30,토,승차,3580,144,245,,172,173
207,민락,2026-05-30,토,하차,3521,69,82,,297,298
207,민락,2026-05-31,일,승차,2582,102,155,,147,148
207,민락,2026-05-31,일,하차,2469,42,55,,204,205
207,민락,2026-06-01,월,승차,4171,475,654,,253,254
207,민락,2026-06-01,월,하차,4010,106,222,,571,572
207,민락,2026-06-02,화,승차,4028,460,671,,286,287
207,민락,2026-06-02,화,하차,3773,87,211,,484,485
207,민락,2026-06-03,수,승차,2920,102,188,,184,185
207,민락,2026-06-03,수,하차,2815,60,68,,220,221
207,민락,2026-06-04,목,승차,4185,454,682,,271,272
207,민락,2026-06-04,목,하차,3956,102,227,,495,496
207,민락,2026-06-05,금,승차,4401,444,656,,294,295
207,민락,2026-06-05,금,하차,4143,81,239,,504,505
207,민락,2026-06-06,토,승차,3235,117,132,,167,168
207,민락,2026-06-06,토,하차,3114,59,60,,232,233
207,민락,2026-06-07,일,승차,2422,85,147,,133,134
207,민락,2026-06-07,일,하차,2349,40,50,,194,195
207,민락,2026-06-08,월,승차,4074,489,665,,250,251
207,민락,2026-06-08,월,하차,3925,103,235,,544,545
207,민락,2026-06-09,화,승차,4350,492,678,,272,273
207,민락,2026-06-09,화,하차,4151,91,213,,504,505
207,민락,2026-06-10,수,승차,4381,483,599,,275,276
207,민락,2026-06-10,수,하차,4154,83,233,,548,549
207,민락,2026-06-11,목,승차,4384,458,639,,278,279
207,민락,2026-06-11,목,하차,4138,104,211,,551,552
207,민락,2026-06-12,금,승차,4523,468,652,,326,327
207,민락,2026-06-12,금,하차,4417,100,247,,529,530
207,민락,2026-06-13,토,승차,4129,162,234,,235,236
207,민락,2026-06-13,토,하차,4192,72,87,,334,335
207,민락,2026-06-14,일,승차,2755,104,160,,143,144
207,민락,2026-06-14,일,하차,2730,35,51,,225,226
207,민락,2026-06-15,월,승차,4182,493,667,,221,222
207,민락,2026-06-15,월,하차,3895,99,221,,496,497
207,민락,2026-06-16,화,승차,4251,476,682,,252,253
207,민락,2026-06-16,화,하차,4035,102,210,,498,499
207,민락,2026-06-17,수,승차,4311,454,636,,287,288
207,민락,2026-06-17,수,하차,4145,97,216,,524,525
207,민락,2026-06-18,목,승차,4153,472,672,,263,264
207,민락,2026-06-18,목,하차,4053,102,208,,548,549
207,민락,2026-06-19,금,승차,4257,460,661,,294,295
207,민락,2026-06-19,금,하차,4175,101,210,,557,558
207,민락,2026-06-20,토,승차,3196,112,204,,179,180
207,민락,2026-06-20,토,하차,3053,53,69,,228,229
207,민락,2026-06-21,일,승차,2555,94,148,,119,120
207,민락,2026-06-21,일,하차,2400,32,73,,215,216
207,민락,2026-06-22,월,승차,4054,490,644,,235,236
207,민락,2026-06-22,월,하차,3889,105,229,,512,513
207,민락,2026-06-23,화,승차,4249,470,661,,254,255
207,민락,2026-06-23,화,하차,4052,98,200,,523,524
207,민락,2026-06-24,수,승차,4086,435,599,,242,243
207,민락,2026-06-24,수,하차,3995,105,223,,543,544
207,민락,2026-06-25,목,승차,4247,459,638,,273,274
207,민락,2026-06-25,목,하차,4124,83,232,,550,551
207,민락,2026-06-26,금,승차,4399,438,614,,273,274
207,민락,2026-06-26,금,하차,4359,105,216,,545,546
207,민락,2026-06-27,토,승차,3732,135,282,,178,179
207,민락,2026-06-27,토,하차,3622,61,85,,298,299
207,민락,2026-06-28,일,승차,2701,95,144,,143,144
207,민락,2026-06-28,일,하차,2641,41,53,,203,204
207,민락,2026-06-29,월,승차,4129,467,649,,226,227
207,민락,2026-06-29,월,하차,3964,107,212,,519,520
207,민락,2026-06-30,화,승차,4191,443,637,,237,238
207,민락,2026-06-30,화,하차,4113,107,210,,518,519
208,수영,2026-01-01,목,승차,8727,340,607,,470,471
208,수영,2026-01-01,목,하차,7822,145,506,,653,654
208,수영,2026-01-02,금,승차,16061,935,1739,,1242,1243
208,수영,2026-01-02,금,하차,15925,349,1149,,2015,2016
208,수영,2026-01-03,토,승차,12896,443,759,,702,703
208,수영,2026-01-03,토,하차,12610,197,557,,1057,1058
208,수영,2026-01-04,일,승차,9366,215,491,,523,524
208,수영,2026-01-04,일,하차,8851,161,205,,713,714
208,수영,2026-01-05,월,승차,17085,1024,2085,,1249,1250
208,수영,2026-01-05,월,하차,16740,417,1343,,2102,2103
208,수영,2026-01-06,화,승차,16918,1014,2138,,1143,1144
208,수영,2026-01-06,화,하차,16532,383,1287,,2113,2114
208,수영,2026-01-07,수,승차,17056,1048,2119,,1117,1118
208,수영,2026-01-07,수,하차,16886,388,1320,,2180,2181
208,수영,2026-01-08,목,승차,16716,1003,2072,,1079,1080
208,수영,2026-01-08,목,하차,16375,401,1315,,2067,2068
208,수영,2026-01-09,금,승차,17591,1003,2078,,1338,1339
208,수영,2026-01-09,금,하차,17483,377,1286,,2294,2295
208,수영,2026-01-10,토,승차,14048,414,800,,808,809
208,수영,2026-01-10,토,하차,13922,214,564,,1118,1119
208,수영,2026-01-11,일,승차,9666,226,465,,474,475
208,수영,2026-01-11,일,하차,9235,113,192,,754,755
208,수영,2026-01-12,월,승차,17101,954,2101,,1221,1222
208,수영,2026-01-12,월,하차,16773,370,1407,,2088,2089
208,수영,2026-01-13,화,승차,17372,1030,2151,,1209,1210
208,수영,2026-01-13,화,하차,16944,392,1379,,2159,2160
208,수영,2026-01-14,수,승차,16979,1019,2103,,1202,1203
208,수영,2026-01-14,수,하차,16878,405,1286,,2271,2272
208,수영,2026-01-15,목,승차,17219,1011,2072,,1200,1201
208,수영,2026-01-15,목,하차,16748,382,1350,,2115,2116
208,수영,2026-01-16,금,승차,18085,1011,2053,,1386,1387
208,수영,2026-01-16,금,하차,17703,402,1301,,2344,2345
208,수영,2026-01-17,토,승차,14219,479,815,,779,780
208,수영,2026-01-17,토,하차,13676,214,603,,1103,1104
208,수영,2026-01-18,일,승차,9750,256,501,,535,536
208,수영,2026-01-18,일,하차,9414,116,211,,762,763
208,수영,2026-01-19,월,승차,17309,1010,2140,,1217,1218
208,수영,2026-01-19,월,하차,17073,384,1382,,2106,2107
208,수영,2026-01-20,화,승차,16854,1028,2098,,1119,1120
208,수영,2026-01-20,화,하차,16551,385,1305,,2056,2057
208,수영,2026-01-21,수,승차,16501,1020,2063,,1115,1116
208,수영,2026-01-21,수,하차,16095,365,1317,,2193,2194
208,수영,2026-01-22,목,승차,15573,932,2008,,1072,1073
208,수영,2026-01-22,목,하차,15374,369,1229,,2124,2125
208,수영,2026-01-23,금,승차,17286,990,2033,,1201,1202
208,수영,2026-01-23,금,하차,16969,354,1258,,2278,2279
208,수영,2026-01-24,토,승차,13610,391,786,,769,770
208,수영,2026-01-24,토,하차,13540,194,592,,1084,1085
208,수영,2026-01-25,일,승차,9413,245,465,,527,528
208,수영,2026-01-25,일,하차,8938,115,183,,741,742
208,수영,2026-01-26,월,승차,16798,994,2062,,1187,1188
208,수영,2026-01-26,월,하차,16430,375,1353,,2080,2081
208,수영,2026-01-27,화,승차,16762,999,2102,,1162,1163
208,수영,2026-01-27,화,하차,16492,388,1342,,2165,2166
208,수영,2026-01-28,수,승차,16950,963,2142,,1186,1187
208,수영,2026-01-28,수,하차,16770,392,1274,,2197,2198
208,수영,2026-01-29,목,승차,16763,982,2031,,1192,1193
208,수영,2026-01-29,목,하차,16271,357,1310,,2156,2157
208,수영,2026-01-30,금,승차,17289,940,2090,,1298,1299
208,수영,2026-01-30,금,하차,16801,359,1353,,2183,2184
208,수영,2026-01-31,토,승차,13740,425,828,,701,702
208,수영,2026-01-31,토,하차,13404,193,620,,1177,1178
208,수영,2026-02-01,일,승차,9378,275,482,,580,581
208,수영,2026-02-01,일,하차,9067,131,195,,702,703
208,수영,2026-02-02,월,승차,16803,1043,2085,,1222,1223
208,수영,2026-02-02,월,하차,16526,398,1471,,2094,2095
208,수영,2026-02-03,화,승차,16936,1078,2158,,1110,1111
208,수영,2026-02-03,화,하차,16486,373,1359,,2141,2142
208,수영,2026-02-04,수,승차,16841,1047,2144,,1213,1214
208,수영,2026-02-04,수,하차,16671,394,1373,,2140,2141
208,수영,2026-02-05,목,승차,16775,1029,2124,,1148,1149
208,수영,2026-02-05,목,하차,16428,357,1327,,2115,2116
208,수영,2026-02-06,금,승차,17786,1006,2125,,1305,1306
208,수영,2026-02-06,금,하차,17355,372,1363,,2268,2269
208,수영,2026-02-07,토,승차,13988,442,856,,792,793
208,수영,2026-02-07,토,하차,13872,214,566,,1216,1217
208,수영,2026-02-08,일,승차,9278,249,501,,479,480
208,수영,2026-02-08,일,하차,8874,108,195,,722,723
208,수영,2026-02-09,월,승차,17177,1038,2158,,1226,1227
208,수영,2026-02-09,월,하차,16769,383,1430,,2120,2121
208,수영,2026-02-10,화,승차,17133,1062,2159,,1123,1124
208,수영,2026-02-10,화,하차,16698,393,1438,,2163,2164
208,수영,2026-02-11,수,승차,17689,1036,2183,,1204,1205
208,수영,2026-02-11,수,하차,17313,370,1397,,2180,2181
208,수영,2026-02-12,목,승차,17830,1084,2059,,1264,1265
208,수영,2026-02-12,목,하차,17288,398,1372,,2176,2177
208,수영,2026-02-13,금,승차,18732,1016,2066,,1284,1285
208,수영,2026-02-13,금,하차,18342,384,1372,,2013,2014
208,수영,2026-02-14,토,승차,14709,428,807,,799,800
208,수영,2026-02-14,토,하차,14079,189,596,,1126,1127
208,수영,2026-02-15,일,승차,10739,289,452,,661,662
208,수영,2026-02-15,일,하차,10283,108,204,,932,933
208,수영,2026-02-16,월,승차,8439,233,366,,550,551
208,수영,2026-02-16,월,하차,7740,122,240,,680,681
208,수영,2026-02-17,화,승차,6589,241,288,,435,436
208,수영,2026-02-17,화,하차,6737,118,157,,643,644
208,수영,2026-02-18,수,승차,8744,228,338,,512,513
208,수영,2026-02-18,수,하차,8938,137,222,,831,832
208,수영,2026-02-19,목,승차,16754,984,1943,,1189,1190
208,수영,2026-02-19,목,하차,16400,398,1326,,2086,2087
208,수영,2026-02-20,금,승차,18122,992,2112,,1333,1334
208,수영,2026-02-20,금,하차,17682,377,1307,,2198,2199
208,수영,2026-02-21,토,승차,14299,475,879,,772,773
208,수영,2026-02-21,토,하차,13771,197,631,,1113,1114
208,수영,2026-02-22,일,승차,10224,287,500,,613,614
208,수영,2026-02-22,일,하차,9866,139,324,,737,738
208,수영,2026-02-23,월,승차,17723,1015,2066,,1289,1290
208,수영,2026-02-23,월,하차,17398,370,1447,,2156,2157
208,수영,2026-02-24,화,승차,16114,1085,2079,,1082,1083
208,수영,2026-02-24,화,하차,15684,366,1363,,2013,2014
208,수영,2026-02-25,수,승차,17682,1014,2137,,1316,1317
208,수영,2026-02-25,수,하차,17313,362,1352,,2233,2234
208,수영,2026-02-26,목,승차,17351,1054,2076,,1141,1142
208,수영,2026-02-26,목,하차,16853,372,1321,,2102,2103
208,수영,2026-02-27,금,승차,17390,961,2037,,1319,1320
208,수영,2026-02-27,금,하차,17052,355,1310,,2205,2206
208,수영,2026-02-28,토,승차,14660,492,880,,756,757
208,수영,2026-02-28,토,하차,14145,230,621,,1178,1179
208,수영,2026-03-01,일,승차,10639,292,506,,619,620
208,수영,2026-03-01,일,하차,10382,188,212,,933,934
208,수영,2026-03-02,월,승차,9573,363,525,,544,545
208,수영,2026-03-02,월,하차,9290,223,424,,758,759
208,수영,2026-03-03,화,승차,17352,1216,2302,,1130,1131
208,수영,2026-03-03,화,하차,16847,419,1421,,2133,2134
208,수영,2026-03-04,수,승차,17448,1217,2327,,1144,1145
208,수영,2026-03-04,수,하차,16919,391,1423,,2049,2050
208,수영,2026-03-05,목,승차,17496,1251,2269,,1143,1144
208,수영,2026-03-05,목,하차,16981,398,1393,,2135,2136
208,수영,2026-03-06,금,승차,17728,1165,2209,,1336,1337
208,수영,2026-03-06,금,하차,17446,407,1397,,2239,2240
208,수영,2026-03-07,토,승차,14250,504,891,,697,698
208,수영,2026-03-07,토,하차,13815,208,676,,1158,1159
208,수영,2026-03-08,일,승차,9851,282,559,,546,547
208,수영,2026-03-08,일,하차,9507,125,214,,767,768
208,수영,2026-03-09,월,승차,17910,1247,2250,,1244,1245
208,수영,2026-03-09,월,하차,17306,432,1488,,2090,2091
208,수영,2026-03-10,화,승차,17841,1297,2335,,1217,1218
208,수영,2026-03-10,화,하차,17611,442,1423,,2295,2296
208,수영,2026-03-11,수,승차,18163,1245,2316,,1221,1222
208,수영,2026-03-11,수,하차,17704,438,1391,,2231,2232
208,수영,2026-03-12,목,승차,17783,1244,2273,,1206,1207
208,수영,2026-03-12,목,하차,17267,451,1417,,2132,2133
208,수영,2026-03-13,금,승차,18246,1205,2220,,1299,1300
208,수영,2026-03-13,금,하차,18135,414,1375,,2374,2375
208,수영,2026-03-14,토,승차,15116,469,798,,803,804
208,수영,2026-03-14,토,하차,14520,209,631,,1211,1212
208,수영,2026-03-15,일,승차,10487,247,542,,525,526
208,수영,2026-03-15,일,하차,10057,135,168,,1040,1041
208,수영,2026-03-16,월,승차,17216,1214,2254,,1250,1251
208,수영,2026-03-16,월,하차,16824,437,1450,,2083,2084
208,수영,2026-03-17,화,승차,17801,1294,2294,,1241,1242
208,수영,2026-03-17,화,하차,17365,436,1450,,2229,2230
208,수영,2026-03-18,수,승차,16835,1209,2290,,1123,1124
208,수영,2026-03-18,수,하차,16183,402,1373,,2216,2217
208,수영,2026-03-19,목,승차,17964,1235,2277,,1172,1173
208,수영,2026-03-19,목,하차,17417,422,1529,,2150,2151
208,수영,2026-03-20,금,승차,18593,1186,2236,,1341,1342
208,수영,2026-03-20,금,하차,18394,441,1485,,2222,2223
208,수영,2026-03-21,토,승차,15161,487,880,,803,804
208,수영,2026-03-21,토,하차,14607,234,692,,1151,1152
208,수영,2026-03-22,일,승차,10492,356,517,,562,563
208,수영,2026-03-22,일,하차,10163,214,396,,810,811
208,수영,2026-03-23,월,승차,17925,1221,2328,,1304,1305
208,수영,2026-03-23,월,하차,17485,440,1492,,2185,2186
208,수영,2026-03-24,화,승차,18058,1244,2440,,1153,1154
208,수영,2026-03-24,화,하차,17581,435,1466,,2308,2309
208,수영,2026-03-25,수,승차,17842,1197,2318,,1111,1112
208,수영,2026-03-25,수,하차,17421,419,1425,,2231,2232
208,수영,2026-03-26,목,승차,17844,1198,2257,,1196,1197
208,수영,2026-03-26,목,하차,17259,427,1555,,2155,2156
208,수영,2026-03-27,금,승차,18686,1167,2222,,1278,1279
208,수영,2026-03-27,금,하차,18011,440,1367,,2269,2270
208,수영,2026-03-28,토,승차,15571,553,929,,921,922
208,수영,2026-03-28,토,하차,14814,245,668,,1197,1198
208,수영,2026-03-29,일,승차,10566,327,573,,623,624
208,수영,2026-03-29,일,하차,10080,125,234,,853,854
208,수영,2026-03-30,월,승차,17249,1232,2214,,1186,1187
208,수영,2026-03-30,월,하차,16728,450,1399,,2049,2050
208,수영,2026-03-31,화,승차,17322,1211,2272,,1179,1180
208,수영,2026-03-31,화,하차,16951,440,1431,,2251,2252
208,수영,2026-04-01,수,승차,17551,1245,2474,,1143,1144
208,수영,2026-04-01,수,하차,17037,416,1449,,2198,2199
208,수영,2026-04-02,목,승차,17836,1211,2306,,1162,1163
208,수영,2026-04-02,목,하차,17195,459,1429,,2202,2203
208,수영,2026-04-03,금,승차,18775,1246,2350,,1292,1293
208,수영,2026-04-03,금,하차,18248,447,1446,,2248,2249
208,수영,2026-04-04,토,승차,13369,424,819,,674,675
208,수영,2026-04-04,토,하차,12615,202,560,,1068,1069
208,수영,2026-04-05,일,승차,11937,472,752,,556,557
208,수영,2026-04-05,일,하차,10635,218,222,,975,976
208,수영,2026-04-06,월,승차,17318,1222,2238,,1168,1169
208,수영,2026-04-06,월,하차,16710,470,1487,,2091,2092
208,수영,2026-04-07,화,승차,18228,1290,2315,,1233,1234
208,수영,2026-04-07,화,하차,17455,437,1501,,2230,2231
208,수영,2026-04-08,수,승차,18192,1270,2368,,1196,1197
208,수영,2026-04-08,수,하차,17781,415,1470,,2202,2203
208,수영,2026-04-09,목,승차,16423,1243,2267,,1046,1047
208,수영,2026-04-09,목,하차,15929,408,1380,,2009,2010
208,수영,2026-04-10,금,승차,18475,1181,2221,,1373,1374
208,수영,2026-04-10,금,하차,18209,418,1456,,2272,2273
208,수영,2026-04-11,토,승차,15148,577,921,,802,803
208,수영,2026-04-11,토,하차,14417,252,661,,1173,1174
208,수영,2026-04-12,일,승차,10079,333,577,,474,475
208,수영,2026-04-12,일,하차,9501,127,216,,784,785
208,수영,2026-04-13,월,승차,17659,1256,2290,,1233,1234
208,수영,2026-04-13,월,하차,17152,457,1425,,2200,2201
208,수영,2026-04-14,화,승차,17559,1231,2348,,1083,1084
208,수영,2026-04-14,화,하차,17062,448,1421,,2110,2111
208,수영,2026-04-15,수,승차,18259,1282,2370,,1255,1256
208,수영,2026-04-15,수,하차,17437,439,1380,,2161,2162
208,수영,2026-04-16,목,승차,17932,1238,2310,,1141,1142
208,수영,2026-04-16,목,하차,17684,465,1463,,2173,2174
208,수영,2026-04-17,금,승차,18075,1209,2251,,1222,1223
208,수영,2026-04-17,금,하차,17852,421,1431,,2307,2308
208,수영,2026-04-18,토,승차,14960,563,922,,760,761
208,수영,2026-04-18,토,하차,14348,229,696,,1259,1260
208,수영,2026-04-19,일,승차,10411,365,601,,477,478
208,수영,2026-04-19,일,하차,9775,148,206,,797,798
208,수영,2026-04-20,월,승차,17697,1283,2257,,1224,1225
208,수영,2026-04-20,월,하차,17149,474,1607,,2018,2019
208,수영,2026-04-21,화,승차,18155,1319,2306,,1181,1182
208,수영,2026-04-21,화,하차,17579,437,1560,,2114,2115
208,수영,2026-04-22,수,승차,18002,1248,2300,,1187,1188
208,수영,2026-04-22,수,하차,17361,433,1453,,2193,2194
208,수영,2026-04-23,목,승차,17591,1240,2255,,1156,1157
208,수영,2026-04-23,목,하차,17081,395,1506,,2085,2086
208,수영,2026-04-24,금,승차,19022,1212,2203,,1305,1306
208,수영,2026-04-24,금,하차,18477,412,1413,,2287,2288
208,수영,2026-04-25,토,승차,15198,536,937,,808,809
208,수영,2026-04-25,토,하차,14603,228,702,,1156,1157
208,수영,2026-04-26,일,승차,10516,306,587,,514,515
208,수영,2026-04-26,일,하차,10209,330,573,,800,801
208,수영,2026-04-27,월,승차,17941,1225,2208,,1275,1276
208,수영,2026-04-27,월,하차,17429,470,1491,,2068,2069
208,수영,2026-04-28,화,승차,18532,1238,2316,,1201,1202
208,수영,2026-04-28,화,하차,17924,458,1540,,2206,2207
208,수영,2026-04-29,수,승차,18388,1213,2289,,1137,1138
208,수영,2026-04-29,수,하차,17856,448,1371,,2182,2183
208,수영,2026-04-30,목,승차,19266,1228,2264,,1315,1316
208,수영,2026-04-30,목,하차,18908,446,1372,,2340,2341
208,수영,2026-05-01,금,승차,13914,406,717,,852,853
208,수영,2026-05-01,금,하차,13174,224,514,,1115,1116
208,수영,2026-05-02,토,승차,15611,489,842,,835,836
208,수영,2026-05-02,토,하차,14653,243,585,,1313,1314
208,수영,2026-05-03,일,승차,9495,299,478,,570,571
208,수영,2026-05-03,일,하차,9062,194,207,,798,799
208,수영,2026-05-04,월,승차,18245,1008,1933,,1318,1319
208,수영,2026-05-04,월,하차,17809,418,1300,,2081,2082
208,수영,2026-05-05,화,승차,11681,363,514,,628,629
208,수영,2026-05-05,화,하차,11124,187,343,,929,930
208,수영,2026-05-06,수,승차,18307,1258,2356,,1174,1175
208,수영,2026-05-06,수,하차,17972,476,1435,,2157,2158
208,수영,2026-05-07,목,승차,18150,1278,2348,,1188,1189
208,수영,2026-05-07,목,하차,17686,463,1448,,2238,2239
208,수영,2026-05-08,금,승차,18941,1225,2362,,1323,1324
208,수영,2026-05-08,금,하차,18588,467,1471,,2268,2269
208,수영,2026-05-09,토,승차,15163,566,931,,725,726
208,수영,2026-05-09,토,하차,14799,257,689,,1160,1161
208,수영,2026-05-10,일,승차,10957,457,552,,502,503
208,수영,2026-05-10,일,하차,10414,181,238,,797,798
208,수영,2026-05-11,월,승차,17886,1240,2260,,1230,1231
208,수영,2026-05-11,월,하차,17394,494,1429,,2179,2180
208,수영,2026-05-12,화,승차,17607,1255,2286,,1168,1169
208,수영,2026-05-12,화,하차,17164,483,1436,,2074,2075
208,수영,2026-05-13,수,승차,18368,1295,2330,,1226,1227
208,수영,2026-05-13,수,하차,17771,498,1392,,2144,2145
208,수영,2026-05-14,목,승차,18073,1262,2234,,1194,1195
208,수영,2026-05-14,목,하차,17567,489,1481,,2216,2217
208,수영,2026-05-15,금,승차,18984,1210,2196,,1326,1327
208,수영,2026-05-15,금,하차,18434,478,1425,,2208,2209
208,수영,2026-05-16,토,승차,15875,513,1001,,854,855
208,수영,2026-05-16,토,하차,15102,244,676,,1102,1103
208,수영,2026-05-17,일,승차,11330,323,635,,608,609
208,수영,2026-05-17,일,하차,10577,191,325,,803,804
208,수영,2026-05-18,월,승차,17971,1258,2232,,1266,1267
208,수영,2026-05-18,월,하차,17436,501,1507,,2079,2080
208,수영,2026-05-19,화,승차,18173,1267,2324,,1177,1178
208,수영,2026-05-19,화,하차,17609,486,1489,,2129,2130
208,수영,2026-05-20,수,승차,16975,1268,2299,,1137,1138
208,수영,2026-05-20,수,하차,16377,466,1424,,2131,2132
208,수영,2026-05-21,목,승차,17852,1231,2334,,1228,1229
208,수영,2026-05-21,목,하차,17271,453,1509,,2148,2149
208,수영,2026-05-22,금,승차,19506,1229,2221,,1393,1394
208,수영,2026-05-22,금,하차,19024,501,1417,,2216,2217
208,수영,2026-05-23,토,승차,15362,511,940,,793,794
208,수영,2026-05-23,토,하차,14377,270,626,,1077,1078
208,수영,2026-05-24,일,승차,11816,367,677,,614,615
208,수영,2026-05-24,일,하차,11310,165,236,,985,986
208,수영,2026-05-25,월,승차,11888,420,598,,696,697
208,수영,2026-05-25,월,하차,11633,359,713,,893,894
208,수영,2026-05-26,화,승차,18071,1248,2303,,1121,1122
208,수영,2026-05-26,화,하차,17627,497,1510,,2067,2068
208,수영,2026-05-27,수,승차,17491,1189,2350,,1216,1217
208,수영,2026-05-27,수,하차,16949,450,1425,,2073,2074
208,수영,2026-05-28,목,승차,18546,1267,2256,,1187,1188
208,수영,2026-05-28,목,하차,17894,491,1401,,2217,2218
208,수영,2026-05-29,금,승차,18905,1206,2238,,1356,1357
208,수영,2026-05-29,금,하차,18235,480,1369,,2224,2225
208,수영,2026-05-30,토,승차,14529,536,933,,765,766
208,수영,2026-05-30,토,하차,13942,248,668,,1101,1102
208,수영,2026-05-31,일,승차,10190,339,574,,515,516
208,수영,2026-05-31,일,하차,9781,155,234,,773,774
208,수영,2026-06-01,월,승차,17932,1271,2297,,1287,1288
208,수영,2026-06-01,월,하차,17345,479,1536,,2122,2123
208,수영,2026-06-02,화,승차,16844,1277,2299,,1181,1182
208,수영,2026-06-02,화,하차,16401,445,1415,,2124,2125
208,수영,2026-06-03,수,승차,12269,463,671,,642,643
208,수영,2026-06-03,수,하차,11562,234,549,,863,864
208,수영,2026-06-04,목,승차,17750,1280,2293,,1181,1182
208,수영,2026-06-04,목,하차,17324,449,1471,,2127,2128
208,수영,2026-06-05,금,승차,18866,1251,2184,,1364,1365
208,수영,2026-06-05,금,하차,18336,458,1485,,2197,2198
208,수영,2026-06-06,토,승차,13089,400,641,,677,678
208,수영,2026-06-06,토,하차,12341,196,332,,1082,1083
208,수영,2026-06-07,일,승차,9824,280,527,,541,542
208,수영,2026-06-07,일,하차,9269,190,202,,645,646
208,수영,2026-06-08,월,승차,17332,1211,2312,,1213,1214
208,수영,2026-06-08,월,하차,16546,452,1445,,2076,2077
208,수영,2026-06-09,화,승차,18062,1258,2277,,1186,1187
208,수영,2026-06-09,화,하차,17558,529,1447,,2107,2108
208,수영,2026-06-10,수,승차,18186,1298,2266,,1154,1155
208,수영,2026-06-10,수,하차,17750,459,1440,,2203,2204
208,수영,2026-06-11,목,승차,18561,1313,2258,,1223,1224
208,수영,2026-06-11,목,하차,17746,475,1395,,2112,2113
208,수영,2026-06-12,금,승차,20232,1235,2221,,1373,1374
208,수영,2026-06-12,금,하차,20065,488,1443,,2185,2186
208,수영,2026-06-13,토,승차,17464,540,937,,875,876
208,수영,2026-06-13,토,하차,17391,266,693,,1126,1127
208,수영,2026-06-14,일,승차,10654,329,567,,563,564
208,수영,2026-06-14,일,하차,9831,153,248,,754,755
208,수영,2026-06-15,월,승차,18058,1320,2215,,1183,1184
208,수영,2026-06-15,월,하차,17548,467,1522,,2056,2057
208,수영,2026-06-16,화,승차,17786,1315,2228,,1213,1214
208,수영,2026-06-16,화,하차,17348,481,1407,,2120,2121
208,수영,2026-06-17,수,승차,17786,1290,2279,,1123,1124
208,수영,2026-06-17,수,하차,17181,471,1378,,2142,2143
208,수영,2026-06-18,목,승차,17828,1247,2232,,1114,1115
208,수영,2026-06-18,목,하차,17242,456,1467,,2132,2133
208,수영,2026-06-19,금,승차,18065,1202,2201,,1235,1236
208,수영,2026-06-19,금,하차,17570,503,1402,,2186,2187
208,수영,2026-06-20,토,승차,13259,446,849,,758,759
208,수영,2026-06-20,토,하차,12768,207,561,,1062,1063
208,수영,2026-06-21,일,승차,10048,337,530,,488,489
208,수영,2026-06-21,일,하차,9602,161,219,,849,850
208,수영,2026-06-22,월,승차,17581,1227,2206,,1196,1197
208,수영,2026-06-22,월,하차,17090,517,1411,,2189,2190
208,수영,2026-06-23,화,승차,18324,1289,2194,,1162,1163
208,수영,2026-06-23,화,하차,17745,462,1486,,2107,2108
208,수영,2026-06-24,수,승차,17908,1223,2132,,1124,1125
208,수영,2026-06-24,수,하차,17313,486,1409,,2039,2040
208,수영,2026-06-25,목,승차,18137,1199,2188,,1215,1216
208,수영,2026-06-25,목,하차,17375,470,1420,,2177,2178
208,수영,2026-06-26,금,승차,18890,1167,2184,,1299,1300
208,수영,2026-06-26,금,하차,18553,477,1393,,2183,2184
208,수영,2026-06-27,토,승차,15418,505,894,,749,750
208,수영,2026-06-27,토,하차,14890,246,664,,1092,1093
208,수영,2026-06-28,일,승차,11047,291,554,,594,595
208,수영,2026-06-28,일,하차,10736,197,342,,794,795
208,수영,2026-06-29,월,승차,18046,1257,2130,,1198,1199
208,수영,2026-06-29,월,하차,17447,485,1430,,2055,2056
208,수영,2026-06-30,화,승차,17516,1250,2214,,1131,1132
208,수영,2026-06-30,화,하차,16927,498,1358,,1988,1989
209,광안,2026-01-01,목,승차,11944,914,2392,,616,617
209,광안,2026-01-01,목,하차,11511,1298,233,,663,664
209,광안,2026-01-02,금,승차,10827,564,982,,813,814
209,광안,2026-01-02,금,하차,11797,203,538,,1531,1532
209,광안,2026-01-03,토,승차,11930,237,369,,765,766
209,광안,2026-01-03,토,하차,12793,119,313,,1527,1528
209,광안,2026-01-04,일,승차,8187,141,266,,583,584
209,광안,2026-01-04,일,하차,8515,70,148,,564,565
209,광안,2026-01-05,월,승차,10390,671,1204,,734,735
209,광안,2026-01-05,월,하차,11284,196,678,,1436,1437
209,광안,2026-01-06,화,승차,10853,665,1197,,768,769
209,광안,2026-01-06,화,하차,11326,194,676,,1519,1520
209,광안,2026-01-07,수,승차,10814,669,1264,,748,749
209,광안,2026-01-07,수,하차,11391,206,674,,1499,1500
209,광안,2026-01-08,목,승차,10472,635,1197,,729,730
209,광안,2026-01-08,목,하차,11142,204,631,,1419,1420
209,광안,2026-01-09,금,승차,10923,631,1184,,806,807
209,광안,2026-01-09,금,하차,11802,190,662,,1605,1606
209,광안,2026-01-10,토,승차,11743,234,416,,803,804
209,광안,2026-01-10,토,하차,13282,120,336,,1399,1400
209,광안,2026-01-11,일,승차,8013,177,258,,551,552
209,광안,2026-01-11,일,하차,8113,79,150,,615,616
209,광안,2026-01-12,월,승차,10430,618,1227,,730,731
209,광안,2026-01-12,월,하차,11310,200,768,,1432,1433
209,광안,2026-01-13,화,승차,10995,628,1229,,813,814
209,광안,2026-01-13,화,하차,11816,199,714,,1626,1627
209,광안,2026-01-14,수,승차,11151,626,1217,,800,801
209,광안,2026-01-14,수,하차,11679,186,682,,1493,1494
209,광안,2026-01-15,목,승차,11175,621,1173,,775,776
209,광안,2026-01-15,목,하차,11690,192,629,,1476,1477
209,광안,2026-01-16,금,승차,11295,609,1180,,882,883
209,광안,2026-01-16,금,하차,12271,185,692,,1610,1611
209,광안,2026-01-17,토,승차,13394,216,472,,749,750
209,광안,2026-01-17,토,하차,15120,122,339,,1779,1780
209,광안,2026-01-18,일,승차,8892,140,293,,662,663
209,광안,2026-01-18,일,하차,9363,79,165,,686,687
209,광안,2026-01-19,월,승차,11004,593,1242,,787,788
209,광안,2026-01-19,월,하차,11563,211,699,,1430,1431
209,광안,2026-01-20,화,승차,10913,637,1191,,799,800
209,광안,2026-01-20,화,하차,11494,211,672,,1556,1557
209,광안,2026-01-21,수,승차,10250,640,1209,,700,701
209,광안,2026-01-21,수,하차,10945,208,684,,1453,1454
209,광안,2026-01-22,목,승차,10080,597,1174,,685,686
209,광안,2026-01-22,목,하차,10579,201,652,,1375,1376
209,광안,2026-01-23,금,승차,11069,630,1173,,824,825
209,광안,2026-01-23,금,하차,11897,178,684,,1573,1574
209,광안,2026-01-24,토,승차,12309,230,418,,741,742
209,광안,2026-01-24,토,하차,13984,128,392,,1621,1622
209,광안,2026-01-25,일,승차,8244,135,291,,591,592
209,광안,2026-01-25,일,하차,8923,87,152,,713,714
209,광안,2026-01-26,월,승차,10750,620,1216,,787,788
209,광안,2026-01-26,월,하차,11448,198,711,,1520,1521
209,광안,2026-01-27,화,승차,10963,647,1201,,778,779
209,광안,2026-01-27,화,하차,11662,222,724,,1468,1469
209,광안,2026-01-28,수,승차,10970,664,1191,,764,765
209,광안,2026-01-28,수,하차,11524,200,699,,1391,1392
209,광안,2026-01-29,목,승차,10728,634,1182,,779,780
209,광안,2026-01-29,목,하차,11371,202,647,,1497,1498
209,광안,2026-01-30,금,승차,11037,613,1157,,755,756
209,광안,2026-01-30,금,하차,11968,206,712,,1532,1533
209,광안,2026-01-31,토,승차,12807,251,481,,737,738
209,광안,2026-01-31,토,하차,14376,119,439,,1721,1722
209,광안,2026-02-01,일,승차,8357,143,270,,610,611
209,광안,2026-02-01,일,하차,8595,94,127,,657,658
209,광안,2026-02-02,월,승차,10561,616,1264,,756,757
209,광안,2026-02-02,월,하차,11108,265,811,,1394,1395
209,광안,2026-02-03,화,승차,10927,627,1333,,798,799
209,광안,2026-02-03,화,하차,11626,284,843,,1554,1555
209,광안,2026-02-04,수,승차,11277,657,1240,,840,841
209,광안,2026-02-04,수,하차,11715,247,808,,1534,1535
209,광안,2026-02-05,목,승차,11440,638,1265,,746,747
209,광안,2026-02-05,목,하차,12081,256,841,,1565,1566
209,광안,2026-02-06,금,승차,11830,595,1217,,832,833
209,광안,2026-02-06,금,하차,12469,227,777,,1635,1636
209,광안,2026-02-07,토,승차,11974,260,459,,886,887
209,광안,2026-02-07,토,하차,14006,133,372,,1334,1335
209,광안,2026-02-08,일,승차,8058,136,244,,591,592
209,광안,2026-02-08,일,하차,8602,82,171,,645,646
209,광안,2026-02-09,월,승차,11189,626,1212,,794,795
209,광안,2026-02-09,월,하차,11965,228,753,,1446,1447
209,광안,2026-02-10,화,승차,11307,634,1241,,822,823
209,광안,2026-02-10,화,하차,11917,221,730,,1624,1625
209,광안,2026-02-11,수,승차,11871,644,1271,,865,866
209,광안,2026-02-11,수,하차,12508,300,735,,1548,1549
209,광안,2026-02-12,목,승차,12149,651,1248,,889,890
209,광안,2026-02-12,목,하차,12736,224,728,,1580,1581
209,광안,2026-02-13,금,승차,12851,620,1245,,933,934
209,광안,2026-02-13,금,하차,13572,205,727,,1587,1588
209,광안,2026-02-14,토,승차,15284,255,437,,725,726
209,광안,2026-02-14,토,하차,17273,135,356,,1925,1926
209,광안,2026-02-15,일,승차,10909,157,306,,846,847
209,광안,2026-02-15,일,하차,11812,98,167,,1036,1037
209,광안,2026-02-16,월,승차,8240,155,223,,687,688
209,광안,2026-02-16,월,하차,8777,87,138,,769,770
209,광안,2026-02-17,화,승차,6639,118,194,,556,557
209,광안,2026-02-17,화,하차,7403,85,148,,608,609
209,광안,2026-02-18,수,승차,8444,131,203,,700,701
209,광안,2026-02-18,수,하차,9121,85,133,,772,773
209,광안,2026-02-19,목,승차,11844,586,1103,,964,965
209,광안,2026-02-19,목,하차,12864,211,666,,1612,1613
209,광안,2026-02-20,금,승차,12953,601,1179,,991,992
209,광안,2026-02-20,금,하차,13947,213,729,,1833,1834
209,광안,2026-02-21,토,승차,15133,293,486,,954,955
209,광안,2026-02-21,토,하차,17020,131,398,,2097,2098
209,광안,2026-02-22,일,승차,10611,165,281,,739,740
209,광안,2026-02-22,일,하차,11380,84,182,,858,859
209,광안,2026-02-23,월,승차,11992,654,1269,,910,911
209,광안,2026-02-23,월,하차,12677,216,770,,1640,1641
209,광안,2026-02-24,화,승차,10225,648,1243,,659,660
209,광안,2026-02-24,화,하차,10663,224,768,,1328,1329
209,광안,2026-02-25,수,승차,11981,646,1230,,872,873
209,광안,2026-02-25,수,하차,12690,226,785,,1597,1598
209,광안,2026-02-26,목,승차,12071,659,1213,,872,873
209,광안,2026-02-26,목,하차,12771,219,750,,1601,1602
209,광안,2026-02-27,금,승차,11742,594,1200,,909,910
209,광안,2026-02-27,금,하차,12508,203,739,,1543,1544
209,광안,2026-02-28,토,승차,15347,262,490,,901,902
209,광안,2026-02-28,토,하차,16794,137,321,,1980,1981
209,광안,2026-03-01,일,승차,11468,179,309,,939,940
209,광안,2026-03-01,일,하차,12471,93,199,,979,980
209,광안,2026-03-02,월,승차,6696,192,300,,400,401
209,광안,2026-03-02,월,하차,6757,140,318,,484,485
209,광안,2026-03-03,화,승차,11403,718,1319,,1150,1151
209,광안,2026-03-03,화,하차,12063,302,850,,1570,1571
209,광안,2026-03-04,수,승차,10340,774,1309,,668,669
209,광안,2026-03-04,수,하차,10876,274,849,,1394,1395
209,광안,2026-03-05,목,승차,10541,733,1365,,695,696
209,광안,2026-03-05,목,하차,11147,305,810,,1397,1398
209,광안,2026-03-06,금,승차,10999,708,1296,,768,769
209,광안,2026-03-06,금,하차,11654,314,813,,1557,1558
209,광안,2026-03-07,토,승차,12519,246,460,,749,750
209,광안,2026-03-07,토,하차,13733,143,354,,1423,1424
209,광안,2026-03-08,일,승차,8460,173,301,,567,568
209,광안,2026-03-08,일,하차,8720,94,149,,636,637
209,광안,2026-03-09,월,승차,10436,749,1343,,668,669
209,광안,2026-03-09,월,하차,10880,318,879,,1414,1415
209,광안,2026-03-10,화,승차,10529,748,1369,,648,649
209,광안,2026-03-10,화,하차,10893,287,827,,1476,1477
209,광안,2026-03-11,수,승차,10909,747,1380,,656,657
209,광안,2026-03-11,수,하차,11334,314,813,,1433,1434
209,광안,2026-03-12,목,승차,10555,753,1316,,673,674
209,광안,2026-03-12,목,하차,11107,288,825,,1501,1502
209,광안,2026-03-13,금,승차,11268,710,1250,,792,793
209,광안,2026-03-13,금,하차,12222,289,816,,1564,1565
209,광안,2026-03-14,토,승차,14304,262,480,,789,790
209,광안,2026-03-14,토,하차,15883,146,356,,1801,1802
209,광안,2026-03-15,일,승차,9007,159,312,,610,611
209,광안,2026-03-15,일,하차,9205,86,140,,746,747
209,광안,2026-03-16,월,승차,10514,746,1310,,673,674
209,광안,2026-03-16,월,하차,10841,301,849,,1455,1456
209,광안,2026-03-17,화,승차,10977,752,1376,,728,729
209,광안,2026-03-17,화,하차,11375,310,883,,1536,1537
209,광안,2026-03-18,수,승차,9804,762,1381,,655,656
209,광안,2026-03-18,수,하차,10253,281,829,,1404,1405
209,광안,2026-03-19,목,승차,11194,754,1335,,703,704
209,광안,2026-03-19,목,하차,11713,288,871,,1564,1565
209,광안,2026-03-20,금,승차,11986,725,1279,,771,772
209,광안,2026-03-20,금,하차,12973,292,816,,1666,1667
209,광안,2026-03-21,토,승차,15412,252,533,,945,946
209,광안,2026-03-21,토,하차,16575,141,371,,1922,1923
209,광안,2026-03-22,일,승차,9339,221,378,,646,647
209,광안,2026-03-22,일,하차,9565,105,153,,718,719
209,광안,2026-03-23,월,승차,11092,779,1331,,762,763
209,광안,2026-03-23,월,하차,11638,281,879,,1540,1541
209,광안,2026-03-24,화,승차,10876,746,1350,,681,682
209,광안,2026-03-24,화,하차,11294,310,755,,1510,1511
209,광안,2026-03-25,수,승차,10869,720,1375,,691,692
209,광안,2026-03-25,수,하차,11192,300,815,,1457,1458
209,광안,2026-03-26,목,승차,11423,746,1333,,747,748
209,광안,2026-03-26,목,하차,11776,307,816,,1502,1503
209,광안,2026-03-27,금,승차,12408,738,1268,,883,884
209,광안,2026-03-27,금,하차,13208,274,816,,1704,1705
209,광안,2026-03-28,토,승차,15620,290,522,,893,894
209,광안,2026-03-28,토,하차,16896,136,346,,1886,1887
209,광안,2026-03-29,일,승차,9529,194,354,,643,644
209,광안,2026-03-29,일,하차,9862,109,165,,822,823
209,광안,2026-03-30,월,승차,10286,733,1364,,607,608
209,광안,2026-03-30,월,하차,10552,308,784,,1347,1348
209,광안,2026-03-31,화,승차,10799,741,1372,,669,670
209,광안,2026-03-31,화,하차,11177,294,810,,1464,1465
209,광안,2026-04-01,수,승차,11000,770,1359,,674,675
209,광안,2026-04-01,수,하차,11418,306,853,,1519,1520
209,광안,2026-04-02,목,승차,11661,784,1338,,791,792
209,광안,2026-04-02,목,하차,12026,316,857,,1638,1639
209,광안,2026-04-03,금,승차,12250,810,1404,,866,867
209,광안,2026-04-03,금,하차,13082,318,855,,1697,1698
209,광안,2026-04-04,토,승차,13061,220,443,,706,707
209,광안,2026-04-04,토,하차,14045,142,453,,1563,1564
209,광안,2026-04-05,일,승차,16780,588,686,,739,740
209,광안,2026-04-05,일,하차,10969,109,268,,763,764
209,광안,2026-04-06,월,승차,10525,756,1351,,663,664
209,광안,2026-04-06,월,하차,10831,315,864,,1442,1443
209,광안,2026-04-07,화,승차,11327,804,1451,,690,691
209,광안,2026-04-07,화,하차,11756,303,874,,1538,1539
209,광안,2026-04-08,수,승차,11363,802,1417,,703,704
209,광안,2026-04-08,수,하차,11679,323,836,,1459,1460
209,광안,2026-04-09,목,승차,9650,763,1592,,524,525
209,광안,2026-04-09,목,하차,10181,271,811,,1300,1301
209,광안,2026-04-10,금,승차,12192,693,1371,,883,884
209,광안,2026-04-10,금,하차,13040,308,763,,1640,1641
209,광안,2026-04-11,토,승차,14540,295,526,,750,751
209,광안,2026-04-11,토,하차,15833,144,405,,1589,1590
209,광안,2026-04-12,일,승차,8982,220,346,,584,585
209,광안,2026-04-12,일,하차,9287,92,172,,697,698
209,광안,2026-04-13,월,승차,11033,776,1308,,693,694
209,광안,2026-04-13,월,하차,11446,307,863,,1472,1473
209,광안,2026-04-14,화,승차,10780,743,1418,,641,642
209,광안,2026-04-14,화,하차,11163,320,862,,1517,1518
209,광안,2026-04-15,수,승차,11032,771,1379,,744,745
209,광안,2026-04-15,수,하차,11533,320,827,,1533,1534
209,광안,2026-04-16,목,승차,10957,743,1358,,649,650
209,광안,2026-04-16,목,하차,11417,309,779,,1543,1544
209,광안,2026-04-17,금,승차,11105,710,1352,,703,704
209,광안,2026-04-17,금,하차,11785,285,775,,1531,1532
209,광안,2026-04-18,토,승차,14145,268,590,,772,773
209,광안,2026-04-18,토,하차,15170,145,434,,1616,1617
209,광안,2026-04-19,일,승차,8640,194,355,,584,585
209,광안,2026-04-19,일,하차,9199,98,173,,772,773
209,광안,2026-04-20,월,승차,10804,752,1367,,669,670
209,광안,2026-04-20,월,하차,11166,303,841,,1407,1408
209,광안,2026-04-21,화,승차,11106,798,1387,,695,696
209,광안,2026-04-21,화,하차,11323,292,828,,1445,1446
209,광안,2026-04-22,수,승차,10510,772,1376,,638,639
209,광안,2026-04-22,수,하차,11078,307,818,,1439,1440
209,광안,2026-04-23,목,승차,10684,720,1349,,698,699
209,광안,2026-04-23,목,하차,11123,281,838,,1402,1403
209,광안,2026-04-24,금,승차,12333,723,1275,,885,886
209,광안,2026-04-24,금,하차,13557,308,882,,1705,1706
209,광안,2026-04-25,토,승차,15432,291,508,,816,817
209,광안,2026-04-25,토,하차,16556,150,417,,1892,1893
209,광안,2026-04-26,일,승차,9974,206,364,,607,608
209,광안,2026-04-26,일,하차,10333,141,221,,717,718
209,광안,2026-04-27,월,승차,11578,775,1413,,716,717
209,광안,2026-04-27,월,하차,11927,314,824,,1520,1521
209,광안,2026-04-28,화,승차,11307,744,1379,,702,703
209,광안,2026-04-28,화,하차,11992,332,812,,1616,1617
209,광안,2026-04-29,수,승차,11435,783,1417,,723,724
209,광안,2026-04-29,수,하차,12009,282,855,,1482,1483
209,광안,2026-04-30,목,승차,11922,732,1341,,817,818
209,광안,2026-04-30,목,하차,12992,280,810,,1642,1643
209,광안,2026-05-01,금,승차,13259,226,443,,990,991
209,광안,2026-05-01,금,하차,14991,134,292,,1498,1499
209,광안,2026-05-02,토,승차,22509,267,506,,1065,1066
209,광안,2026-05-02,토,하차,24500,142,414,,3355,3356
209,광안,2026-05-03,일,승차,9314,182,274,,698,699
209,광안,2026-05-03,일,하차,10037,115,165,,894,895
209,광안,2026-05-04,월,승차,14898,636,1201,,1120,1121
209,광안,2026-05-04,월,하차,16306,241,799,,1963,1964
209,광안,2026-05-05,화,승차,11821,212,363,,901,902
209,광안,2026-05-05,화,하차,12253,111,254,,865,866
209,광안,2026-05-06,수,승차,11426,782,1346,,742,743
209,광안,2026-05-06,수,하차,11854,313,925,,1451,1452
209,광안,2026-05-07,목,승차,11379,780,1374,,697,698
209,광안,2026-05-07,목,하차,11686,326,843,,1526,1527
209,광안,2026-05-08,금,승차,12094,707,1337,,861,862
209,광안,2026-05-08,금,하차,13027,330,913,,1620,1621
209,광안,2026-05-09,토,승차,15894,273,488,,841,842
209,광안,2026-05-09,토,하차,17237,190,469,,1779,1780
209,광안,2026-05-10,일,승차,10333,340,356,,665,666
209,광안,2026-05-10,일,하차,10738,135,195,,818,819
209,광안,2026-05-11,월,승차,11382,756,1338,,728,729
209,광안,2026-05-11,월,하차,11891,337,914,,1403,1404
209,광안,2026-05-12,화,승차,10915,758,1342,,637,638
209,광안,2026-05-12,화,하차,11201,337,906,,1453,1454
209,광안,2026-05-13,수,승차,11598,783,1378,,699,700
209,광안,2026-05-13,수,하차,12103,346,857,,1499,1500
209,광안,2026-05-14,목,승차,11665,761,1415,,709,710
209,광안,2026-05-14,목,하차,12188,336,897,,1454,1455
209,광안,2026-05-15,금,승차,12607,725,1330,,879,880
209,광안,2026-05-15,금,하차,13753,336,877,,1748,1749
209,광안,2026-05-16,토,승차,17764,275,534,,786,787
209,광안,2026-05-16,토,하차,19692,176,536,,2057,2058
209,광안,2026-05-17,일,승차,11213,200,390,,756,757
209,광안,2026-05-17,일,하차,11655,99,218,,858,859
209,광안,2026-05-18,월,승차,11355,756,1290,,772,773
209,광안,2026-05-18,월,하차,11913,311,889,,1509,1510
209,광안,2026-05-19,화,승차,11522,785,1388,,681,682
209,광안,2026-05-19,화,하차,11915,375,856,,1575,1576
209,광안,2026-05-20,수,승차,10101,759,1355,,653,654
209,광안,2026-05-20,수,하차,10452,320,873,,1360,1361
209,광안,2026-05-21,목,승차,11008,723,1371,,700,701
209,광안,2026-05-21,목,하차,11493,290,849,,1488,1489
209,광안,2026-05-22,금,승차,12564,720,1300,,907,908
209,광안,2026-05-22,금,하차,13408,322,874,,1712,1713
209,광안,2026-05-23,토,승차,17082,268,502,,815,816
209,광안,2026-05-23,토,하차,18612,159,416,,2187,2188
209,광안,2026-05-24,일,승차,13518,224,376,,904,905
209,광안,2026-05-24,일,하차,15051,113,270,,1391,1392
209,광안,2026-05-25,월,승차,11030,244,401,,845,846
209,광안,2026-05-25,월,하차,11620,149,336,,894,895
209,광안,2026-05-26,화,승차,10683,720,1346,,660,661
209,광안,2026-05-26,화,하차,11066,336,870,,1361,1362
209,광안,2026-05-27,수,승차,10408,779,1380,,721,722
209,광안,2026-05-27,수,하차,10748,290,849,,1435,1436
209,광안,2026-05-28,목,승차,11863,708,1434,,778,779
209,광안,2026-05-28,목,하차,12533,326,875,,1514,1515
209,광안,2026-05-29,금,승차,12434,759,1299,,880,881
209,광안,2026-05-29,금,하차,13301,296,793,,1675,1676
209,광안,2026-05-30,토,승차,14408,278,534,,814,815
209,광안,2026-05-30,토,하차,16099,152,404,,1781,1782
209,광안,2026-05-31,일,승차,9495,195,347,,603,604
209,광안,2026-05-31,일,하차,10038,129,218,,831,832
209,광안,2026-06-01,월,승차,10969,737,1389,,694,695
209,광안,2026-06-01,월,하차,11552,338,870,,1495,1496
209,광안,2026-06-02,화,승차,10200,696,1368,,668,669
209,광안,2026-06-02,화,하차,11034,286,836,,1456,1457
209,광안,2026-06-03,수,승차,10050,230,407,,641,642
209,광안,2026-06-03,수,하차,10737,152,341,,853,854
209,광안,2026-06-04,목,승차,11030,754,1364,,643,644
209,광안,2026-06-04,목,하차,11671,253,757,,1448,1449
209,광안,2026-06-05,금,승차,12310,721,1364,,815,816
209,광안,2026-06-05,금,하차,13295,310,828,,1728,1729
209,광안,2026-06-06,토,승차,15384,256,370,,775,776
209,광안,2026-06-06,토,하차,16716,137,264,,1781,1782
209,광안,2026-06-07,일,승차,8344,198,304,,524,525
209,광안,2026-06-07,일,하차,8814,119,170,,642,643
209,광안,2026-06-08,월,승차,10483,736,1330,,641,642
209,광안,2026-06-08,월,하차,10948,288,846,,1417,1418
209,광안,2026-06-09,화,승차,10959,785,1349,,651,652
209,광안,2026-06-09,화,하차,11701,352,834,,1529,1530
209,광안,2026-06-10,수,승차,11423,766,1392,,756,757
209,광안,2026-06-10,수,하차,12281,317,849,,1510,1511
209,광안,2026-06-11,목,승차,11860,772,1364,,774,775
209,광안,2026-06-11,목,하차,12946,315,785,,1582,1583
209,광안,2026-06-12,금,승차,16350,749,1317,,802,803
209,광안,2026-06-12,금,하차,18392,334,919,,2309,2310
209,광안,2026-06-13,토,승차,23006,313,548,,1070,1071
209,광안,2026-06-13,토,하차,25711,199,529,,2645,2646
209,광안,2026-06-14,일,승차,11885,248,342,,800,801
209,광안,2026-06-14,일,하차,12789,102,222,,1057,1058
209,광안,2026-06-15,월,승차,11003,743,1363,,694,695
209,광안,2026-06-15,월,하차,11660,329,927,,1460,1461
209,광안,2026-06-16,화,승차,11367,748,1363,,699,700
209,광안,2026-06-16,화,하차,12013,324,829,,1485,1486
209,광안,2026-06-17,수,승차,11241,765,1391,,690,691
209,광안,2026-06-17,수,하차,11983,300,843,,1566,1567
209,광안,2026-06-18,목,승차,11336,741,1313,,685,686
209,광안,2026-06-18,목,하차,11979,303,788,,1520,1521
209,광안,2026-06-19,금,승차,11231,760,1372,,793,794
209,광안,2026-06-19,금,하차,12207,303,814,,1552,1553
209,광안,2026-06-20,토,승차,12137,224,410,,714,715
209,광안,2026-06-20,토,하차,13797,126,386,,1508,1509
209,광안,2026-06-21,일,승차,9269,184,352,,628,629
209,광안,2026-06-21,일,하차,9911,112,188,,768,769
209,광안,2026-06-22,월,승차,11142,773,1304,,715,716
209,광안,2026-06-22,월,하차,11931,295,856,,1524,1525
209,광안,2026-06-23,화,승차,11747,757,1337,,754,755
209,광안,2026-06-23,화,하차,12318,326,820,,1526,1527
209,광안,2026-06-24,수,승차,11329,743,1308,,763,764
209,광안,2026-06-24,수,하차,11918,340,792,,1454,1455
209,광안,2026-06-25,목,승차,11558,727,1238,,795,796
209,광안,2026-06-25,목,하차,12200,305,804,,1490,1491
209,광안,2026-06-26,금,승차,12770,744,1252,,856,857
209,광안,2026-06-26,금,하차,13939,296,794,,1708,1709
209,광안,2026-06-27,토,승차,17489,296,503,,831,832
209,광안,2026-06-27,토,하차,19039,153,476,,2216,2217
209,광안,2026-06-28,일,승차,10212,188,328,,653,654
209,광안,2026-06-28,일,하차,10852,92,166,,841,842
209,광안,2026-06-29,월,승차,12009,729,1284,,801,802
209,광안,2026-06-29,월,하차,13048,323,861,,1527,1528
209,광안,2026-06-30,화,승차,11944,724,1300,,768,769
209,광안,2026-06-30,화,하차,12480,327,843,,1578,1579
210,금련산,2026-01-01,목,승차,8762,1476,1816,,394,395
210,금련산,2026-01-01,목,하차,9698,2071,156,,464,465
210,금련산,2026-01-02,금,승차,8204,322,596,,714,715
210,금련산,2026-01-02,금,하차,9204,265,690,,1108,1109
210,금련산,2026-01-03,토,승차,7542,132,229,,513,514
210,금련산,2026-01-03,토,하차,8959,136,302,,984,985
210,금련산,2026-01-04,일,승차,5199,94,151,,365,366
210,금련산,2026-01-04,일,하차,5587,74,147,,366,367
210,금련산,2026-01-05,월,승차,7909,357,708,,753,754
210,금련산,2026-01-05,월,하차,8592,270,912,,907,908
210,금련산,2026-01-06,화,승차,7903,351,734,,673,674
210,금련산,2026-01-06,화,하차,8700,258,960,,967,968
210,금련산,2026-01-07,수,승차,8458,328,724,,662,663
210,금련산,2026-01-07,수,하차,9165,267,971,,1059,1060
210,금련산,2026-01-08,목,승차,8197,338,748,,705,706
210,금련산,2026-01-08,목,하차,8662,255,1017,,971,972
210,금련산,2026-01-09,금,승차,8396,313,713,,761,762
210,금련산,2026-01-09,금,하차,9115,258,916,,999,1000
210,금련산,2026-01-10,토,승차,7923,120,244,,516,517
210,금련산,2026-01-10,토,하차,9194,135,313,,795,796
210,금련산,2026-01-11,일,승차,5203,85,151,,376,377
210,금련산,2026-01-11,일,하차,5768,71,139,,416,417
210,금련산,2026-01-12,월,승차,7993,348,699,,758,759
210,금련산,2026-01-12,월,하차,8608,269,936,,931,932
210,금련산,2026-01-13,화,승차,8308,327,694,,697,698
210,금련산,2026-01-13,화,하차,9000,255,988,,1011,1012
210,금련산,2026-01-14,수,승차,8619,317,738,,663,664
210,금련산,2026-01-14,수,하차,8992,270,928,,1037,1038
210,금련산,2026-01-15,목,승차,8281,320,689,,658,659
210,금련산,2026-01-15,목,하차,9074,275,946,,952,953
210,금련산,2026-01-16,금,승차,8527,336,727,,715,716
210,금련산,2026-01-16,금,하차,9415,248,902,,1161,1162
210,금련산,2026-01-17,토,승차,8594,142,258,,617,618
210,금련산,2026-01-17,토,하차,10387,146,317,,1144,1145
210,금련산,2026-01-18,일,승차,5826,82,150,,505,506
210,금련산,2026-01-18,일,하차,6457,55,131,,496,497
210,금련산,2026-01-19,월,승차,8281,332,720,,800,801
210,금련산,2026-01-19,월,하차,9004,265,947,,957,958
210,금련산,2026-01-20,화,승차,8267,328,706,,703,704
210,금련산,2026-01-20,화,하차,8912,259,965,,923,924
210,금련산,2026-01-21,수,승차,7960,307,681,,669,670
210,금련산,2026-01-21,수,하차,8490,264,960,,935,936
210,금련산,2026-01-22,목,승차,7608,331,665,,573,574
210,금련산,2026-01-22,목,하차,8001,252,937,,844,845
210,금련산,2026-01-23,금,승차,8455,308,694,,766,767
210,금련산,2026-01-23,금,하차,9025,241,951,,1005,1006
210,금련산,2026-01-24,토,승차,8181,133,271,,557,558
210,금련산,2026-01-24,토,하차,9662,130,320,,1033,1034
210,금련산,2026-01-25,일,승차,5514,78,138,,447,448
210,금련산,2026-01-25,일,하차,6105,77,141,,470,471
210,금련산,2026-01-26,월,승차,7936,334,701,,749,750
210,금련산,2026-01-26,월,하차,8647,250,869,,929,930
210,금련산,2026-01-27,화,승차,8230,330,708,,656,657
210,금련산,2026-01-27,화,하차,9070,252,918,,1031,1032
210,금련산,2026-01-28,수,승차,8153,337,684,,679,680
210,금련산,2026-01-28,수,하차,8887,237,908,,931,932
210,금련산,2026-01-29,목,승차,8043,349,674,,685,686
210,금련산,2026-01-29,목,하차,8651,250,904,,947,948
210,금련산,2026-01-30,금,승차,8225,315,709,,708,709
210,금련산,2026-01-30,금,하차,8979,233,894,,1004,1005
210,금련산,2026-01-31,토,승차,8486,192,364,,509,510
210,금련산,2026-01-31,토,하차,9923,118,380,,1035,1036
210,금련산,2026-02-01,일,승차,5461,98,173,,428,429
210,금련산,2026-02-01,일,하차,5948,64,120,,480,481
210,금련산,2026-02-02,월,승차,7913,371,740,,800,801
210,금련산,2026-02-02,월,하차,8506,258,947,,932,933
210,금련산,2026-02-03,화,승차,8024,366,753,,671,672
210,금련산,2026-02-03,화,하차,8654,256,970,,916,917
210,금련산,2026-02-04,수,승차,8553,356,744,,666,667
210,금련산,2026-02-04,수,하차,9081,268,929,,1032,1033
210,금련산,2026-02-05,목,승차,8364,362,750,,726,727
210,금련산,2026-02-05,목,하차,8960,260,932,,1065,1066
210,금련산,2026-02-06,금,승차,8593,346,711,,722,723
210,금련산,2026-02-06,금,하차,9361,257,906,,1050,1051
210,금련산,2026-02-07,토,승차,8173,149,272,,572,573
210,금련산,2026-02-07,토,하차,9721,150,340,,914,915
210,금련산,2026-02-08,일,승차,5220,90,169,,406,407
210,금련산,2026-02-08,일,하차,5567,72,118,,410,411
210,금련산,2026-02-09,월,승차,8543,332,726,,808,809
210,금련산,2026-02-09,월,하차,9158,247,978,,945,946
210,금련산,2026-02-10,화,승차,8185,337,761,,707,708
210,금련산,2026-02-10,화,하차,8751,267,916,,990,991
210,금련산,2026-02-11,수,승차,9056,344,760,,775,776
210,금련산,2026-02-11,수,하차,9706,312,898,,1090,1091
210,금련산,2026-02-12,목,승차,8754,351,734,,719,720
210,금련산,2026-02-12,목,하차,9595,235,989,,1031,1032
210,금련산,2026-02-13,금,승차,9171,333,701,,755,756
210,금련산,2026-02-13,금,하차,10078,258,906,,1066,1067
210,금련산,2026-02-14,토,승차,9914,132,294,,546,547
210,금련산,2026-02-14,토,하차,11332,128,351,,1340,1341
210,금련산,2026-02-15,일,승차,6519,84,160,,485,486
210,금련산,2026-02-15,일,하차,7510,72,107,,642,643
210,금련산,2026-02-16,월,승차,5218,89,129,,389,390
210,금련산,2026-02-16,월,하차,5922,75,94,,511,512
210,금련산,2026-02-17,화,승차,4101,98,101,,310,311
210,금련산,2026-02-17,화,하차,4779,67,83,,412,413
210,금련산,2026-02-18,수,승차,4953,101,157,,428,429
210,금련산,2026-02-18,수,하차,6214,69,77,,556,557
210,금련산,2026-02-19,목,승차,8806,316,671,,735,736
210,금련산,2026-02-19,목,하차,9907,249,921,,1071,1072
210,금련산,2026-02-20,금,승차,9371,324,686,,858,859
210,금련산,2026-02-20,금,하차,10264,285,910,,1166,1167
210,금련산,2026-02-21,토,승차,9268,172,296,,627,628
210,금련산,2026-02-21,토,하차,11212,135,349,,1203,1204
210,금련산,2026-02-22,일,승차,6792,104,170,,533,534
210,금련산,2026-02-22,일,하차,7684,81,155,,621,622
210,금련산,2026-02-23,월,승차,8962,346,724,,787,788
210,금련산,2026-02-23,월,하차,9947,262,958,,1001,1002
210,금련산,2026-02-24,화,승차,7695,359,744,,642,643
210,금련산,2026-02-24,화,하차,8213,287,945,,846,847
210,금련산,2026-02-25,수,승차,8860,327,731,,727,728
210,금련산,2026-02-25,수,하차,9497,259,900,,1088,1089
210,금련산,2026-02-26,목,승차,8705,339,710,,715,716
210,금련산,2026-02-26,목,하차,9428,262,920,,1081,1082
210,금련산,2026-02-27,금,승차,8423,319,723,,729,730
210,금련산,2026-02-27,금,하차,9070,243,883,,987,988
210,금련산,2026-02-28,토,승차,9151,169,283,,532,533
210,금련산,2026-02-28,토,하차,11351,136,346,,1410,1411
210,금련산,2026-03-01,일,승차,7181,92,192,,531,532
210,금련산,2026-03-01,일,하차,8233,74,150,,725,726
210,금련산,2026-03-02,월,승차,4674,123,179,,275,276
210,금련산,2026-03-02,월,하차,4740,121,249,,317,318
210,금련산,2026-03-03,화,승차,7639,416,792,,603,604
210,금련산,2026-03-03,화,하차,8353,275,1001,,924,925
210,금련산,2026-03-04,수,승차,8063,377,798,,630,631
210,금련산,2026-03-04,수,하차,8406,292,933,,982,983
210,금련산,2026-03-05,목,승차,7876,406,794,,626,627
210,금련산,2026-03-05,목,하차,8387,268,966,,893,894
210,금련산,2026-03-06,금,승차,8056,374,755,,681,682
210,금련산,2026-03-06,금,하차,8759,246,948,,1083,1084
210,금련산,2026-03-07,토,승차,7930,161,255,,454,455
210,금련산,2026-03-07,토,하차,9440,132,378,,966,967
210,금련산,2026-03-08,일,승차,5510,93,168,,418,419
210,금련산,2026-03-08,일,하차,6032,87,198,,454,455
210,금련산,2026-03-09,월,승차,8147,421,814,,790,791
210,금련산,2026-03-09,월,하차,8519,276,983,,922,923
210,금련산,2026-03-10,화,승차,7970,418,803,,606,607
210,금련산,2026-03-10,화,하차,8516,279,950,,942,943
210,금련산,2026-03-11,수,승차,8388,398,836,,612,613
210,금련산,2026-03-11,수,하차,8750,308,964,,1009,1010
210,금련산,2026-03-12,목,승차,8093,403,803,,706,707
210,금련산,2026-03-12,목,하차,8490,269,996,,930,931
210,금련산,2026-03-13,금,승차,8469,390,760,,666,667
210,금련산,2026-03-13,금,하차,9233,273,959,,1065,1066
210,금련산,2026-03-14,토,승차,9043,162,261,,572,573
210,금련산,2026-03-14,토,하차,11017,142,361,,1054,1055
210,금련산,2026-03-15,일,승차,6083,106,169,,613,614
210,금련산,2026-03-15,일,하차,6559,66,132,,504,505
210,금련산,2026-03-16,월,승차,8012,445,780,,707,708
210,금련산,2026-03-16,월,하차,8449,278,996,,958,959
210,금련산,2026-03-17,화,승차,8259,404,791,,642,643
210,금련산,2026-03-17,화,하차,8708,287,980,,1001,1002
210,금련산,2026-03-18,수,승차,7853,396,830,,554,555
210,금련산,2026-03-18,수,하차,8268,277,959,,1004,1005
210,금련산,2026-03-19,목,승차,8332,383,822,,691,692
210,금련산,2026-03-19,목,하차,8958,283,988,,1044,1045
210,금련산,2026-03-20,금,승차,9234,402,778,,770,771
210,금련산,2026-03-20,금,하차,10207,309,1003,,1197,1198
210,금련산,2026-03-21,토,승차,9449,162,326,,626,627
210,금련산,2026-03-21,토,하차,11485,136,357,,1321,1322
210,금련산,2026-03-22,일,승차,6330,116,186,,417,418
210,금련산,2026-03-22,일,하차,6948,88,183,,525,526
210,금련산,2026-03-23,월,승차,8330,416,825,,794,795
210,금련산,2026-03-23,월,하차,8927,300,999,,968,969
210,금련산,2026-03-24,화,승차,8433,410,824,,658,659
210,금련산,2026-03-24,화,하차,9034,277,1049,,1021,1022
210,금련산,2026-03-25,수,승차,8526,426,834,,651,652
210,금련산,2026-03-25,수,하차,9085,294,950,,1053,1054
210,금련산,2026-03-26,목,승차,8439,434,807,,670,671
210,금련산,2026-03-26,목,하차,9299,297,978,,1024,1025
210,금련산,2026-03-27,금,승차,9394,435,810,,794,795
210,금련산,2026-03-27,금,하차,10702,273,966,,1282,1283
210,금련산,2026-03-28,토,승차,10883,184,362,,688,689
210,금련산,2026-03-28,토,하차,12836,161,381,,1379,1380
210,금련산,2026-03-29,일,승차,7022,103,202,,542,543
210,금련산,2026-03-29,일,하차,7499,89,188,,559,560
210,금련산,2026-03-30,월,승차,8246,422,782,,717,718
210,금련산,2026-03-30,월,하차,8737,306,988,,864,865
210,금련산,2026-03-31,화,승차,8461,412,820,,683,684
210,금련산,2026-03-31,화,하차,8880,261,1005,,956,957
210,금련산,2026-04-01,수,승차,8789,434,842,,673,674
210,금련산,2026-04-01,수,하차,9360,297,1020,,1089,1090
210,금련산,2026-04-02,목,승차,9440,451,814,,727,728
210,금련산,2026-04-02,목,하차,10166,285,1127,,1160,1161
210,금련산,2026-04-03,금,승차,9723,449,840,,778,779
210,금련산,2026-04-03,금,하차,10836,284,989,,1235,1236
210,금련산,2026-04-04,토,승차,9088,137,241,,597,598
210,금련산,2026-04-04,토,하차,10570,120,315,,1273,1274
210,금련산,2026-04-05,일,승차,9081,386,453,,522,523
210,금련산,2026-04-05,일,하차,8208,119,204,,613,614
210,금련산,2026-04-06,월,승차,8153,420,828,,738,739
210,금련산,2026-04-06,월,하차,8787,310,1023,,926,927
210,금련산,2026-04-07,화,승차,8932,471,848,,693,694
210,금련산,2026-04-07,화,하차,9522,293,1035,,966,967
210,금련산,2026-04-08,수,승차,9085,454,859,,686,687
210,금련산,2026-04-08,수,하차,9742,282,1026,,1126,1127
210,금련산,2026-04-09,목,승차,7425,414,809,,580,581
210,금련산,2026-04-09,목,하차,7900,282,978,,830,831
210,금련산,2026-04-10,금,승차,9105,412,805,,732,733
210,금련산,2026-04-10,금,하차,10185,281,966,,1182,1183
210,금련산,2026-04-11,토,승차,9699,168,309,,537,538
210,금련산,2026-04-11,토,하차,11544,152,376,,1214,1215
210,금련산,2026-04-12,일,승차,5890,111,185,,397,398
210,금련산,2026-04-12,일,하차,6519,87,164,,517,518
210,금련산,2026-04-13,월,승차,8332,431,807,,698,699
210,금련산,2026-04-13,월,하차,8822,307,1033,,958,959
210,금련산,2026-04-14,화,승차,8089,441,840,,645,646
210,금련산,2026-04-14,화,하차,8624,268,994,,913,914
210,금련산,2026-04-15,수,승차,8784,426,843,,687,688
210,금련산,2026-04-15,수,하차,9317,317,957,,1047,1048
210,금련산,2026-04-16,목,승차,8356,433,783,,704,705
210,금련산,2026-04-16,목,하차,8968,306,1008,,1077,1078
210,금련산,2026-04-17,금,승차,8288,416,782,,653,654
210,금련산,2026-04-17,금,하차,8978,278,973,,1011,1012
210,금련산,2026-04-18,토,승차,8973,159,299,,543,544
210,금련산,2026-04-18,토,하차,10511,147,352,,1093,1094
210,금련산,2026-04-19,일,승차,5861,119,198,,372,373
210,금련산,2026-04-19,일,하차,6429,80,181,,487,488
210,금련산,2026-04-20,월,승차,8111,428,793,,729,730
210,금련산,2026-04-20,월,하차,8547,314,994,,852,853
210,금련산,2026-04-21,화,승차,8252,433,784,,667,668
210,금련산,2026-04-21,화,하차,8749,302,1003,,933,934
210,금련산,2026-04-22,수,승차,8161,425,786,,582,583
210,금련산,2026-04-22,수,하차,8634,291,992,,917,918
210,금련산,2026-04-23,목,승차,8049,441,757,,637,638
210,금련산,2026-04-23,목,하차,8743,263,1019,,1028,1029
210,금련산,2026-04-24,금,승차,9210,411,817,,760,761
210,금련산,2026-04-24,금,하차,10123,282,993,,1154,1155
210,금련산,2026-04-25,토,승차,9461,179,309,,583,584
210,금련산,2026-04-25,토,하차,11379,150,394,,1242,1243
210,금련산,2026-04-26,일,승차,6265,137,223,,400,401
210,금련산,2026-04-26,일,하차,6698,83,156,,549,550
210,금련산,2026-04-27,월,승차,8489,436,790,,693,694
210,금련산,2026-04-27,월,하차,9212,300,1025,,1042,1043
210,금련산,2026-04-28,화,승차,8790,434,813,,645,646
210,금련산,2026-04-28,화,하차,9322,309,1016,,1077,1078
210,금련산,2026-04-29,수,승차,8703,455,772,,596,597
210,금련산,2026-04-29,수,하차,9321,325,969,,1022,1023
210,금련산,2026-04-30,목,승차,9149,432,830,,718,719
210,금련산,2026-04-30,목,하차,10023,288,979,,1100,1101
210,금련산,2026-05-01,금,승차,8652,143,265,,593,594
210,금련산,2026-05-01,금,하차,10356,113,211,,959,960
210,금련산,2026-05-02,토,승차,14318,156,292,,704,705
210,금련산,2026-05-02,토,하차,16739,162,349,,2250,2251
210,금련산,2026-05-03,일,승차,6171,103,149,,432,433
210,금련산,2026-05-03,일,하차,6947,89,143,,555,556
210,금련산,2026-05-04,월,승차,10474,375,703,,868,869
210,금련산,2026-05-04,월,하차,11654,289,842,,1278,1279
210,금련산,2026-05-05,화,승차,7247,136,224,,573,574
210,금련산,2026-05-05,화,하차,8170,83,141,,642,643
210,금련산,2026-05-06,수,승차,8688,466,828,,649,650
210,금련산,2026-05-06,수,하차,9100,328,1001,,1008,1009
210,금련산,2026-05-07,목,승차,8418,437,820,,628,629
210,금련산,2026-05-07,목,하차,9370,305,1026,,1125,1126
210,금련산,2026-05-08,금,승차,9145,444,823,,734,735
210,금련산,2026-05-08,금,하차,9875,298,1020,,1122,1123
210,금련산,2026-05-09,토,승차,9822,169,328,,581,582
210,금련산,2026-05-09,토,하차,11759,173,386,,1244,1245
210,금련산,2026-05-10,일,승차,6706,196,197,,420,421
210,금련산,2026-05-10,일,하차,7276,98,177,,585,586
210,금련산,2026-05-11,월,승차,8330,459,782,,743,744
210,금련산,2026-05-11,월,하차,9107,325,992,,1043,1044
210,금련산,2026-05-12,화,승차,7922,457,815,,598,599
210,금련산,2026-05-12,화,하차,8474,303,1051,,908,909
210,금련산,2026-05-13,수,승차,9058,450,825,,675,676
210,금련산,2026-05-13,수,하차,9536,343,972,,1068,1069
210,금련산,2026-05-14,목,승차,8578,424,820,,669,670
210,금련산,2026-05-14,목,하차,9342,301,1024,,1064,1065
210,금련산,2026-05-15,금,승차,9297,416,834,,736,737
210,금련산,2026-05-15,금,하차,10234,327,984,,1234,1235
210,금련산,2026-05-16,토,승차,10656,169,305,,617,618
210,금련산,2026-05-16,토,하차,12983,162,368,,1360,1361
210,금련산,2026-05-17,일,승차,7090,127,201,,441,442
210,금련산,2026-05-17,일,하차,8140,91,211,,638,639
210,금련산,2026-05-18,월,승차,8664,476,833,,762,763
210,금련산,2026-05-18,월,하차,9200,345,1043,,1072,1073
210,금련산,2026-05-19,화,승차,8550,474,845,,654,655
210,금련산,2026-05-19,화,하차,9070,304,973,,1064,1065
210,금련산,2026-05-20,수,승차,7642,470,815,,558,559
210,금련산,2026-05-20,수,하차,7876,325,1000,,894,895
210,금련산,2026-05-21,목,승차,8263,432,789,,617,618
210,금련산,2026-05-21,목,하차,8938,298,1054,,1021,1022
210,금련산,2026-05-22,금,승차,9333,426,807,,747,748
210,금련산,2026-05-22,금,하차,10305,299,1117,,1051,1052
210,금련산,2026-05-23,토,승차,10243,175,305,,490,491
210,금련산,2026-05-23,토,하차,12179,150,379,,1516,1517
210,금련산,2026-05-24,일,승차,8294,145,197,,617,618
210,금련산,2026-05-24,일,하차,9907,91,192,,871,872
210,금련산,2026-05-25,월,승차,7223,150,246,,515,516
210,금련산,2026-05-25,월,하차,7985,151,306,,612,613
210,금련산,2026-05-26,화,승차,8202,443,847,,564,565
210,금련산,2026-05-26,화,하차,8673,319,1039,,935,936
210,금련산,2026-05-27,수,승차,8020,414,810,,599,600
210,금련산,2026-05-27,수,하차,8485,317,973,,950,951
210,금련산,2026-05-28,목,승차,8768,459,782,,665,666
210,금련산,2026-05-28,목,하차,9622,304,1055,,1015,1016
210,금련산,2026-05-29,금,승차,8988,437,740,,633,634
210,금련산,2026-05-29,금,하차,10168,337,975,,1188,1189
210,금련산,2026-05-30,토,승차,8825,157,292,,548,549
210,금련산,2026-05-30,토,하차,10905,171,358,,1115,1116
210,금련산,2026-05-31,일,승차,6090,116,202,,455,456
210,금련산,2026-05-31,일,하차,6739,85,141,,534,535
210,금련산,2026-06-01,월,승차,8490,448,804,,791,792
210,금련산,2026-06-01,월,하차,8867,309,1018,,1070,1071
210,금련산,2026-06-02,화,승차,7585,410,829,,595,596
210,금련산,2026-06-02,화,하차,8277,314,986,,1011,1012
210,금련산,2026-06-03,수,승차,6958,156,277,,457,458
210,금련산,2026-06-03,수,하차,7608,153,295,,598,599
210,금련산,2026-06-04,목,승차,8314,437,806,,615,616
210,금련산,2026-06-04,목,하차,8996,328,992,,1054,1055
210,금련산,2026-06-05,금,승차,8946,445,801,,694,695
210,금련산,2026-06-05,금,하차,10007,319,1003,,1244,1245
210,금련산,2026-06-06,토,승차,9260,139,236,,567,568
210,금련산,2026-06-06,토,하차,11130,114,160,,1141,1142
210,금련산,2026-06-07,일,승차,5369,103,149,,350,351
210,금련산,2026-06-07,일,하차,5969,78,153,,463,464
210,금련산,2026-06-08,월,승차,8069,424,806,,671,672
210,금련산,2026-06-08,월,하차,8644,308,975,,948,949
210,금련산,2026-06-09,화,승차,8209,465,790,,602,603
210,금련산,2026-06-09,화,하차,8793,301,1006,,1023,1024
210,금련산,2026-06-10,수,승차,9108,432,847,,657,658
210,금련산,2026-06-10,수,하차,9820,437,1107,,1101,1102
210,금련산,2026-06-11,목,승차,9189,456,805,,755,756
210,금련산,2026-06-11,목,하차,9934,384,1065,,1124,1125
210,금련산,2026-06-12,금,승차,10562,455,806,,682,683
210,금련산,2026-06-12,금,하차,12243,398,1106,,1344,1345
210,금련산,2026-06-13,토,승차,12266,195,336,,476,477
210,금련산,2026-06-13,토,하차,14885,195,413,,1591,1592
210,금련산,2026-06-14,일,승차,6846,137,214,,446,447
210,금련산,2026-06-14,일,하차,7992,96,143,,667,668
210,금련산,2026-06-15,월,승차,8809,468,795,,760,761
210,금련산,2026-06-15,월,하차,9390,333,1058,,1003,1004
210,금련산,2026-06-16,화,승차,8572,432,830,,687,688
210,금련산,2026-06-16,화,하차,9200,339,990,,970,971
210,금련산,2026-06-17,수,승차,8897,438,782,,638,639
210,금련산,2026-06-17,수,하차,9608,323,1022,,1095,1096
210,금련산,2026-06-18,목,승차,8748,468,762,,661,662
210,금련산,2026-06-18,목,하차,9614,299,989,,1140,1141
210,금련산,2026-06-19,금,승차,8565,435,774,,616,617
210,금련산,2026-06-19,금,하차,9463,316,952,,1030,1031
210,금련산,2026-06-20,토,승차,7985,144,253,,499,500
210,금련산,2026-06-20,토,하차,9641,136,266,,1066,1067
210,금련산,2026-06-21,일,승차,6174,112,224,,367,368
210,금련산,2026-06-21,일,하차,6772,83,149,,577,578
210,금련산,2026-06-22,월,승차,8606,449,782,,708,709
210,금련산,2026-06-22,월,하차,9231,323,1022,,965,966
210,금련산,2026-06-23,화,승차,8823,435,800,,707,708
210,금련산,2026-06-23,화,하차,9697,294,1028,,971,972
210,금련산,2026-06-24,수,승차,8790,423,783,,631,632
210,금련산,2026-06-24,수,하차,9145,301,985,,983,984
210,금련산,2026-06-25,목,승차,8799,425,794,,671,672
210,금련산,2026-06-25,목,하차,9545,309,1016,,1046,1047
210,금련산,2026-06-26,금,승차,9755,446,762,,763,764
210,금련산,2026-06-26,금,하차,10912,307,965,,1203,1204
210,금련산,2026-06-27,토,승차,10611,141,294,,552,553
210,금련산,2026-06-27,토,하차,12750,184,393,,1442,1443
210,금련산,2026-06-28,일,승차,6612,117,193,,457,458
210,금련산,2026-06-28,일,하차,7589,83,127,,618,619
210,금련산,2026-06-29,월,승차,9144,436,788,,769,770
210,금련산,2026-06-29,월,하차,9927,340,991,,1073,1074
210,금련산,2026-06-30,화,승차,9010,439,773,,688,689
210,금련산,2026-06-30,화,하차,9794,333,931,,1060,1061
211,남천,2026-01-01,목,승차,3531,136,268,,221,222
211,남천,2026-01-01,목,하차,3283,107,170,,259,260
211,남천,2026-01-02,금,승차,7357,406,734,,613,614
211,남천,2026-01-02,금,하차,7665,169,638,,920,921
211,남천,2026-01-03,토,승차,6614,135,287,,455,456
211,남천,2026-01-03,토,하차,6785,85,251,,397,398
211,남천,2026-01-04,일,승차,4706,83,180,,268,269
211,남천,2026-01-04,일,하차,4864,74,156,,333,334
211,남천,2026-01-05,월,승차,8077,498,906,,661,662
211,남천,2026-01-05,월,하차,8388,224,787,,1027,1028
211,남천,2026-01-06,화,승차,8745,499,916,,646,647
211,남천,2026-01-06,화,하차,9002,220,797,,1097,1098
211,남천,2026-01-07,수,승차,10539,447,855,,703,704
211,남천,2026-01-07,수,하차,10967,232,918,,1065,1066
211,남천,2026-01-08,목,승차,8236,448,872,,665,666
211,남천,2026-01-08,목,하차,8439,208,775,,1050,1051
211,남천,2026-01-09,금,승차,9046,447,857,,748,749
211,남천,2026-01-09,금,하차,9420,224,796,,1063,1064
211,남천,2026-01-10,토,승차,7379,167,316,,454,455
211,남천,2026-01-10,토,하차,7722,112,289,,529,530
211,남천,2026-01-11,일,승차,4511,74,170,,277,278
211,남천,2026-01-11,일,하차,4600,60,165,,319,320
211,남천,2026-01-12,월,승차,7983,463,877,,617,618
211,남천,2026-01-12,월,하차,8184,200,776,,1009,1010
211,남천,2026-01-13,화,승차,8826,473,866,,704,705
211,남천,2026-01-13,화,하차,8990,214,802,,1083,1084
211,남천,2026-01-14,수,승차,10601,479,867,,704,705
211,남천,2026-01-14,수,하차,10943,225,867,,1077,1078
211,남천,2026-01-15,목,승차,8376,460,876,,644,645
211,남천,2026-01-15,목,하차,8659,235,788,,1082,1083
211,남천,2026-01-16,금,승차,8682,446,857,,724,725
211,남천,2026-01-16,금,하차,9002,225,803,,1135,1136
211,남천,2026-01-17,토,승차,7890,164,323,,673,674
211,남천,2026-01-17,토,하차,8139,120,300,,545,546
211,남천,2026-01-18,일,승차,5155,92,177,,320,321
211,남천,2026-01-18,일,하차,5073,79,171,,360,361
211,남천,2026-01-19,월,승차,8104,497,876,,622,623
211,남천,2026-01-19,월,하차,8303,222,797,,976,977
211,남천,2026-01-20,화,승차,8618,457,891,,663,664
211,남천,2026-01-20,화,하차,8771,236,799,,1004,1005
211,남천,2026-01-21,수,승차,9932,474,822,,663,664
211,남천,2026-01-21,수,하차,10170,214,875,,1004,1005
211,남천,2026-01-22,목,승차,7700,409,779,,632,633
211,남천,2026-01-22,목,하차,7958,213,770,,1002,1003
211,남천,2026-01-23,금,승차,8370,433,828,,748,749
211,남천,2026-01-23,금,하차,8724,233,776,,1013,1014
211,남천,2026-01-24,토,승차,7419,144,316,,503,504
211,남천,2026-01-24,토,하차,7548,109,279,,489,490
211,남천,2026-01-25,일,승차,4980,107,155,,316,317
211,남천,2026-01-25,일,하차,5026,76,171,,333,334
211,남천,2026-01-26,월,승차,8100,500,882,,646,647
211,남천,2026-01-26,월,하차,8253,221,774,,1023,1024
211,남천,2026-01-27,화,승차,8712,477,874,,647,648
211,남천,2026-01-27,화,하차,9128,222,823,,1147,1148
211,남천,2026-01-28,수,승차,10301,489,865,,670,671
211,남천,2026-01-28,수,하차,10680,236,876,,1053,1054
211,남천,2026-01-29,목,승차,8362,459,869,,648,649
211,남천,2026-01-29,목,하차,8667,237,801,,1040,1041
211,남천,2026-01-30,금,승차,8488,469,868,,712,713
211,남천,2026-01-30,금,하차,8706,242,778,,1092,1093
211,남천,2026-01-31,토,승차,8259,242,675,,556,557
211,남천,2026-01-31,토,하차,8557,110,467,,502,503
211,남천,2026-02-01,일,승차,4951,88,185,,336,337
211,남천,2026-02-01,일,하차,4839,86,176,,344,345
211,남천,2026-02-02,월,승차,8099,565,918,,629,630
211,남천,2026-02-02,월,하차,8430,267,837,,994,995
211,남천,2026-02-03,화,승차,8781,539,904,,696,697
211,남천,2026-02-03,화,하차,9026,247,814,,1073,1074
211,남천,2026-02-04,수,승차,10470,532,895,,653,654
211,남천,2026-02-04,수,하차,10770,259,931,,1083,1084
211,남천,2026-02-05,목,승차,8745,550,910,,640,641
211,남천,2026-02-05,목,하차,8999,246,788,,1150,1151
211,남천,2026-02-06,금,승차,9013,506,889,,742,743
211,남천,2026-02-06,금,하차,9288,251,805,,1151,1152
211,남천,2026-02-07,토,승차,8543,163,329,,568,569
211,남천,2026-02-07,토,하차,8795,137,328,,888,889
211,남천,2026-02-08,일,승차,4573,83,161,,227,228
211,남천,2026-02-08,일,하차,4610,68,181,,321,322
211,남천,2026-02-09,월,승차,8287,491,899,,645,646
211,남천,2026-02-09,월,하차,8590,237,807,,1007,1008
211,남천,2026-02-10,화,승차,8941,512,932,,678,679
211,남천,2026-02-10,화,하차,9099,230,877,,1088,1089
211,남천,2026-02-11,수,승차,10743,500,895,,747,748
211,남천,2026-02-11,수,하차,11008,255,904,,1081,1082
211,남천,2026-02-12,목,승차,8899,497,913,,632,633
211,남천,2026-02-12,목,하차,9183,248,827,,1081,1082
211,남천,2026-02-13,금,승차,9268,463,877,,703,704
211,남천,2026-02-13,금,하차,9446,245,787,,1043,1044
211,남천,2026-02-14,토,승차,6939,148,314,,440,441
211,남천,2026-02-14,토,하차,6839,118,283,,506,507
211,남천,2026-02-15,일,승차,4984,113,171,,336,337
211,남천,2026-02-15,일,하차,4956,70,156,,475,476
211,남천,2026-02-16,월,승차,3547,87,130,,240,241
211,남천,2026-02-16,월,하차,3551,82,107,,290,291
211,남천,2026-02-17,화,승차,2561,83,113,,159,160
211,남천,2026-02-17,화,하차,2535,55,98,,237,238
211,남천,2026-02-18,수,승차,3708,86,125,,224,225
211,남천,2026-02-18,수,하차,3663,62,90,,334,335
211,남천,2026-02-19,목,승차,8211,436,846,,644,645
211,남천,2026-02-19,목,하차,8531,220,760,,985,986
211,남천,2026-02-20,금,승차,8793,437,857,,729,730
211,남천,2026-02-20,금,하차,8997,216,740,,1115,1116
211,남천,2026-02-21,토,승차,7270,175,341,,474,475
211,남천,2026-02-21,토,하차,7583,111,312,,530,531
211,남천,2026-02-22,일,승차,5032,101,207,,316,317
211,남천,2026-02-22,일,하차,4952,82,170,,342,343
211,남천,2026-02-23,월,승차,8487,521,924,,671,672
211,남천,2026-02-23,월,하차,8782,251,835,,1075,1076
211,남천,2026-02-24,화,승차,8427,499,904,,575,576
211,남천,2026-02-24,화,하차,8662,245,792,,1069,1070
211,남천,2026-02-25,수,승차,10492,461,903,,722,723
211,남천,2026-02-25,수,하차,10802,232,910,,1062,1063
211,남천,2026-02-26,목,승차,9296,486,883,,691,692
211,남천,2026-02-26,목,하차,9397,246,771,,1048,1049
211,남천,2026-02-27,금,승차,8668,471,862,,684,685
211,남천,2026-02-27,금,하차,9017,233,747,,1026,1027
211,남천,2026-02-28,토,승차,8138,177,352,,538,539
211,남천,2026-02-28,토,하차,8379,142,307,,608,609
211,남천,2026-03-01,일,승차,5155,112,172,,328,329
211,남천,2026-03-01,일,하차,5228,99,154,,368,369
211,남천,2026-03-02,월,승차,3918,141,212,,247,248
211,남천,2026-03-02,월,하차,3908,80,140,,310,311
211,남천,2026-03-03,화,승차,8832,613,964,,634,635
211,남천,2026-03-03,화,하차,9103,272,847,,1085,1086
211,남천,2026-03-04,수,승차,10618,646,980,,646,647
211,남천,2026-03-04,수,하차,11049,301,934,,1146,1147
211,남천,2026-03-05,목,승차,8754,618,973,,625,626
211,남천,2026-03-05,목,하차,9057,274,852,,1156,1157
211,남천,2026-03-06,금,승차,9094,613,990,,762,763
211,남천,2026-03-06,금,하차,9372,282,835,,1190,1191
211,남천,2026-03-07,토,승차,7583,154,339,,594,595
211,남천,2026-03-07,토,하차,7778,139,301,,511,512
211,남천,2026-03-08,일,승차,5223,112,191,,318,319
211,남천,2026-03-08,일,하차,5243,74,194,,349,350
211,남천,2026-03-09,월,승차,8472,674,998,,657,658
211,남천,2026-03-09,월,하차,8964,280,890,,1135,1136
211,남천,2026-03-10,화,승차,9221,681,1050,,697,698
211,남천,2026-03-10,화,하차,9519,265,884,,1106,1107
211,남천,2026-03-11,수,승차,10966,648,1026,,678,679
211,남천,2026-03-11,수,하차,11329,305,907,,1147,1148
211,남천,2026-03-12,목,승차,8885,635,1051,,674,675
211,남천,2026-03-12,목,하차,9020,255,858,,1099,1100
211,남천,2026-03-13,금,승차,9005,623,972,,728,729
211,남천,2026-03-13,금,하차,9325,266,864,,1093,1094
211,남천,2026-03-14,토,승차,8945,190,355,,758,759
211,남천,2026-03-14,토,하차,9011,131,310,,637,638
211,남천,2026-03-15,일,승차,6068,99,233,,996,997
211,남천,2026-03-15,일,하차,6185,85,179,,353,354
211,남천,2026-03-16,월,승차,8519,636,1001,,663,664
211,남천,2026-03-16,월,하차,8737,257,878,,1106,1107
211,남천,2026-03-17,화,승차,9237,654,1029,,678,679
211,남천,2026-03-17,화,하차,9425,278,846,,1129,1130
211,남천,2026-03-18,수,승차,10103,642,1032,,646,647
211,남천,2026-03-18,수,하차,10295,269,936,,1046,1047
211,남천,2026-03-19,목,승차,9055,665,1054,,616,617
211,남천,2026-03-19,목,하차,9351,282,824,,1232,1233
211,남천,2026-03-20,금,승차,9584,606,987,,740,741
211,남천,2026-03-20,금,하차,9801,275,860,,1183,1184
211,남천,2026-03-21,토,승차,7956,203,345,,584,585
211,남천,2026-03-21,토,하차,8084,132,316,,553,554
211,남천,2026-03-22,일,승차,6046,159,188,,290,291
211,남천,2026-03-22,일,하차,5901,72,252,,393,394
211,남천,2026-03-23,월,승차,8704,664,1000,,646,647
211,남천,2026-03-23,월,하차,8946,301,866,,1144,1145
211,남천,2026-03-24,화,승차,9097,665,1039,,657,658
211,남천,2026-03-24,화,하차,9618,276,892,,1167,1168
211,남천,2026-03-25,수,승차,11069,633,1008,,684,685
211,남천,2026-03-25,수,하차,11323,308,939,,1132,1133
211,남천,2026-03-26,목,승차,9116,645,1015,,656,657
211,남천,2026-03-26,목,하차,9303,268,850,,1159,1160
211,남천,2026-03-27,금,승차,9433,643,1016,,746,747
211,남천,2026-03-27,금,하차,9765,301,830,,1166,1167
211,남천,2026-03-28,토,승차,8407,221,355,,588,589
211,남천,2026-03-28,토,하차,8790,136,365,,590,591
211,남천,2026-03-29,일,승차,5776,133,199,,391,392
211,남천,2026-03-29,일,하차,5865,69,217,,391,392
211,남천,2026-03-30,월,승차,8442,672,981,,605,606
211,남천,2026-03-30,월,하차,8833,263,837,,1132,1133
211,남천,2026-03-31,화,승차,9138,670,1014,,651,652
211,남천,2026-03-31,화,하차,9554,284,843,,1114,1115
211,남천,2026-04-01,수,승차,11186,679,1024,,716,717
211,남천,2026-04-01,수,하차,11546,320,962,,1178,1179
211,남천,2026-04-02,목,승차,9526,682,1023,,719,720
211,남천,2026-04-02,목,하차,9912,289,895,,1222,1223
211,남천,2026-04-03,금,승차,9824,693,1067,,786,787
211,남천,2026-04-03,금,하차,10205,277,869,,1201,1202
211,남천,2026-04-04,토,승차,6926,160,262,,527,528
211,남천,2026-04-04,토,하차,7239,111,313,,541,542
211,남천,2026-04-05,일,승차,6660,235,326,,427,428
211,남천,2026-04-05,일,하차,6459,105,218,,446,447
211,남천,2026-04-06,월,승차,8518,670,1020,,621,622
211,남천,2026-04-06,월,하차,8782,292,842,,1106,1107
211,남천,2026-04-07,화,승차,9638,688,1078,,687,688
211,남천,2026-04-07,화,하차,9820,285,898,,1221,1222
211,남천,2026-04-08,수,승차,11405,680,1054,,713,714
211,남천,2026-04-08,수,하차,11728,338,1016,,1143,1144
211,남천,2026-04-09,목,승차,8172,639,1139,,605,606
211,남천,2026-04-09,목,하차,8397,296,869,,1114,1115
211,남천,2026-04-10,금,승차,9398,626,998,,784,785
211,남천,2026-04-10,금,하차,9717,295,851,,1152,1153
211,남천,2026-04-11,토,승차,8147,239,358,,520,521
211,남천,2026-04-11,토,하차,8402,138,320,,599,600
211,남천,2026-04-12,일,승차,5391,133,214,,349,350
211,남천,2026-04-12,일,하차,5454,81,224,,387,388
211,남천,2026-04-13,월,승차,8640,676,1085,,657,658
211,남천,2026-04-13,월,하차,8987,297,890,,1149,1150
211,남천,2026-04-14,화,승차,9108,670,1047,,632,633
211,남천,2026-04-14,화,하차,9316,287,887,,1139,1140
211,남천,2026-04-15,수,승차,11320,659,1034,,727,728
211,남천,2026-04-15,수,하차,11725,300,953,,1146,1147
211,남천,2026-04-16,목,승차,8986,643,1076,,655,656
211,남천,2026-04-16,목,하차,9177,309,857,,1102,1103
211,남천,2026-04-17,금,승차,9130,586,1042,,748,749
211,남천,2026-04-17,금,하차,9473,275,851,,1116,1117
211,남천,2026-04-18,토,승차,7765,203,324,,514,515
211,남천,2026-04-18,토,하차,8059,154,310,,564,565
211,남천,2026-04-19,일,승차,5539,130,195,,371,372
211,남천,2026-04-19,일,하차,5789,96,198,,379,380
211,남천,2026-04-20,월,승차,8493,667,1031,,654,655
211,남천,2026-04-20,월,하차,8852,284,831,,1089,1090
211,남천,2026-04-21,화,승차,9298,688,1042,,677,678
211,남천,2026-04-21,화,하차,9509,280,871,,1105,1106
211,남천,2026-04-22,수,승차,10841,655,1010,,657,658
211,남천,2026-04-22,수,하차,11145,302,925,,1102,1103
211,남천,2026-04-23,목,승차,8636,663,1005,,671,672
211,남천,2026-04-23,목,하차,8918,302,861,,1109,1110
211,남천,2026-04-24,금,승차,9431,645,990,,778,779
211,남천,2026-04-24,금,하차,9752,304,835,,1132,1133
211,남천,2026-04-25,토,승차,7754,217,356,,463,464
211,남천,2026-04-25,토,하차,8102,139,333,,568,569
211,남천,2026-04-26,일,승차,5491,130,213,,300,301
211,남천,2026-04-26,일,하차,5490,102,187,,365,366
211,남천,2026-04-27,월,승차,8754,685,1034,,660,661
211,남천,2026-04-27,월,하차,9029,274,846,,1094,1095
211,남천,2026-04-28,화,승차,9396,671,1071,,667,668
211,남천,2026-04-28,화,하차,9711,269,837,,1105,1106
211,남천,2026-04-29,수,승차,11350,668,1103,,684,685
211,남천,2026-04-29,수,하차,11571,305,969,,1080,1081
211,남천,2026-04-30,목,승차,9396,641,1006,,738,739
211,남천,2026-04-30,목,하차,9563,280,825,,1084,1085
211,남천,2026-05-01,금,승차,6266,167,321,,341,342
211,남천,2026-05-01,금,하차,6263,113,216,,573,574
211,남천,2026-05-02,토,승차,7805,205,349,,495,496
211,남천,2026-05-02,토,하차,7810,153,299,,545,546
211,남천,2026-05-03,일,승차,4382,103,148,,289,290
211,남천,2026-05-03,일,하차,4348,73,188,,345,346
211,남천,2026-05-04,월,승차,8872,511,869,,661,662
211,남천,2026-05-04,월,하차,9081,255,699,,992,993
211,남천,2026-05-05,화,승차,5425,144,243,,349,350
211,남천,2026-05-05,화,하차,5339,95,155,,444,445
211,남천,2026-05-06,수,승차,11318,659,1065,,706,707
211,남천,2026-05-06,수,하차,11551,319,981,,1173,1174
211,남천,2026-05-07,목,승차,9733,649,1072,,857,858
211,남천,2026-05-07,목,하차,9961,304,976,,1217,1218
211,남천,2026-05-08,금,승차,9579,619,1034,,804,805
211,남천,2026-05-08,금,하차,9932,311,954,,1147,1148
211,남천,2026-05-09,토,승차,7780,194,343,,475,476
211,남천,2026-05-09,토,하차,7790,138,332,,563,564
211,남천,2026-05-10,일,승차,6127,322,243,,365,366
211,남천,2026-05-10,일,하차,5489,89,205,,410,411
211,남천,2026-05-11,월,승차,8909,642,1057,,673,674
211,남천,2026-05-11,월,하차,9204,264,885,,1128,1129
211,남천,2026-05-12,화,승차,9799,645,1047,,721,722
211,남천,2026-05-12,화,하차,9954,309,870,,1132,1133
211,남천,2026-05-13,수,승차,11392,649,992,,687,688
211,남천,2026-05-13,수,하차,11603,292,965,,1152,1153
211,남천,2026-05-14,목,승차,9145,658,1000,,630,631
211,남천,2026-05-14,목,하차,9396,314,836,,1093,1094
211,남천,2026-05-15,금,승차,9600,610,1084,,797,798
211,남천,2026-05-15,금,하차,9795,266,852,,1061,1062
211,남천,2026-05-16,토,승차,8965,221,415,,551,552
211,남천,2026-05-16,토,하차,9139,168,349,,723,724
211,남천,2026-05-17,일,승차,6060,120,270,,319,320
211,남천,2026-05-17,일,하차,6126,89,235,,460,461
211,남천,2026-05-18,월,승차,8787,672,1056,,675,676
211,남천,2026-05-18,월,하차,9201,292,899,,1179,1180
211,남천,2026-05-19,화,승차,9441,689,1086,,664,665
211,남천,2026-05-19,화,하차,9772,276,928,,1144,1145
211,남천,2026-05-20,수,승차,10127,616,1046,,657,658
211,남천,2026-05-20,수,하차,10566,299,923,,1085,1086
211,남천,2026-05-21,목,승차,8875,614,1044,,686,687
211,남천,2026-05-21,목,하차,9087,274,876,,1064,1065
211,남천,2026-05-22,금,승차,9782,601,1202,,820,821
211,남천,2026-05-22,금,하차,9949,319,895,,1102,1103
211,남천,2026-05-23,토,승차,8508,196,347,,453,454
211,남천,2026-05-23,토,하차,8492,156,329,,549,550
211,남천,2026-05-24,일,승차,6396,153,256,,377,378
211,남천,2026-05-24,일,하차,6374,85,225,,492,493
211,남천,2026-05-25,월,승차,5298,192,290,,315,316
211,남천,2026-05-25,월,하차,5284,108,190,,456,457
211,남천,2026-05-26,화,승차,9265,644,1051,,628,629
211,남천,2026-05-26,화,하차,9624,296,916,,1105,1106
211,남천,2026-05-27,수,승차,10474,561,1037,,692,693
211,남천,2026-05-27,수,하차,10710,268,948,,1069,1070
211,남천,2026-05-28,목,승차,9326,632,1011,,704,705
211,남천,2026-05-28,목,하차,9452,297,873,,1160,1161
211,남천,2026-05-29,금,승차,9306,622,992,,709,710
211,남천,2026-05-29,금,하차,9713,271,828,,1146,1147
211,남천,2026-05-30,토,승차,7765,200,361,,492,493
211,남천,2026-05-30,토,하차,8129,161,339,,518,519
211,남천,2026-05-31,일,승차,5221,114,212,,354,355
211,남천,2026-05-31,일,하차,5297,76,203,,375,376
211,남천,2026-06-01,월,승차,8651,642,1089,,688,689
211,남천,2026-06-01,월,하차,8857,284,875,,1048,1049
211,남천,2026-06-02,화,승차,8466,601,1018,,650,651
211,남천,2026-06-02,화,하차,8764,265,881,,1084,1085
211,남천,2026-06-03,수,승차,5695,175,252,,356,357
211,남천,2026-06-03,수,하차,5666,116,211,,418,419
211,남천,2026-06-04,목,승차,8786,617,1014,,632,633
211,남천,2026-06-04,목,하차,9042,272,857,,1110,1111
211,남천,2026-06-05,금,승차,9334,627,1028,,768,769
211,남천,2026-06-05,금,하차,9522,293,802,,1053,1054
211,남천,2026-06-06,토,승차,6589,154,254,,434,435
211,남천,2026-06-06,토,하차,6660,110,213,,461,462
211,남천,2026-06-07,일,승차,4804,109,194,,314,315
211,남천,2026-06-07,일,하차,4918,89,180,,296,297
211,남천,2026-06-08,월,승차,8773,591,1103,,652,653
211,남천,2026-06-08,월,하차,8950,274,1014,,1115,1116
211,남천,2026-06-09,화,승차,9317,651,1042,,674,675
211,남천,2026-06-09,화,하차,9484,280,885,,1122,1123
211,남천,2026-06-10,수,승차,11111,615,1017,,711,712
211,남천,2026-06-10,수,하차,11479,285,973,,1143,1144
211,남천,2026-06-11,목,승차,9103,609,1021,,644,645
211,남천,2026-06-11,목,하차,9379,321,838,,1158,1159
211,남천,2026-06-12,금,승차,9256,607,994,,735,736
211,남천,2026-06-12,금,하차,9660,289,876,,1128,1129
211,남천,2026-06-13,토,승차,8050,210,374,,547,548
211,남천,2026-06-13,토,하차,8127,154,352,,534,535
211,남천,2026-06-14,일,승차,5323,119,208,,338,339
211,남천,2026-06-14,일,하차,5226,65,201,,342,343
211,남천,2026-06-15,월,승차,8442,658,1028,,682,683
211,남천,2026-06-15,월,하차,8736,296,893,,1072,1073
211,남천,2026-06-16,화,승차,9133,634,1028,,652,653
211,남천,2026-06-16,화,하차,9485,269,891,,1044,1045
211,남천,2026-06-17,수,승차,10867,644,1044,,716,717
211,남천,2026-06-17,수,하차,11161,314,921,,1138,1139
211,남천,2026-06-18,목,승차,8914,615,979,,736,737
211,남천,2026-06-18,목,하차,9050,293,855,,1123,1124
211,남천,2026-06-19,금,승차,8606,611,979,,687,688
211,남천,2026-06-19,금,하차,8856,260,819,,1038,1039
211,남천,2026-06-20,토,승차,6892,159,298,,479,480
211,남천,2026-06-20,토,하차,6931,110,266,,508,509
211,남천,2026-06-21,일,승차,5237,114,208,,334,335
211,남천,2026-06-21,일,하차,5286,85,187,,361,362
211,남천,2026-06-22,월,승차,8451,638,1012,,637,638
211,남천,2026-06-22,월,하차,8693,274,846,,1066,1067
211,남천,2026-06-23,화,승차,9199,625,989,,732,733
211,남천,2026-06-23,화,하차,9399,262,889,,1105,1106
211,남천,2026-06-24,수,승차,10750,612,971,,681,682
211,남천,2026-06-24,수,하차,11102,267,955,,1136,1137
211,남천,2026-06-25,목,승차,8817,613,991,,665,666
211,남천,2026-06-25,목,하차,8914,270,842,,1010,1011
211,남천,2026-06-26,금,승차,9361,587,959,,733,734
211,남천,2026-06-26,금,하차,9439,255,771,,1106,1107
211,남천,2026-06-27,토,승차,7829,187,378,,467,468
211,남천,2026-06-27,토,하차,8073,135,346,,613,614
211,남천,2026-06-28,일,승차,5605,146,190,,330,331
211,남천,2026-06-28,일,하차,5578,93,185,,400,401
211,남천,2026-06-29,월,승차,8737,645,1030,,655,656
211,남천,2026-06-29,월,하차,8865,282,813,,1100,1101
211,남천,2026-06-30,화,승차,9119,666,980,,687,688
211,남천,2026-06-30,화,하차,9408,277,862,,1086,1087
212,경성대부경대,2026-01-01,목,승차,7668,247,376,,485,486
212,경성대부경대,2026-01-01,목,하차,7722,186,502,,615,616
212,경성대부경대,2026-01-02,금,승차,14210,679,1238,,1403,1404
212,경성대부경대,2026-01-02,금,하차,14807,302,1322,,1931,1932
212,경성대부경대,2026-01-03,토,승차,11382,277,519,,736,737
212,경성대부경대,2026-01-03,토,하차,11580,130,318,,887,888
212,경성대부경대,2026-01-04,일,승차,8156,186,392,,481,482
212,경성대부경대,2026-01-04,일,하차,8682,80,160,,730,731
212,경성대부경대,2026-01-05,월,승차,14849,866,1480,,1441,1442
212,경성대부경대,2026-01-05,월,하차,15584,361,1574,,2056,2057
212,경성대부경대,2026-01-06,화,승차,14603,857,1513,,1419,1420
212,경성대부경대,2026-01-06,화,하차,15107,349,1542,,1891,1892
212,경성대부경대,2026-01-07,수,승차,14975,812,1527,,1442,1443
212,경성대부경대,2026-01-07,수,하차,15219,339,1530,,1960,1961
212,경성대부경대,2026-01-08,목,승차,14607,816,1489,,1391,1392
212,경성대부경대,2026-01-08,목,하차,14790,338,1462,,1942,1943
212,경성대부경대,2026-01-09,금,승차,15612,828,1480,,1596,1597
212,경성대부경대,2026-01-09,금,하차,15918,357,1454,,2070,2071
212,경성대부경대,2026-01-10,토,승차,12607,300,614,,770,771
212,경성대부경대,2026-01-10,토,하차,12461,147,394,,1015,1016
212,경성대부경대,2026-01-11,일,승차,8849,169,372,,538,539
212,경성대부경대,2026-01-11,일,하차,9247,89,256,,787,788
212,경성대부경대,2026-01-12,월,승차,14628,872,1501,,1440,1441
212,경성대부경대,2026-01-12,월,하차,15226,338,1533,,1959,1960
212,경성대부경대,2026-01-13,화,승차,14847,841,1571,,1452,1453
212,경성대부경대,2026-01-13,화,하차,15455,305,1512,,1981,1982
212,경성대부경대,2026-01-14,수,승차,14553,839,1504,,1435,1436
212,경성대부경대,2026-01-14,수,하차,14948,312,1471,,2013,2014
212,경성대부경대,2026-01-15,목,승차,14692,815,1511,,1431,1432
212,경성대부경대,2026-01-15,목,하차,14927,300,1408,,1921,1922
212,경성대부경대,2026-01-16,금,승차,15723,804,1570,,1590,1591
212,경성대부경대,2026-01-16,금,하차,15771,329,1448,,2001,2002
212,경성대부경대,2026-01-17,토,승차,12995,306,632,,869,870
212,경성대부경대,2026-01-17,토,하차,12685,165,447,,1081,1082
212,경성대부경대,2026-01-18,일,승차,8721,209,382,,541,542
212,경성대부경대,2026-01-18,일,하차,9197,78,171,,748,749
212,경성대부경대,2026-01-19,월,승차,14962,848,1498,,1405,1406
212,경성대부경대,2026-01-19,월,하차,15252,312,1430,,1921,1922
212,경성대부경대,2026-01-20,화,승차,14735,829,1539,,1414,1415
212,경성대부경대,2026-01-20,화,하차,15195,380,1646,,1940,1941
212,경성대부경대,2026-01-21,수,승차,14155,842,1458,,1415,1416
212,경성대부경대,2026-01-21,수,하차,14432,331,1390,,1897,1898
212,경성대부경대,2026-01-22,목,승차,13706,771,1441,,1373,1374
212,경성대부경대,2026-01-22,목,하차,14038,325,1282,,1792,1793
212,경성대부경대,2026-01-23,금,승차,15300,795,1459,,1656,1657
212,경성대부경대,2026-01-23,금,하차,15368,332,1353,,2048,2049
212,경성대부경대,2026-01-24,토,승차,12553,264,618,,858,859
212,경성대부경대,2026-01-24,토,하차,12215,126,349,,1036,1037
212,경성대부경대,2026-01-25,일,승차,8132,169,378,,538,539
212,경성대부경대,2026-01-25,일,하차,8414,70,174,,750,751
212,경성대부경대,2026-01-26,월,승차,13983,843,1440,,1335,1336
212,경성대부경대,2026-01-26,월,하차,14525,299,1446,,1975,1976
212,경성대부경대,2026-01-27,화,승차,14667,838,1479,,1451,1452
212,경성대부경대,2026-01-27,화,하차,14892,354,1503,,1921,1922
212,경성대부경대,2026-01-28,수,승차,14353,826,1479,,1447,1448
212,경성대부경대,2026-01-28,수,하차,14843,391,1575,,1925,1926
212,경성대부경대,2026-01-29,목,승차,13985,785,1448,,1458,1459
212,경성대부경대,2026-01-29,목,하차,14310,319,1380,,1910,1911
212,경성대부경대,2026-01-30,금,승차,15203,770,1468,,1571,1572
212,경성대부경대,2026-01-30,금,하차,15022,340,1442,,1938,1939
212,경성대부경대,2026-01-31,토,승차,12100,259,622,,765,766
212,경성대부경대,2026-01-31,토,하차,12167,136,386,,969,970
212,경성대부경대,2026-02-01,일,승차,8200,160,412,,499,500
212,경성대부경대,2026-02-01,일,하차,8623,85,180,,729,730
212,경성대부경대,2026-02-02,월,승차,14282,823,1517,,1418,1419
212,경성대부경대,2026-02-02,월,하차,14565,392,1456,,1909,1910
212,경성대부경대,2026-02-03,화,승차,14441,802,1498,,1455,1456
212,경성대부경대,2026-02-03,화,하차,14735,398,1504,,1922,1923
212,경성대부경대,2026-02-04,수,승차,14777,881,1534,,1422,1423
212,경성대부경대,2026-02-04,수,하차,14790,376,1454,,1880,1881
212,경성대부경대,2026-02-05,목,승차,14739,843,1537,,1456,1457
212,경성대부경대,2026-02-05,목,하차,14967,382,1401,,1824,1825
212,경성대부경대,2026-02-06,금,승차,15760,841,1513,,1602,1603
212,경성대부경대,2026-02-06,금,하차,15766,349,1473,,2017,2018
212,경성대부경대,2026-02-07,토,승차,13756,312,652,,863,864
212,경성대부경대,2026-02-07,토,하차,13405,262,490,,1055,1056
212,경성대부경대,2026-02-08,일,승차,8450,185,386,,542,543
212,경성대부경대,2026-02-08,일,하차,8687,94,177,,756,757
212,경성대부경대,2026-02-09,월,승차,14294,817,1504,,1464,1465
212,경성대부경대,2026-02-09,월,하차,14770,349,1409,,1832,1833
212,경성대부경대,2026-02-10,화,승차,14646,852,1525,,1468,1469
212,경성대부경대,2026-02-10,화,하차,14875,359,1380,,1804,1805
212,경성대부경대,2026-02-11,수,승차,14721,857,1496,,1425,1426
212,경성대부경대,2026-02-11,수,하차,15081,356,1349,,1938,1939
212,경성대부경대,2026-02-12,목,승차,15479,834,1524,,1476,1477
212,경성대부경대,2026-02-12,목,하차,15828,363,1350,,1923,1924
212,경성대부경대,2026-02-13,금,승차,16495,848,1423,,1515,1516
212,경성대부경대,2026-02-13,금,하차,16302,356,1340,,1912,1913
212,경성대부경대,2026-02-14,토,승차,13002,287,593,,810,811
212,경성대부경대,2026-02-14,토,하차,12406,141,387,,1027,1028
212,경성대부경대,2026-02-15,일,승차,9528,166,389,,633,634
212,경성대부경대,2026-02-15,일,하차,9311,83,160,,923,924
212,경성대부경대,2026-02-16,월,승차,7376,172,297,,521,522
212,경성대부경대,2026-02-16,월,하차,6973,81,156,,556,557
212,경성대부경대,2026-02-17,화,승차,5463,170,235,,434,435
212,경성대부경대,2026-02-17,화,하차,5838,78,119,,519,520
212,경성대부경대,2026-02-18,수,승차,7984,154,312,,519,520
212,경성대부경대,2026-02-18,수,하차,9213,55,152,,812,813
212,경성대부경대,2026-02-19,목,승차,15431,740,1363,,1539,1540
212,경성대부경대,2026-02-19,목,하차,16538,295,1238,,1965,1966
212,경성대부경대,2026-02-20,금,승차,19128,787,1409,,1704,1705
212,경성대부경대,2026-02-20,금,하차,20062,337,1384,,2149,2150
212,경성대부경대,2026-02-21,토,승차,12944,342,656,,845,846
212,경성대부경대,2026-02-21,토,하차,12791,140,398,,976,977
212,경성대부경대,2026-02-22,일,승차,9159,206,373,,628,629
212,경성대부경대,2026-02-22,일,하차,9333,74,168,,759,760
212,경성대부경대,2026-02-23,월,승차,16367,837,1485,,1517,1518
212,경성대부경대,2026-02-23,월,하차,16774,385,1588,,1854,1855
212,경성대부경대,2026-02-24,화,승차,15228,883,1450,,1455,1456
212,경성대부경대,2026-02-24,화,하차,15437,350,1381,,1796,1797
212,경성대부경대,2026-02-25,수,승차,15191,848,1483,,1477,1478
212,경성대부경대,2026-02-25,수,하차,15420,354,1244,,1914,1915
212,경성대부경대,2026-02-26,목,승차,15220,818,1466,,1456,1457
212,경성대부경대,2026-02-26,목,하차,15586,359,1283,,2116,2117
212,경성대부경대,2026-02-27,금,승차,16332,779,1431,,1617,1618
212,경성대부경대,2026-02-27,금,하차,16161,348,1270,,1914,1915
212,경성대부경대,2026-02-28,토,승차,13742,320,649,,949,950
212,경성대부경대,2026-02-28,토,하차,13454,167,437,,1082,1083
212,경성대부경대,2026-03-01,일,승차,10384,215,437,,741,742
212,경성대부경대,2026-03-01,일,하차,10779,85,163,,1054,1055
212,경성대부경대,2026-03-02,월,승차,9087,218,396,,629,630
212,경성대부경대,2026-03-02,월,하차,10012,119,274,,875,876
212,경성대부경대,2026-03-03,화,승차,22340,1057,1574,,1873,1874
212,경성대부경대,2026-03-03,화,하차,23134,612,3086,,2083,2084
212,경성대부경대,2026-03-04,수,승차,21986,1065,1604,,1822,1823
212,경성대부경대,2026-03-04,수,하차,22809,554,3006,,2064,2065
212,경성대부경대,2026-03-05,목,승차,22343,990,1629,,1967,1968
212,경성대부경대,2026-03-05,목,하차,22849,577,2763,,2106,2107
212,경성대부경대,2026-03-06,금,승차,21570,1016,1563,,1939,1940
212,경성대부경대,2026-03-06,금,하차,20831,481,2305,,2150,2151
212,경성대부경대,2026-03-07,토,승차,14173,371,722,,919,920
212,경성대부경대,2026-03-07,토,하차,13883,187,516,,1169,1170
212,경성대부경대,2026-03-08,일,승차,9769,223,408,,589,590
212,경성대부경대,2026-03-08,일,하차,11166,95,184,,970,971
212,경성대부경대,2026-03-09,월,승차,21913,1059,1579,,1989,1990
212,경성대부경대,2026-03-09,월,하차,23470,630,2802,,2184,2185
212,경성대부경대,2026-03-10,화,승차,22564,1123,1645,,2225,2226
212,경성대부경대,2026-03-10,화,하차,23325,580,3129,,2109,2110
212,경성대부경대,2026-03-11,수,승차,22015,1070,1591,,2102,2103
212,경성대부경대,2026-03-11,수,하차,22789,577,2896,,2111,2112
212,경성대부경대,2026-03-12,목,승차,22327,1039,1639,,2056,2057
212,경성대부경대,2026-03-12,목,하차,22793,545,2821,,2094,2095
212,경성대부경대,2026-03-13,금,승차,22029,998,1587,,2076,2077
212,경성대부경대,2026-03-13,금,하차,21274,510,2432,,2280,2281
212,경성대부경대,2026-03-14,토,승차,15278,395,751,,973,974
212,경성대부경대,2026-03-14,토,하차,14719,209,591,,1224,1225
212,경성대부경대,2026-03-15,일,승차,9862,203,427,,639,640
212,경성대부경대,2026-03-15,일,하차,11388,98,239,,1021,1022
212,경성대부경대,2026-03-16,월,승차,21220,1026,1614,,1913,1914
212,경성대부경대,2026-03-16,월,하차,22605,627,2727,,2079,2080
212,경성대부경대,2026-03-17,화,승차,22471,1067,1684,,2205,2206
212,경성대부경대,2026-03-17,화,하차,23376,549,3079,,2214,2215
212,경성대부경대,2026-03-18,수,승차,20838,1044,1527,,2012,2013
212,경성대부경대,2026-03-18,수,하차,21549,546,2730,,2047,2048
212,경성대부경대,2026-03-19,목,승차,22740,1067,1662,,2141,2142
212,경성대부경대,2026-03-19,목,하차,22894,585,2653,,2177,2178
212,경성대부경대,2026-03-20,금,승차,22258,999,1584,,2134,2135
212,경성대부경대,2026-03-20,금,하차,21391,513,2289,,2208,2209
212,경성대부경대,2026-03-21,토,승차,15324,446,746,,1018,1019
212,경성대부경대,2026-03-21,토,하차,14828,232,468,,1196,1197
212,경성대부경대,2026-03-22,일,승차,10144,262,462,,678,679
212,경성대부경대,2026-03-22,일,하차,11815,102,234,,968,969
212,경성대부경대,2026-03-23,월,승차,21206,1045,1667,,2014,2015
212,경성대부경대,2026-03-23,월,하차,22684,586,2635,,2211,2212
212,경성대부경대,2026-03-24,화,승차,22113,1053,1711,,2260,2261
212,경성대부경대,2026-03-24,화,하차,22876,584,2912,,2091,2092
212,경성대부경대,2026-03-25,수,승차,21508,1014,1629,,2091,2092
212,경성대부경대,2026-03-25,수,하차,22126,569,2735,,2009,2010
212,경성대부경대,2026-03-26,목,승차,22609,1059,1675,,2113,2114
212,경성대부경대,2026-03-26,목,하차,22654,596,2687,,2134,2135
212,경성대부경대,2026-03-27,금,승차,22297,1047,1664,,2182,2183
212,경성대부경대,2026-03-27,금,하차,21402,563,2193,,2187,2188
212,경성대부경대,2026-03-28,토,승차,15871,436,765,,917,918
212,경성대부경대,2026-03-28,토,하차,15701,268,637,,1259,1260
212,경성대부경대,2026-03-29,일,승차,10471,245,508,,666,667
212,경성대부경대,2026-03-29,일,하차,11859,111,209,,1007,1008
212,경성대부경대,2026-03-30,월,승차,20753,1029,1636,,1956,1957
212,경성대부경대,2026-03-30,월,하차,21993,658,2647,,1946,1947
212,경성대부경대,2026-03-31,화,승차,21509,1067,1646,,2080,2081
212,경성대부경대,2026-03-31,화,하차,22469,598,2880,,2029,2030
212,경성대부경대,2026-04-01,수,승차,21886,1105,1660,,2165,2166
212,경성대부경대,2026-04-01,수,하차,22513,585,2730,,2100,2101
212,경성대부경대,2026-04-02,목,승차,22600,1130,1612,,2112,2113
212,경성대부경대,2026-04-02,목,하차,23205,627,2651,,2169,2170
212,경성대부경대,2026-04-03,금,승차,22349,1113,1736,,2072,2073
212,경성대부경대,2026-04-03,금,하차,21404,536,2230,,2136,2137
212,경성대부경대,2026-04-04,토,승차,13009,329,692,,804,805
212,경성대부경대,2026-04-04,토,하차,12566,182,450,,933,934
212,경성대부경대,2026-04-05,일,승차,11410,450,634,,666,667
212,경성대부경대,2026-04-05,일,하차,12398,96,238,,974,975
212,경성대부경대,2026-04-06,월,승차,20293,1065,1616,,1897,1898
212,경성대부경대,2026-04-06,월,하차,22031,663,2686,,2120,2121
212,경성대부경대,2026-04-07,화,승차,22573,1129,1737,,2230,2231
212,경성대부경대,2026-04-07,화,하차,22977,608,3038,,2112,2113
212,경성대부경대,2026-04-08,수,승차,22414,1193,1697,,2116,2117
212,경성대부경대,2026-04-08,수,하차,22902,601,2828,,2042,2043
212,경성대부경대,2026-04-09,목,승차,20818,1067,1668,,1926,1927
212,경성대부경대,2026-04-09,목,하차,20786,576,2653,,1976,1977
212,경성대부경대,2026-04-10,금,승차,21913,1045,1641,,2009,2010
212,경성대부경대,2026-04-10,금,하차,21180,553,2199,,2201,2202
212,경성대부경대,2026-04-11,토,승차,14541,396,757,,862,863
212,경성대부경대,2026-04-11,토,하차,14425,198,506,,1167,1168
212,경성대부경대,2026-04-12,일,승차,9961,231,500,,619,620
212,경성대부경대,2026-04-12,일,하차,11133,129,295,,885,886
212,경성대부경대,2026-04-13,월,승차,20810,1073,1724,,1942,1943
212,경성대부경대,2026-04-13,월,하차,22296,624,2649,,2104,2105
212,경성대부경대,2026-04-14,화,승차,21506,1083,1738,,2044,2045
212,경성대부경대,2026-04-14,화,하차,22355,600,2928,,2088,2089
212,경성대부경대,2026-04-15,수,승차,21626,1072,1764,,1975,1976
212,경성대부경대,2026-04-15,수,하차,22221,603,2826,,2094,2095
212,경성대부경대,2026-04-16,목,승차,21719,1115,1674,,1932,1933
212,경성대부경대,2026-04-16,목,하차,21923,593,2546,,2107,2108
212,경성대부경대,2026-04-17,금,승차,20200,1080,1628,,1697,1698
212,경성대부경대,2026-04-17,금,하차,19736,535,2174,,2015,2016
212,경성대부경대,2026-04-18,토,승차,14094,363,728,,977,978
212,경성대부경대,2026-04-18,토,하차,13769,204,633,,1057,1058
212,경성대부경대,2026-04-19,일,승차,9158,221,469,,534,535
212,경성대부경대,2026-04-19,일,하차,10054,96,234,,845,846
212,경성대부경대,2026-04-20,월,승차,19655,1058,1639,,1781,1782
212,경성대부경대,2026-04-20,월,하차,20955,634,2569,,1964,1965
212,경성대부경대,2026-04-21,화,승차,21182,1089,1708,,1698,1699
212,경성대부경대,2026-04-21,화,하차,21674,756,2435,,2053,2054
212,경성대부경대,2026-04-22,수,승차,20573,1041,1666,,1701,1702
212,경성대부경대,2026-04-22,수,하차,20817,659,2431,,2022,2023
212,경성대부경대,2026-04-23,목,승차,21106,1047,1621,,1861,1862
212,경성대부경대,2026-04-23,목,하차,20982,640,2362,,1995,1996
212,경성대부경대,2026-04-24,금,승차,21808,1068,1686,,1880,1881
212,경성대부경대,2026-04-24,금,하차,20793,629,2000,,2231,2232
212,경성대부경대,2026-04-25,토,승차,14769,441,738,,857,858
212,경성대부경대,2026-04-25,토,하차,14351,268,595,,1136,1137
212,경성대부경대,2026-04-26,일,승차,9494,238,496,,588,589
212,경성대부경대,2026-04-26,일,하차,10780,104,212,,865,866
212,경성대부경대,2026-04-27,월,승차,21060,1068,1640,,1863,1864
212,경성대부경대,2026-04-27,월,하차,22480,693,2436,,2188,2189
212,경성대부경대,2026-04-28,화,승차,22757,1109,1727,,2120,2121
212,경성대부경대,2026-04-28,화,하차,23411,634,2875,,2150,2151
212,경성대부경대,2026-04-29,수,승차,22434,1095,1850,,2024,2025
212,경성대부경대,2026-04-29,수,하차,22814,583,2661,,2110,2111
212,경성대부경대,2026-04-30,목,승차,25420,1087,1651,,2484,2485
212,경성대부경대,2026-04-30,목,하차,24160,570,2495,,2271,2272
212,경성대부경대,2026-05-01,금,승차,13742,320,595,,931,932
212,경성대부경대,2026-05-01,금,하차,12731,148,325,,1075,1076
212,경성대부경대,2026-05-02,토,승차,14279,375,675,,925,926
212,경성대부경대,2026-05-02,토,하차,13933,231,459,,1098,1099
212,경성대부경대,2026-05-03,일,승차,8474,193,398,,544,545
212,경성대부경대,2026-05-03,일,하차,10089,99,156,,836,837
212,경성대부경대,2026-05-04,월,승차,21773,857,1416,,2039,2040
212,경성대부경대,2026-05-04,월,하차,22466,506,2212,,2003,2004
212,경성대부경대,2026-05-05,화,승차,11759,253,490,,774,775
212,경성대부경대,2026-05-05,화,하차,12400,166,291,,943,944
212,경성대부경대,2026-05-06,수,승차,21565,1127,1812,,2022,2023
212,경성대부경대,2026-05-06,수,하차,22494,621,2701,,2231,2232
212,경성대부경대,2026-05-07,목,승차,22417,1166,1764,,2156,2157
212,경성대부경대,2026-05-07,목,하차,22288,599,2575,,2191,2192
212,경성대부경대,2026-05-08,금,승차,22365,1083,1740,,2109,2110
212,경성대부경대,2026-05-08,금,하차,20475,542,2157,,2120,2121
212,경성대부경대,2026-05-09,토,승차,14898,389,727,,917,918
212,경성대부경대,2026-05-09,토,하차,14315,274,656,,1037,1038
212,경성대부경대,2026-05-10,일,승차,14336,797,616,,593,594
212,경성대부경대,2026-05-10,일,하차,11605,118,243,,1018,1019
212,경성대부경대,2026-05-11,월,승차,21745,1115,1736,,1865,1866
212,경성대부경대,2026-05-11,월,하차,23334,638,2507,,2428,2429
212,경성대부경대,2026-05-12,화,승차,21830,1119,1719,,1791,1792
212,경성대부경대,2026-05-12,화,하차,22735,606,2519,,2479,2480
212,경성대부경대,2026-05-13,수,승차,21564,1152,1929,,1859,1860
212,경성대부경대,2026-05-13,수,하차,22340,574,2345,,2377,2378
212,경성대부경대,2026-05-14,목,승차,21623,1148,1717,,1840,1841
212,경성대부경대,2026-05-14,목,하차,21929,715,2234,,2253,2254
212,경성대부경대,2026-05-15,금,승차,22019,1072,1696,,1959,1960
212,경성대부경대,2026-05-15,금,하차,21186,605,2009,,2146,2147
212,경성대부경대,2026-05-16,토,승차,15671,410,785,,1010,1011
212,경성대부경대,2026-05-16,토,하차,15126,391,558,,1072,1073
212,경성대부경대,2026-05-17,일,승차,10846,253,574,,702,703
212,경성대부경대,2026-05-17,일,하차,12145,138,288,,919,920
212,경성대부경대,2026-05-18,월,승차,20925,1088,1669,,1984,1985
212,경성대부경대,2026-05-18,월,하차,22290,644,2537,,2150,2151
212,경성대부경대,2026-05-19,화,승차,23569,1197,1717,,1851,1852
212,경성대부경대,2026-05-19,화,하차,25113,616,2733,,2973,2974
212,경성대부경대,2026-05-20,수,승차,20823,1110,1707,,2029,2030
212,경성대부경대,2026-05-20,수,하차,21602,568,2500,,2294,2295
212,경성대부경대,2026-05-21,목,승차,22295,1065,1672,,1961,1962
212,경성대부경대,2026-05-21,목,하차,22692,564,2433,,2413,2414
212,경성대부경대,2026-05-22,금,승차,22554,1065,1884,,2096,2097
212,경성대부경대,2026-05-22,금,하차,21099,500,2051,,2090,2091
212,경성대부경대,2026-05-23,토,승차,14911,396,764,,942,943
212,경성대부경대,2026-05-23,토,하차,14183,248,626,,1059,1060
212,경성대부경대,2026-05-24,일,승차,11161,257,551,,723,724
212,경성대부경대,2026-05-24,일,하차,11365,118,245,,997,998
212,경성대부경대,2026-05-25,월,승차,10952,269,540,,722,723
212,경성대부경대,2026-05-25,월,하차,12583,146,287,,1042,1043
212,경성대부경대,2026-05-26,화,승차,21906,1103,1628,,1981,1982
212,경성대부경대,2026-05-26,화,하차,22549,613,2882,,2004,2005
212,경성대부경대,2026-05-27,수,승차,20799,1100,1685,,1895,1896
212,경성대부경대,2026-05-27,수,하차,20907,586,2582,,1883,1884
212,경성대부경대,2026-05-28,목,승차,19498,1137,1679,,1703,1704
212,경성대부경대,2026-05-28,목,하차,19562,525,1839,,2118,2119
212,경성대부경대,2026-05-29,금,승차,21583,1108,1657,,2018,2019
212,경성대부경대,2026-05-29,금,하차,20549,525,2003,,2165,2166
212,경성대부경대,2026-05-30,토,승차,14211,423,713,,776,777
212,경성대부경대,2026-05-30,토,하차,13961,226,532,,991,992
212,경성대부경대,2026-05-31,일,승차,9784,245,496,,659,660
212,경성대부경대,2026-05-31,일,하차,11044,118,234,,888,889
212,경성대부경대,2026-06-01,월,승차,20664,1067,1607,,2031,2032
212,경성대부경대,2026-06-01,월,하차,21930,657,2577,,2029,2030
212,경성대부경대,2026-06-02,화,승차,20981,1015,1607,,2029,2030
212,경성대부경대,2026-06-02,화,하차,21097,545,2792,,2039,2040
212,경성대부경대,2026-06-03,수,승차,12225,323,522,,785,786
212,경성대부경대,2026-06-03,수,하차,12528,164,354,,961,962
212,경성대부경대,2026-06-04,목,승차,21372,1139,1631,,1955,1956
212,경성대부경대,2026-06-04,목,하차,22030,585,2586,,2119,2120
212,경성대부경대,2026-06-05,금,승차,20941,1030,1638,,1878,1879
212,경성대부경대,2026-06-05,금,하차,20281,536,2160,,2032,2033
212,경성대부경대,2026-06-06,토,승차,13138,304,567,,860,861
212,경성대부경대,2026-06-06,토,하차,12847,168,352,,1085,1086
212,경성대부경대,2026-06-07,일,승차,8822,208,460,,571,572
212,경성대부경대,2026-06-07,일,하차,9845,89,214,,740,741
212,경성대부경대,2026-06-08,월,승차,19829,998,1643,,1828,1829
212,경성대부경대,2026-06-08,월,하차,21261,615,2507,,1972,1973
212,경성대부경대,2026-06-09,화,승차,21030,1068,1695,,1841,1842
212,경성대부경대,2026-06-09,화,하차,21518,578,2681,,2056,2057
212,경성대부경대,2026-06-10,수,승차,20993,1063,1683,,1847,1848
212,경성대부경대,2026-06-10,수,하차,21492,590,2578,,2056,2057
212,경성대부경대,2026-06-11,목,승차,20952,1025,1663,,1968,1969
212,경성대부경대,2026-06-11,목,하차,20934,590,2325,,1953,1954
212,경성대부경대,2026-06-12,금,승차,20053,1048,1644,,1765,1766
212,경성대부경대,2026-06-12,금,하차,19462,535,2021,,2009,2010
212,경성대부경대,2026-06-13,토,승차,14701,406,741,,968,969
212,경성대부경대,2026-06-13,토,하차,14540,273,619,,983,984
212,경성대부경대,2026-06-14,일,승차,9272,228,441,,604,605
212,경성대부경대,2026-06-14,일,하차,9909,118,221,,719,720
212,경성대부경대,2026-06-15,월,승차,18789,1023,1651,,1638,1639
212,경성대부경대,2026-06-15,월,하차,19992,613,2386,,1924,1925
212,경성대부경대,2026-06-16,화,승차,19861,1084,1677,,1637,1638
212,경성대부경대,2026-06-16,화,하차,20487,631,2370,,1902,1903
212,경성대부경대,2026-06-17,수,승차,19900,1031,1720,,1773,1774
212,경성대부경대,2026-06-17,수,하차,20347,592,2330,,1902,1903
212,경성대부경대,2026-06-18,목,승차,20925,1015,1628,,1912,1913
212,경성대부경대,2026-06-18,목,하차,20964,627,2378,,2056,2057
212,경성대부경대,2026-06-19,금,승차,19828,992,1619,,1805,1806
212,경성대부경대,2026-06-19,금,하차,19276,588,2023,,1910,1911
212,경성대부경대,2026-06-20,토,승차,12246,307,604,,723,724
212,경성대부경대,2026-06-20,토,하차,12346,189,453,,899,900
212,경성대부경대,2026-06-21,일,승차,8967,251,430,,535,536
212,경성대부경대,2026-06-21,일,하차,9524,99,236,,777,778
212,경성대부경대,2026-06-22,월,승차,20090,973,1567,,1779,1780
212,경성대부경대,2026-06-22,월,하차,20640,600,2296,,1933,1934
212,경성대부경대,2026-06-23,화,승차,17827,1052,1612,,1612,1613
212,경성대부경대,2026-06-23,화,하차,18136,517,1957,,2011,2012
212,경성대부경대,2026-06-24,수,승차,17598,1030,1657,,1516,1517
212,경성대부경대,2026-06-24,수,하차,17790,535,1940,,2001,2002
212,경성대부경대,2026-06-25,목,승차,16478,1002,1651,,1554,1555
212,경성대부경대,2026-06-25,목,하차,16274,483,1658,,1983,1984
212,경성대부경대,2026-06-26,금,승차,17751,1043,1614,,1683,1684
212,경성대부경대,2026-06-26,금,하차,17202,455,1598,,1907,1908
212,경성대부경대,2026-06-27,토,승차,13868,365,689,,725,726
212,경성대부경대,2026-06-27,토,하차,13604,222,557,,1005,1006
212,경성대부경대,2026-06-28,일,승차,9604,250,451,,542,543
212,경성대부경대,2026-06-28,일,하차,9903,116,199,,747,748
212,경성대부경대,2026-06-29,월,승차,15898,1070,1676,,1443,1444
212,경성대부경대,2026-06-29,월,하차,16484,482,1922,,1987,1988
212,경성대부경대,2026-06-30,화,승차,15368,1099,1652,,1443,1444
212,경성대부경대,2026-06-30,화,하차,15801,453,1694,,1864,1865
213,대연,2026-01-01,목,승차,5731,255,290,,292,293
213,대연,2026-01-01,목,하차,5468,140,470,,383,384
213,대연,2026-01-02,금,승차,10369,606,1112,,844,845
213,대연,2026-01-02,금,하차,10022,289,838,,1159,1160
213,대연,2026-01-03,토,승차,8507,273,540,,402,403
213,대연,2026-01-03,토,하차,8111,127,359,,577,578
213,대연,2026-01-04,일,승차,6295,174,384,,287,288
213,대연,2026-01-04,일,하차,6021,85,170,,441,442
213,대연,2026-01-05,월,승차,10685,698,1306,,794,795
213,대연,2026-01-05,월,하차,10624,318,975,,1276,1277
213,대연,2026-01-06,화,승차,10803,702,1287,,797,798
213,대연,2026-01-06,화,하차,10648,295,941,,1219,1220
213,대연,2026-01-07,수,승차,10989,676,1286,,803,804
213,대연,2026-01-07,수,하차,10861,317,963,,1261,1262
213,대연,2026-01-08,목,승차,10474,645,1283,,771,772
213,대연,2026-01-08,목,하차,10442,305,907,,1304,1305
213,대연,2026-01-09,금,승차,11257,637,1255,,971,972
213,대연,2026-01-09,금,하차,11019,286,913,,1315,1316
213,대연,2026-01-10,토,승차,9513,303,616,,495,496
213,대연,2026-01-10,토,하차,8956,147,387,,665,666
213,대연,2026-01-11,일,승차,6362,198,386,,338,339
213,대연,2026-01-11,일,하차,6146,80,172,,476,477
213,대연,2026-01-12,월,승차,10622,636,1274,,823,824
213,대연,2026-01-12,월,하차,10624,273,989,,1289,1290
213,대연,2026-01-13,화,승차,11006,677,1258,,850,851
213,대연,2026-01-13,화,하차,10817,273,920,,1282,1283
213,대연,2026-01-14,수,승차,10943,646,1239,,855,856
213,대연,2026-01-14,수,하차,10815,297,901,,1313,1314
213,대연,2026-01-15,목,승차,10962,631,1208,,849,850
213,대연,2026-01-15,목,하차,10782,252,905,,1323,1324
213,대연,2026-01-16,금,승차,11553,649,1263,,979,980
213,대연,2026-01-16,금,하차,11352,273,887,,1422,1423
213,대연,2026-01-17,토,승차,9598,290,566,,508,509
213,대연,2026-01-17,토,하차,9135,133,388,,723,724
213,대연,2026-01-18,일,승차,6790,195,407,,331,332
213,대연,2026-01-18,일,하차,6538,87,162,,502,503
213,대연,2026-01-19,월,승차,10684,656,1234,,820,821
213,대연,2026-01-19,월,하차,10513,261,896,,1333,1334
213,대연,2026-01-20,화,승차,10688,663,1236,,784,785
213,대연,2026-01-20,화,하차,10675,256,891,,1239,1240
213,대연,2026-01-21,수,승차,10232,657,1198,,855,856
213,대연,2026-01-21,수,하차,10252,279,892,,1334,1335
213,대연,2026-01-22,목,승차,9946,629,1190,,779,780
213,대연,2026-01-22,목,하차,9978,256,840,,1209,1210
213,대연,2026-01-23,금,승차,10877,646,1177,,877,878
213,대연,2026-01-23,금,하차,10742,264,881,,1327,1328
213,대연,2026-01-24,토,승차,9096,297,533,,449,450
213,대연,2026-01-24,토,하차,8562,130,377,,633,634
213,대연,2026-01-25,일,승차,6198,183,384,,252,253
213,대연,2026-01-25,일,하차,6042,76,159,,429,430
213,대연,2026-01-26,월,승차,10438,645,1235,,789,790
213,대연,2026-01-26,월,하차,10488,288,934,,1317,1318
213,대연,2026-01-27,화,승차,10735,649,1249,,835,836
213,대연,2026-01-27,화,하차,10618,265,962,,1280,1281
213,대연,2026-01-28,수,승차,10540,645,1235,,777,778
213,대연,2026-01-28,수,하차,10576,267,921,,1246,1247
213,대연,2026-01-29,목,승차,10398,623,1209,,798,799
213,대연,2026-01-29,목,하차,10427,261,874,,1333,1334
213,대연,2026-01-30,금,승차,10701,652,1289,,888,889
213,대연,2026-01-30,금,하차,10520,278,884,,1177,1178
213,대연,2026-01-31,토,승차,8862,272,595,,458,459
213,대연,2026-01-31,토,하차,8342,126,388,,600,601
213,대연,2026-02-01,일,승차,6312,192,396,,315,316
213,대연,2026-02-01,일,하차,6002,86,166,,498,499
213,대연,2026-02-02,월,승차,10534,691,1219,,826,827
213,대연,2026-02-02,월,하차,10525,280,987,,1253,1254
213,대연,2026-02-03,화,승차,10660,675,1217,,785,786
213,대연,2026-02-03,화,하차,10635,313,926,,1261,1262
213,대연,2026-02-04,수,승차,10754,692,1273,,782,783
213,대연,2026-02-04,수,하차,10606,277,910,,1311,1312
213,대연,2026-02-05,목,승차,10805,701,1257,,826,827
213,대연,2026-02-05,목,하차,10724,305,926,,1291,1292
213,대연,2026-02-06,금,승차,11421,682,1243,,869,870
213,대연,2026-02-06,금,하차,11369,303,936,,1349,1350
213,대연,2026-02-07,토,승차,9429,292,630,,442,443
213,대연,2026-02-07,토,하차,8992,140,419,,712,713
213,대연,2026-02-08,일,승차,6229,187,411,,301,302
213,대연,2026-02-08,일,하차,5929,85,180,,446,447
213,대연,2026-02-09,월,승차,10668,679,1239,,807,808
213,대연,2026-02-09,월,하차,10728,267,979,,1276,1277
213,대연,2026-02-10,화,승차,10482,662,1235,,803,804
213,대연,2026-02-10,화,하차,10499,282,938,,1232,1233
213,대연,2026-02-11,수,승차,11068,669,1268,,850,851
213,대연,2026-02-11,수,하차,10880,308,929,,1238,1239
213,대연,2026-02-12,목,승차,10907,663,1253,,833,834
213,대연,2026-02-12,목,하차,10832,262,911,,1255,1256
213,대연,2026-02-13,금,승차,11848,663,1252,,912,913
213,대연,2026-02-13,금,하차,11603,293,874,,1237,1238
213,대연,2026-02-14,토,승차,9421,295,582,,497,498
213,대연,2026-02-14,토,하차,8532,133,387,,637,638
213,대연,2026-02-15,일,승차,6986,203,424,,366,367
213,대연,2026-02-15,일,하차,6232,89,193,,494,495
213,대연,2026-02-16,월,승차,5215,164,342,,281,282
213,대연,2026-02-16,월,하차,4645,81,140,,391,392
213,대연,2026-02-17,화,승차,4324,142,257,,253,254
213,대연,2026-02-17,화,하차,4414,97,132,,347,348
213,대연,2026-02-18,수,승차,5565,150,287,,293,294
213,대연,2026-02-18,수,하차,5669,66,138,,450,451
213,대연,2026-02-19,목,승차,10557,652,1206,,770,771
213,대연,2026-02-19,목,하차,10524,230,825,,1282,1283
213,대연,2026-02-20,금,승차,11394,646,1150,,892,893
213,대연,2026-02-20,금,하차,11115,249,861,,1351,1352
213,대연,2026-02-21,토,승차,9434,360,652,,510,511
213,대연,2026-02-21,토,하차,8748,148,360,,646,647
213,대연,2026-02-22,일,승차,6614,206,427,,332,333
213,대연,2026-02-22,일,하차,6398,91,180,,513,514
213,대연,2026-02-23,월,승차,10957,696,1219,,850,851
213,대연,2026-02-23,월,하차,10924,285,946,,1301,1302
213,대연,2026-02-24,화,승차,10199,682,1238,,783,784
213,대연,2026-02-24,화,하차,10233,281,963,,1184,1185
213,대연,2026-02-25,수,승차,11324,656,1254,,901,902
213,대연,2026-02-25,수,하차,11130,284,879,,1277,1278
213,대연,2026-02-26,목,승차,10934,648,1286,,857,858
213,대연,2026-02-26,목,하차,10811,237,892,,1292,1293
213,대연,2026-02-27,금,승차,11026,646,1208,,912,913
213,대연,2026-02-27,금,하차,10799,258,840,,1259,1260
213,대연,2026-02-28,토,승차,9709,303,633,,498,499
213,대연,2026-02-28,토,하차,9203,124,393,,719,720
213,대연,2026-03-01,일,승차,7250,216,434,,334,335
213,대연,2026-03-01,일,하차,6710,94,155,,551,552
213,대연,2026-03-02,월,승차,6267,237,422,,315,316
213,대연,2026-03-02,월,하차,6217,110,285,,545,546
213,대연,2026-03-03,화,승차,11189,811,1322,,874,875
213,대연,2026-03-03,화,하차,11128,363,976,,1302,1303
213,대연,2026-03-04,수,승차,11084,750,1323,,827,828
213,대연,2026-03-04,수,하차,11206,362,1016,,1325,1326
213,대연,2026-03-05,목,승차,11223,778,1283,,818,819
213,대연,2026-03-05,목,하차,11179,359,1011,,1262,1263
213,대연,2026-03-06,금,승차,11553,739,1250,,938,939
213,대연,2026-03-06,금,하차,11184,360,975,,1280,1281
213,대연,2026-03-07,토,승차,9594,337,629,,478,479
213,대연,2026-03-07,토,하차,8842,143,415,,780,781
213,대연,2026-03-08,일,승차,6992,193,456,,363,364
213,대연,2026-03-08,일,하차,6812,98,166,,608,609
213,대연,2026-03-09,월,승차,11091,777,1294,,892,893
213,대연,2026-03-09,월,하차,11017,400,1015,,1287,1288
213,대연,2026-03-10,화,승차,11213,761,1372,,895,896
213,대연,2026-03-10,화,하차,11305,382,978,,1264,1265
213,대연,2026-03-11,수,승차,11222,777,1313,,848,849
213,대연,2026-03-11,수,하차,11277,381,1032,,1320,1321
213,대연,2026-03-12,목,승차,11095,744,1350,,844,845
213,대연,2026-03-12,목,하차,10956,370,1001,,1319,1320
213,대연,2026-03-13,금,승차,11887,733,1290,,943,944
213,대연,2026-03-13,금,하차,11777,384,977,,1443,1444
213,대연,2026-03-14,토,승차,10299,345,660,,491,492
213,대연,2026-03-14,토,하차,9472,129,424,,762,763
213,대연,2026-03-15,일,승차,7034,223,442,,317,318
213,대연,2026-03-15,일,하차,6940,98,182,,614,615
213,대연,2026-03-16,월,승차,10835,805,1296,,834,835
213,대연,2026-03-16,월,하차,10902,388,1018,,1257,1258
213,대연,2026-03-17,화,승차,11203,796,1390,,865,866
213,대연,2026-03-17,화,하차,11273,365,1017,,1334,1335
213,대연,2026-03-18,수,승차,10307,748,1304,,799,800
213,대연,2026-03-18,수,하차,10404,390,951,,1289,1290
213,대연,2026-03-19,목,승차,11545,796,1321,,922,923
213,대연,2026-03-19,목,하차,11474,348,1000,,1321,1322
213,대연,2026-03-20,금,승차,11881,747,1279,,919,920
213,대연,2026-03-20,금,하차,11708,371,969,,1358,1359
213,대연,2026-03-21,토,승차,10039,366,692,,515,516
213,대연,2026-03-21,토,하차,9410,145,411,,733,734
213,대연,2026-03-22,일,승차,7047,245,461,,313,314
213,대연,2026-03-22,일,하차,6915,92,178,,563,564
213,대연,2026-03-23,월,승차,11085,789,1298,,828,829
213,대연,2026-03-23,월,하차,11229,370,1022,,1327,1328
213,대연,2026-03-24,화,승차,11156,797,1365,,775,776
213,대연,2026-03-24,화,하차,11241,355,1000,,1266,1267
213,대연,2026-03-25,수,승차,11288,744,1337,,882,883
213,대연,2026-03-25,수,하차,11304,378,1007,,1326,1327
213,대연,2026-03-26,목,승차,11307,788,1304,,862,863
213,대연,2026-03-26,목,하차,11176,334,1021,,1350,1351
213,대연,2026-03-27,금,승차,12119,782,1308,,984,985
213,대연,2026-03-27,금,하차,11677,359,1049,,1402,1403
213,대연,2026-03-28,토,승차,10486,379,704,,512,513
213,대연,2026-03-28,토,하차,9903,157,463,,791,792
213,대연,2026-03-29,일,승차,7286,219,479,,316,317
213,대연,2026-03-29,일,하차,7296,104,176,,582,583
213,대연,2026-03-30,월,승차,10887,804,1308,,829,830
213,대연,2026-03-30,월,하차,10920,425,1042,,1247,1248
213,대연,2026-03-31,화,승차,10959,805,1337,,889,890
213,대연,2026-03-31,화,하차,11009,376,1031,,1269,1270
213,대연,2026-04-01,수,승차,11107,804,1363,,842,843
213,대연,2026-04-01,수,하차,11267,407,1043,,1330,1331
213,대연,2026-04-02,목,승차,11556,786,1328,,834,835
213,대연,2026-04-02,목,하차,11335,359,1020,,1336,1337
213,대연,2026-04-03,금,승차,12268,805,1326,,928,929
213,대연,2026-04-03,금,하차,11726,404,967,,1336,1337
213,대연,2026-04-04,토,승차,9113,310,580,,485,486
213,대연,2026-04-04,토,하차,8460,132,406,,636,637
213,대연,2026-04-05,일,승차,7892,378,512,,428,429
213,대연,2026-04-05,일,하차,7573,97,207,,623,624
213,대연,2026-04-06,월,승차,10730,830,1297,,803,804
213,대연,2026-04-06,월,하차,10845,414,1049,,1298,1299
213,대연,2026-04-07,화,승차,11526,830,1421,,839,840
213,대연,2026-04-07,화,하차,11643,401,1047,,1357,1358
213,대연,2026-04-08,수,승차,11700,822,1408,,971,972
213,대연,2026-04-08,수,하차,11800,418,1009,,1407,1408
213,대연,2026-04-09,목,승차,10103,748,1335,,794,795
213,대연,2026-04-09,목,하차,10140,353,992,,1214,1215
213,대연,2026-04-10,금,승차,12110,757,1334,,953,954
213,대연,2026-04-10,금,하차,11920,382,1009,,1369,1370
213,대연,2026-04-11,토,승차,10031,346,668,,526,527
213,대연,2026-04-11,토,하차,9315,143,476,,696,697
213,대연,2026-04-12,일,승차,7162,261,499,,327,328
213,대연,2026-04-12,일,하차,7051,115,186,,527,528
213,대연,2026-04-13,월,승차,11204,800,1341,,851,852
213,대연,2026-04-13,월,하차,11227,419,1066,,1320,1321
213,대연,2026-04-14,화,승차,11241,779,1407,,822,823
213,대연,2026-04-14,화,하차,11156,402,1018,,1305,1306
213,대연,2026-04-15,수,승차,11629,793,1366,,920,921
213,대연,2026-04-15,수,하차,11736,407,1051,,1400,1401
213,대연,2026-04-16,목,승차,11493,789,1357,,908,909
213,대연,2026-04-16,목,하차,11500,367,1015,,1401,1402
213,대연,2026-04-17,금,승차,11584,791,1295,,886,887
213,대연,2026-04-17,금,하차,11519,379,1069,,1340,1341
213,대연,2026-04-18,토,승차,9825,389,654,,456,457
213,대연,2026-04-18,토,하차,9286,137,465,,733,734
213,대연,2026-04-19,일,승차,7022,251,490,,335,336
213,대연,2026-04-19,일,하차,6879,119,180,,512,513
213,대연,2026-04-20,월,승차,10837,767,1264,,805,806
213,대연,2026-04-20,월,하차,10969,406,1039,,1323,1324
213,대연,2026-04-21,화,승차,11361,817,1345,,833,834
213,대연,2026-04-21,화,하차,11454,388,1049,,1361,1362
213,대연,2026-04-22,수,승차,11141,791,1323,,907,908
213,대연,2026-04-22,수,하차,11190,388,1055,,1332,1333
213,대연,2026-04-23,목,승차,11054,759,1273,,863,864
213,대연,2026-04-23,목,하차,11008,374,1039,,1309,1310
213,대연,2026-04-24,금,승차,12321,798,1324,,942,943
213,대연,2026-04-24,금,하차,12210,417,1008,,1396,1397
213,대연,2026-04-25,토,승차,9968,377,688,,502,503
213,대연,2026-04-25,토,하차,9411,144,437,,708,709
213,대연,2026-04-26,일,승차,7153,265,477,,362,363
213,대연,2026-04-26,일,하차,7222,93,228,,549,550
213,대연,2026-04-27,월,승차,11322,815,1323,,846,847
213,대연,2026-04-27,월,하차,11479,422,1048,,1347,1348
213,대연,2026-04-28,화,승차,11861,825,1383,,911,912
213,대연,2026-04-28,화,하차,11771,406,1064,,1313,1314
213,대연,2026-04-29,수,승차,11695,806,1332,,922,923
213,대연,2026-04-29,수,하차,11835,428,1059,,1288,1289
213,대연,2026-04-30,목,승차,12516,834,1349,,1033,1034
213,대연,2026-04-30,목,하차,11979,379,1068,,1283,1284
213,대연,2026-05-01,금,승차,8984,321,534,,491,492
213,대연,2026-05-01,금,하차,8382,117,280,,757,758
213,대연,2026-05-02,토,승차,10303,341,642,,535,536
213,대연,2026-05-02,토,하차,9738,141,402,,764,765
213,대연,2026-05-03,일,승차,6561,211,387,,345,346
213,대연,2026-05-03,일,하차,6425,95,162,,492,493
213,대연,2026-05-04,월,승차,11489,732,1165,,907,908
213,대연,2026-05-04,월,하차,11276,280,885,,1285,1286
213,대연,2026-05-05,화,승차,7596,245,472,,343,344
213,대연,2026-05-05,화,하차,7498,120,222,,634,635
213,대연,2026-05-06,수,승차,11625,829,1454,,866,867
213,대연,2026-05-06,수,하차,11778,360,1063,,1398,1399
213,대연,2026-05-07,목,승차,11676,864,1337,,929,930
213,대연,2026-05-07,목,하차,11826,389,1086,,1386,1387
213,대연,2026-05-08,금,승차,11951,837,1329,,957,958
213,대연,2026-05-08,금,하차,11885,393,1020,,1399,1400
213,대연,2026-05-09,토,승차,9877,408,667,,516,517
213,대연,2026-05-09,토,하차,9217,146,465,,667,668
213,대연,2026-05-10,일,승차,7739,408,515,,429,430
213,대연,2026-05-10,일,하차,7137,118,192,,577,578
213,대연,2026-05-11,월,승차,11415,834,1327,,832,833
213,대연,2026-05-11,월,하차,11586,444,1043,,1330,1331
213,대연,2026-05-12,화,승차,11193,793,1353,,829,830
213,대연,2026-05-12,화,하차,11310,397,1073,,1288,1289
213,대연,2026-05-13,수,승차,11629,777,1442,,907,908
213,대연,2026-05-13,수,하차,11618,383,1041,,1312,1313
213,대연,2026-05-14,목,승차,11381,802,1325,,865,866
213,대연,2026-05-14,목,하차,11521,419,1035,,1310,1311
213,대연,2026-05-15,금,승차,12264,810,1331,,865,866
213,대연,2026-05-15,금,하차,11926,391,1033,,1384,1385
213,대연,2026-05-16,토,승차,10570,398,730,,506,507
213,대연,2026-05-16,토,하차,10044,177,516,,765,766
213,대연,2026-05-17,일,승차,7601,250,531,,374,375
213,대연,2026-05-17,일,하차,7315,111,222,,579,580
213,대연,2026-05-18,월,승차,11083,861,1339,,855,856
213,대연,2026-05-18,월,하차,11084,412,1074,,1331,1332
213,대연,2026-05-19,화,승차,11197,804,1362,,850,851
213,대연,2026-05-19,화,하차,11272,403,1080,,1354,1355
213,대연,2026-05-20,수,승차,10600,769,1383,,851,852
213,대연,2026-05-20,수,하차,10736,381,1067,,1323,1324
213,대연,2026-05-21,목,승차,11164,751,1337,,831,832
213,대연,2026-05-21,목,하차,11059,401,1007,,1339,1340
213,대연,2026-05-22,금,승차,12467,770,1312,,960,961
213,대연,2026-05-22,금,하차,12019,382,1062,,1323,1324
213,대연,2026-05-23,토,승차,10100,386,666,,528,529
213,대연,2026-05-23,토,하차,9494,176,501,,615,616
213,대연,2026-05-24,일,승차,7996,301,541,,440,441
213,대연,2026-05-24,일,하차,7640,103,241,,616,617
213,대연,2026-05-25,월,승차,7893,295,531,,386,387
213,대연,2026-05-25,월,하차,7921,143,326,,660,661
213,대연,2026-05-26,화,승차,11486,791,1401,,875,876
213,대연,2026-05-26,화,하차,11612,391,1083,,1294,1295
213,대연,2026-05-27,수,승차,10911,773,1345,,834,835
213,대연,2026-05-27,수,하차,10877,394,1012,,1280,1281
213,대연,2026-05-28,목,승차,11653,813,1342,,881,882
213,대연,2026-05-28,목,하차,11567,431,1049,,1323,1324
213,대연,2026-05-29,금,승차,12214,780,1284,,983,984
213,대연,2026-05-29,금,하차,11806,431,1034,,1248,1249
213,대연,2026-05-30,토,승차,9714,394,701,,450,451
213,대연,2026-05-30,토,하차,9138,154,477,,648,649
213,대연,2026-05-31,일,승차,6865,241,511,,319,320
213,대연,2026-05-31,일,하차,6728,93,203,,518,519
213,대연,2026-06-01,월,승차,11233,825,1342,,845,846
213,대연,2026-06-01,월,하차,11291,433,1087,,1370,1371
213,대연,2026-06-02,화,승차,10431,748,1326,,872,873
213,대연,2026-06-02,화,하차,10365,371,1015,,1262,1263
213,대연,2026-06-03,수,승차,7990,315,483,,427,428
213,대연,2026-06-03,수,하차,7789,157,306,,613,614
213,대연,2026-06-04,목,승차,11194,760,1314,,834,835
213,대연,2026-06-04,목,하차,11145,440,1022,,1330,1331
213,대연,2026-06-05,금,승차,12142,759,1350,,928,929
213,대연,2026-06-05,금,하차,11943,437,1018,,1344,1345
213,대연,2026-06-06,토,승차,8781,292,526,,406,407
213,대연,2026-06-06,토,하차,8285,123,288,,635,636
213,대연,2026-06-07,일,승차,6754,207,431,,354,355
213,대연,2026-06-07,일,하차,6626,114,190,,478,479
213,대연,2026-06-08,월,승차,10802,772,1338,,802,803
213,대연,2026-06-08,월,하차,10949,413,1044,,1362,1363
213,대연,2026-06-09,화,승차,11500,826,1365,,878,879
213,대연,2026-06-09,화,하차,11413,407,1041,,1305,1306
213,대연,2026-06-10,수,승차,11605,798,1333,,921,922
213,대연,2026-06-10,수,하차,11518,411,1046,,1310,1311
213,대연,2026-06-11,목,승차,11578,789,1277,,849,850
213,대연,2026-06-11,목,하차,11377,411,1028,,1293,1294
213,대연,2026-06-12,금,승차,12027,827,1316,,866,867
213,대연,2026-06-12,금,하차,11765,384,1012,,1314,1315
213,대연,2026-06-13,토,승차,10041,355,690,,522,523
213,대연,2026-06-13,토,하차,9638,154,443,,733,734
213,대연,2026-06-14,일,승차,6920,235,455,,342,343
213,대연,2026-06-14,일,하차,7065,89,200,,557,558
213,대연,2026-06-15,월,승차,10830,800,1263,,833,834
213,대연,2026-06-15,월,하차,11025,426,1064,,1309,1310
213,대연,2026-06-16,화,승차,11110,794,1304,,833,834
213,대연,2026-06-16,화,하차,11253,375,1061,,1273,1274
213,대연,2026-06-17,수,승차,11116,763,1300,,813,814
213,대연,2026-06-17,수,하차,11045,439,1029,,1251,1252
213,대연,2026-06-18,목,승차,11397,770,1278,,789,790
213,대연,2026-06-18,목,하차,11300,406,950,,1256,1257
213,대연,2026-06-19,금,승차,11564,756,1428,,861,862
213,대연,2026-06-19,금,하차,11577,420,1021,,1316,1317
213,대연,2026-06-20,토,승차,8806,318,537,,431,432
213,대연,2026-06-20,토,하차,8172,145,407,,670,671
213,대연,2026-06-21,일,승차,6831,221,442,,345,346
213,대연,2026-06-21,일,하차,6694,106,200,,552,553
213,대연,2026-06-22,월,승차,10812,738,1209,,836,837
213,대연,2026-06-22,월,하차,10796,429,1022,,1253,1254
213,대연,2026-06-23,화,승차,11540,771,1253,,811,812
213,대연,2026-06-23,화,하차,11449,412,1007,,1404,1405
213,대연,2026-06-24,수,승차,11220,760,1242,,835,836
213,대연,2026-06-24,수,하차,11227,407,991,,1342,1343
213,대연,2026-06-25,목,승차,11325,745,1328,,794,795
213,대연,2026-06-25,목,하차,11253,394,1013,,1363,1364
213,대연,2026-06-26,금,승차,12227,722,1274,,968,969
213,대연,2026-06-26,금,하차,11867,420,1004,,1383,1384
213,대연,2026-06-27,토,승차,10191,347,645,,542,543
213,대연,2026-06-27,토,하차,9596,166,443,,696,697
213,대연,2026-06-28,일,승차,7222,223,484,,360,361
213,대연,2026-06-28,일,하차,6963,97,185,,525,526
213,대연,2026-06-29,월,승차,11109,779,1252,,789,790
213,대연,2026-06-29,월,하차,11226,408,1006,,1346,1347
213,대연,2026-06-30,화,승차,11162,779,1275,,813,814
213,대연,2026-06-30,화,하차,11139,389,991,,1296,1297
214,못골,2026-01-01,목,승차,2235,115,97,,118,119
214,못골,2026-01-01,목,하차,2376,68,165,,165,166
214,못골,2026-01-02,금,승차,5306,351,555,,502,503
214,못골,2026-01-02,금,하차,5310,290,604,,624,625
214,못골,2026-01-03,토,승차,3905,141,219,,178,179
214,못골,2026-01-03,토,하차,3820,101,152,,309,310
214,못골,2026-01-04,일,승차,2746,95,140,,92,93
214,못골,2026-01-04,일,하차,2882,61,71,,227,228
214,못골,2026-01-05,월,승차,5471,417,660,,450,451
214,못골,2026-01-05,월,하차,5747,276,724,,750,751
214,못골,2026-01-06,화,승차,5477,412,652,,478,479
214,못골,2026-01-06,화,하차,5800,283,716,,709,710
214,못골,2026-01-07,수,승차,5613,393,643,,468,469
214,못골,2026-01-07,수,하차,5968,298,713,,718,719
214,못골,2026-01-08,목,승차,5506,410,673,,472,473
214,못골,2026-01-08,목,하차,5625,264,703,,681,682
214,못골,2026-01-09,금,승차,5787,402,654,,510,511
214,못골,2026-01-09,금,하차,5798,225,675,,695,696
214,못골,2026-01-10,토,승차,4395,135,245,,201,202
214,못골,2026-01-10,토,하차,4356,110,173,,300,301
214,못골,2026-01-11,일,승차,2775,79,122,,123,124
214,못골,2026-01-11,일,하차,2844,71,81,,210,211
214,못골,2026-01-12,월,승차,5282,383,672,,481,482
214,못골,2026-01-12,월,하차,5582,210,689,,723,724
214,못골,2026-01-13,화,승차,5510,418,683,,486,487
214,못골,2026-01-13,화,하차,5781,183,623,,704,705
214,못골,2026-01-14,수,승차,5479,406,659,,514,515
214,못골,2026-01-14,수,하차,5741,202,616,,671,672
214,못골,2026-01-15,목,승차,5361,399,683,,440,441
214,못골,2026-01-15,목,하차,5642,171,629,,630,631
214,못골,2026-01-16,금,승차,5653,382,626,,538,539
214,못골,2026-01-16,금,하차,5813,197,607,,705,706
214,못골,2026-01-17,토,승차,4601,161,247,,200,201
214,못골,2026-01-17,토,하차,4487,103,177,,345,346
214,못골,2026-01-18,일,승차,2953,70,174,,121,122
214,못골,2026-01-18,일,하차,3035,79,80,,253,254
214,못골,2026-01-19,월,승차,5246,417,698,,450,451
214,못골,2026-01-19,월,하차,5723,207,612,,712,713
214,못골,2026-01-20,화,승차,5367,391,622,,468,469
214,못골,2026-01-20,화,하차,5514,189,644,,654,655
214,못골,2026-01-21,수,승차,5165,412,636,,486,487
214,못골,2026-01-21,수,하차,5377,196,611,,675,676
214,못골,2026-01-22,목,승차,4837,374,604,,440,441
214,못골,2026-01-22,목,하차,5028,183,593,,586,587
214,못골,2026-01-23,금,승차,5604,382,639,,517,518
214,못골,2026-01-23,금,하차,5557,294,580,,644,645
214,못골,2026-01-24,토,승차,4552,125,232,,184,185
214,못골,2026-01-24,토,하차,4452,101,225,,324,325
214,못골,2026-01-25,일,승차,2672,63,126,,130,131
214,못골,2026-01-25,일,하차,2853,60,75,,216,217
214,못골,2026-01-26,월,승차,5263,390,646,,447,448
214,못골,2026-01-26,월,하차,5538,205,619,,652,653
214,못골,2026-01-27,화,승차,5435,417,677,,532,533
214,못골,2026-01-27,화,하차,5619,179,604,,695,696
214,못골,2026-01-28,수,승차,5417,421,684,,508,509
214,못골,2026-01-28,수,하차,5584,178,568,,678,679
214,못골,2026-01-29,목,승차,5217,414,653,,465,466
214,못골,2026-01-29,목,하차,5275,181,563,,618,619
214,못골,2026-01-30,금,승차,5477,398,634,,513,514
214,못골,2026-01-30,금,하차,5657,194,585,,652,653
214,못골,2026-01-31,토,승차,4293,154,254,,196,197
214,못골,2026-01-31,토,하차,4161,130,201,,295,296
214,못골,2026-02-01,일,승차,2828,91,158,,131,132
214,못골,2026-02-01,일,하차,2928,64,75,,242,243
214,못골,2026-02-02,월,승차,5330,450,654,,474,475
214,못골,2026-02-02,월,하차,5577,215,610,,684,685
214,못골,2026-02-03,화,승차,5336,438,666,,486,487
214,못골,2026-02-03,화,하차,5634,193,615,,742,743
214,못골,2026-02-04,수,승차,5355,462,689,,466,467
214,못골,2026-02-04,수,하차,5663,207,625,,747,748
214,못골,2026-02-05,목,승차,5346,408,672,,466,467
214,못골,2026-02-05,목,하차,5507,177,581,,669,670
214,못골,2026-02-06,금,승차,5605,407,680,,508,509
214,못골,2026-02-06,금,하차,5823,199,618,,659,660
214,못골,2026-02-07,토,승차,4466,140,237,,226,227
214,못골,2026-02-07,토,하차,4402,129,239,,318,319
214,못골,2026-02-08,일,승차,2661,75,135,,89,90
214,못골,2026-02-08,일,하차,2717,59,81,,215,216
214,못골,2026-02-09,월,승차,5288,398,673,,452,453
214,못골,2026-02-09,월,하차,5465,172,621,,718,719
214,못골,2026-02-10,화,승차,5427,415,679,,487,488
214,못골,2026-02-10,화,하차,5597,216,669,,652,653
214,못골,2026-02-11,수,승차,5583,416,714,,479,480
214,못골,2026-02-11,수,하차,5739,191,602,,733,734
214,못골,2026-02-12,목,승차,5588,400,705,,486,487
214,못골,2026-02-12,목,하차,5777,175,600,,669,670
214,못골,2026-02-13,금,승차,5818,405,696,,565,566
214,못골,2026-02-13,금,하차,5885,198,566,,609,610
214,못골,2026-02-14,토,승차,4227,161,261,,196,197
214,못골,2026-02-14,토,하차,3973,96,173,,290,291
214,못골,2026-02-15,일,승차,2854,63,136,,166,167
214,못골,2026-02-15,일,하차,2851,45,67,,237,238
214,못골,2026-02-16,월,승차,2136,80,101,,107,108
214,못골,2026-02-16,월,하차,2074,45,75,,183,184
214,못골,2026-02-17,화,승차,1822,67,87,,131,132
214,못골,2026-02-17,화,하차,1830,37,75,,139,140
214,못골,2026-02-18,수,승차,2364,68,112,,111,112
214,못골,2026-02-18,수,하차,2397,36,59,,209,210
214,못골,2026-02-19,목,승차,5180,373,645,,475,476
214,못골,2026-02-19,목,하차,5359,171,547,,670,671
214,못골,2026-02-20,금,승차,5605,397,674,,527,528
214,못골,2026-02-20,금,하차,5734,193,584,,687,688
214,못골,2026-02-21,토,승차,4469,166,290,,212,213
214,못골,2026-02-21,토,하차,4283,97,149,,338,339
214,못골,2026-02-22,일,승차,3049,89,149,,139,140
214,못골,2026-02-22,일,하차,3187,57,80,,267,268
214,못골,2026-02-23,월,승차,5627,432,697,,409,410
214,못골,2026-02-23,월,하차,5871,198,628,,728,729
214,못골,2026-02-24,화,승차,5263,409,697,,470,471
214,못골,2026-02-24,화,하차,5481,190,592,,652,653
214,못골,2026-02-25,수,승차,5486,399,708,,465,466
214,못골,2026-02-25,수,하차,5761,179,599,,663,664
214,못골,2026-02-26,목,승차,5611,426,686,,497,498
214,못골,2026-02-26,목,하차,5761,171,602,,650,651
214,못골,2026-02-27,금,승차,5400,396,619,,522,523
214,못골,2026-02-27,금,하차,5564,176,570,,614,615
214,못골,2026-02-28,토,승차,4636,163,231,,208,209
214,못골,2026-02-28,토,하차,4503,101,207,,312,313
214,못골,2026-03-01,일,승차,3053,89,164,,144,145
214,못골,2026-03-01,일,하차,3156,67,76,,248,249
214,못골,2026-03-02,월,승차,2639,111,173,,112,113
214,못골,2026-03-02,월,하차,2769,76,112,,230,231
214,못골,2026-03-03,화,승차,6002,479,743,,487,488
214,못골,2026-03-03,화,하차,6095,392,725,,743,744
214,못골,2026-03-04,수,승차,5886,483,728,,546,547
214,못골,2026-03-04,수,하차,6054,397,750,,738,739
214,못골,2026-03-05,목,승차,6105,509,736,,538,539
214,못골,2026-03-05,목,하차,6232,387,750,,718,719
214,못골,2026-03-06,금,승차,6040,470,693,,576,577
214,못골,2026-03-06,금,하차,6047,404,717,,652,653
214,못골,2026-03-07,토,승차,4535,162,285,,211,212
214,못골,2026-03-07,토,하차,4364,121,216,,366,367
214,못골,2026-03-08,일,승차,3078,86,147,,136,137
214,못골,2026-03-08,일,하차,3279,67,75,,242,243
214,못골,2026-03-09,월,승차,5924,483,719,,542,543
214,못골,2026-03-09,월,하차,6072,395,744,,739,740
214,못골,2026-03-10,화,승차,6000,498,760,,525,526
214,못골,2026-03-10,화,하차,6226,420,722,,717,718
214,못골,2026-03-11,수,승차,5973,499,727,,512,513
214,못골,2026-03-11,수,하차,6253,407,711,,747,748
214,못골,2026-03-12,목,승차,5904,492,698,,510,511
214,못골,2026-03-12,목,하차,6106,394,706,,682,683
214,못골,2026-03-13,금,승차,6305,459,753,,574,575
214,못골,2026-03-13,금,하차,6271,411,695,,663,664
214,못골,2026-03-14,토,승차,4980,164,299,,228,229
214,못골,2026-03-14,토,하차,4693,113,267,,382,383
214,못골,2026-03-15,일,승차,3193,115,168,,130,131
214,못골,2026-03-15,일,하차,3240,74,139,,256,257
214,못골,2026-03-16,월,승차,5840,486,743,,504,505
214,못골,2026-03-16,월,하차,6136,424,772,,728,729
214,못골,2026-03-17,화,승차,5999,491,767,,529,530
214,못골,2026-03-17,화,하차,6269,402,731,,776,777
214,못골,2026-03-18,수,승차,5631,489,713,,494,495
214,못골,2026-03-18,수,하차,5862,383,738,,663,664
214,못골,2026-03-19,목,승차,6092,519,725,,575,576
214,못골,2026-03-19,목,하차,6236,382,726,,687,688
214,못골,2026-03-20,금,승차,6462,463,745,,548,549
214,못골,2026-03-20,금,하차,6344,405,702,,677,678
214,못골,2026-03-21,토,승차,4788,162,299,,201,202
214,못골,2026-03-21,토,하차,4755,97,199,,368,369
214,못골,2026-03-22,일,승차,3150,133,212,,119,120
214,못골,2026-03-22,일,하차,3272,72,79,,242,243
214,못골,2026-03-23,월,승차,5932,506,719,,517,518
214,못골,2026-03-23,월,하차,6081,410,720,,709,710
214,못골,2026-03-24,화,승차,6055,501,760,,553,554
214,못골,2026-03-24,화,하차,6189,396,740,,755,756
214,못골,2026-03-25,수,승차,5929,461,741,,568,569
214,못골,2026-03-25,수,하차,6148,398,757,,685,686
214,못골,2026-03-26,목,승차,6081,499,735,,516,517
214,못골,2026-03-26,목,하차,6188,376,747,,690,691
214,못골,2026-03-27,금,승차,6202,457,732,,565,566
214,못골,2026-03-27,금,하차,6182,432,694,,685,686
214,못골,2026-03-28,토,승차,5110,185,342,,215,216
214,못골,2026-03-28,토,하차,4874,136,295,,339,340
214,못골,2026-03-29,일,승차,3276,104,181,,158,159
214,못골,2026-03-29,일,하차,3325,66,92,,235,236
214,못골,2026-03-30,월,승차,5661,469,726,,526,527
214,못골,2026-03-30,월,하차,5900,428,706,,710,711
214,못골,2026-03-31,화,승차,5862,464,762,,517,518
214,못골,2026-03-31,화,하차,5997,392,726,,699,700
214,못골,2026-04-01,수,승차,5978,490,797,,508,509
214,못골,2026-04-01,수,하차,6270,424,722,,797,798
214,못골,2026-04-02,목,승차,6172,499,766,,506,507
214,못골,2026-04-02,목,하차,6301,395,718,,743,744
214,못골,2026-04-03,금,승차,6459,515,735,,540,541
214,못골,2026-04-03,금,하차,6558,408,839,,659,660
214,못골,2026-04-04,토,승차,4290,138,236,,239,240
214,못골,2026-04-04,토,하차,4187,124,320,,305,306
214,못골,2026-04-05,일,승차,3621,209,246,,141,142
214,못골,2026-04-05,일,하차,3773,68,179,,244,245
214,못골,2026-04-06,월,승차,5683,510,746,,526,527
214,못골,2026-04-06,월,하차,5916,406,764,,690,691
214,못골,2026-04-07,화,승차,6125,539,803,,544,545
214,못골,2026-04-07,화,하차,6285,401,757,,698,699
214,못골,2026-04-08,수,승차,6255,517,787,,568,569
214,못골,2026-04-08,수,하차,6610,434,750,,772,773
214,못골,2026-04-09,목,승차,5649,477,772,,505,506
214,못골,2026-04-09,목,하차,5775,395,879,,697,698
214,못골,2026-04-10,금,승차,6424,482,749,,555,556
214,못골,2026-04-10,금,하차,6339,437,712,,710,711
214,못골,2026-04-11,토,승차,4901,181,296,,240,241
214,못골,2026-04-11,토,하차,4861,139,295,,364,365
214,못골,2026-04-12,일,승차,3102,113,195,,119,120
214,못골,2026-04-12,일,하차,3455,59,86,,263,264
214,못골,2026-04-13,월,승차,6036,479,769,,505,506
214,못골,2026-04-13,월,하차,6284,423,801,,734,735
214,못골,2026-04-14,화,승차,6066,500,776,,485,486
214,못골,2026-04-14,화,하차,6291,422,754,,751,752
214,못골,2026-04-15,수,승차,6195,485,791,,575,576
214,못골,2026-04-15,수,하차,6533,376,747,,791,792
214,못골,2026-04-16,목,승차,5997,477,756,,534,535
214,못골,2026-04-16,목,하차,6174,299,744,,731,732
214,못골,2026-04-17,금,승차,6182,491,762,,583,584
214,못골,2026-04-17,금,하차,6117,338,713,,672,673
214,못골,2026-04-18,토,승차,4768,157,303,,224,225
214,못골,2026-04-18,토,하차,4607,113,255,,337,338
214,못골,2026-04-19,일,승차,3077,123,168,,128,129
214,못골,2026-04-19,일,하차,3292,68,97,,300,301
214,못골,2026-04-20,월,승차,5812,497,768,,516,517
214,못골,2026-04-20,월,하차,6094,421,745,,745,746
214,못골,2026-04-21,화,승차,6016,486,777,,502,503
214,못골,2026-04-21,화,하차,6368,428,726,,758,759
214,못골,2026-04-22,수,승차,5984,481,821,,525,526
214,못골,2026-04-22,수,하차,6218,415,753,,746,747
214,못골,2026-04-23,목,승차,6002,473,774,,578,579
214,못골,2026-04-23,목,하차,6100,399,752,,728,729
214,못골,2026-04-24,금,승차,6395,472,737,,581,582
214,못골,2026-04-24,금,하차,6514,417,711,,657,658
214,못골,2026-04-25,토,승차,4723,202,317,,213,214
214,못골,2026-04-25,토,하차,4604,113,258,,348,349
214,못골,2026-04-26,일,승차,3307,107,177,,118,119
214,못골,2026-04-26,일,하차,3453,58,132,,267,268
214,못골,2026-04-27,월,승차,6085,496,757,,522,523
214,못골,2026-04-27,월,하차,6326,434,751,,771,772
214,못골,2026-04-28,화,승차,6141,494,779,,467,468
214,못골,2026-04-28,화,하차,6386,391,745,,706,707
214,못골,2026-04-29,수,승차,6138,504,777,,479,480
214,못골,2026-04-29,수,하차,6296,427,774,,701,702
214,못골,2026-04-30,목,승차,6186,496,755,,514,515
214,못골,2026-04-30,목,하차,6348,372,760,,728,729
214,못골,2026-05-01,금,승차,3723,138,233,,224,225
214,못골,2026-05-01,금,하차,3688,77,80,,301,302
214,못골,2026-05-02,토,승차,4645,162,302,,196,197
214,못골,2026-05-02,토,하차,4454,122,231,,327,328
214,못골,2026-05-03,일,승차,2631,77,139,,139,140
214,못골,2026-05-03,일,하차,2827,75,170,,214,215
214,못골,2026-05-04,월,승차,5844,428,658,,503,504
214,못골,2026-05-04,월,하차,5811,241,577,,684,685
214,못골,2026-05-05,화,승차,3449,139,181,,139,140
214,못골,2026-05-05,화,하차,3459,84,106,,266,267
214,못골,2026-05-06,수,승차,6076,499,857,,502,503
214,못골,2026-05-06,수,하차,6286,363,678,,726,727
214,못골,2026-05-07,목,승차,6436,539,1038,,541,542
214,못골,2026-05-07,목,하차,6528,407,751,,722,723
214,못골,2026-05-08,금,승차,6504,522,818,,540,541
214,못골,2026-05-08,금,하차,6409,427,760,,693,694
214,못골,2026-05-09,토,승차,4843,197,293,,205,206
214,못골,2026-05-09,토,하차,4857,141,239,,325,326
214,못골,2026-05-10,일,승차,3527,246,199,,163,164
214,못골,2026-05-10,일,하차,3456,70,90,,272,273
214,못골,2026-05-11,월,승차,6097,521,775,,546,547
214,못골,2026-05-11,월,하차,6273,422,752,,794,795
214,못골,2026-05-12,화,승차,5918,513,769,,517,518
214,못골,2026-05-12,화,하차,6051,374,771,,717,718
214,못골,2026-05-13,수,승차,6285,513,783,,486,487
214,못골,2026-05-13,수,하차,6500,396,760,,760,761
214,못골,2026-05-14,목,승차,6106,515,762,,513,514
214,못골,2026-05-14,목,하차,6265,368,768,,748,749
214,못골,2026-05-15,금,승차,6268,515,795,,539,540
214,못골,2026-05-15,금,하차,6468,305,731,,749,750
214,못골,2026-05-16,토,승차,5187,195,327,,240,241
214,못골,2026-05-16,토,하차,4977,117,289,,360,361
214,못골,2026-05-17,일,승차,3560,125,184,,155,156
214,못골,2026-05-17,일,하차,3614,91,112,,283,284
214,못골,2026-05-18,월,승차,5881,512,784,,507,508
214,못골,2026-05-18,월,하차,6104,382,789,,777,778
214,못골,2026-05-19,화,승차,6096,488,802,,503,504
214,못골,2026-05-19,화,하차,6209,366,780,,786,787
214,못골,2026-05-20,수,승차,5823,498,778,,502,503
214,못골,2026-05-20,수,하차,5755,361,730,,705,706
214,못골,2026-05-21,목,승차,5907,487,764,,515,516
214,못골,2026-05-21,목,하차,5994,356,737,,685,686
214,못골,2026-05-22,금,승차,6543,479,778,,538,539
214,못골,2026-05-22,금,하차,6406,392,731,,685,686
214,못골,2026-05-23,토,승차,4707,175,323,,186,187
214,못골,2026-05-23,토,하차,4463,116,207,,300,301
214,못골,2026-05-24,일,승차,3610,130,218,,145,146
214,못골,2026-05-24,일,하차,3611,54,114,,280,281
214,못골,2026-05-25,월,승차,3297,160,219,,185,186
214,못골,2026-05-25,월,하차,3504,92,123,,306,307
214,못골,2026-05-26,화,승차,6012,513,754,,485,486
214,못골,2026-05-26,화,하차,6129,390,755,,750,751
214,못골,2026-05-27,수,승차,5694,455,760,,465,466
214,못골,2026-05-27,수,하차,5778,369,727,,712,713
214,못골,2026-05-28,목,승차,6219,500,771,,522,523
214,못골,2026-05-28,목,하차,6228,352,759,,712,713
214,못골,2026-05-29,금,승차,6384,514,724,,552,553
214,못골,2026-05-29,금,하차,6294,380,741,,707,708
214,못골,2026-05-30,토,승차,4666,190,327,,227,228
214,못골,2026-05-30,토,하차,4468,124,235,,329,330
214,못골,2026-05-31,일,승차,3081,104,192,,170,171
214,못골,2026-05-31,일,하차,3216,61,103,,211,212
214,못골,2026-06-01,월,승차,5852,522,790,,541,542
214,못골,2026-06-01,월,하차,6184,399,778,,800,801
214,못골,2026-06-02,화,승차,5507,490,738,,496,497
214,못골,2026-06-02,화,하차,5492,335,753,,649,650
214,못골,2026-06-03,수,승차,3450,140,222,,178,179
214,못골,2026-06-03,수,하차,3597,87,123,,277,278
214,못골,2026-06-04,목,승차,5882,457,748,,535,536
214,못골,2026-06-04,목,하차,6030,364,739,,680,681
214,못골,2026-06-05,금,승차,6329,491,761,,578,579
214,못골,2026-06-05,금,하차,6270,381,783,,709,710
214,못골,2026-06-06,토,승차,4004,140,207,,193,194
214,못골,2026-06-06,토,하차,3860,79,95,,310,311
214,못골,2026-06-07,일,승차,3020,95,165,,137,138
214,못골,2026-06-07,일,하차,3039,62,92,,245,246
214,못골,2026-06-08,월,승차,5712,472,759,,519,520
214,못골,2026-06-08,월,하차,5931,373,791,,743,744
214,못골,2026-06-09,화,승차,6230,502,784,,553,554
214,못골,2026-06-09,화,하차,6366,384,790,,724,725
214,못골,2026-06-10,수,승차,6526,451,790,,572,573
214,못골,2026-06-10,수,하차,6663,359,805,,767,768
214,못골,2026-06-11,목,승차,6799,487,778,,662,663
214,못골,2026-06-11,목,하차,6820,352,801,,835,836
214,못골,2026-06-12,금,승차,6962,498,756,,566,567
214,못골,2026-06-12,금,하차,6820,355,791,,729,730
214,못골,2026-06-13,토,승차,5890,179,336,,321,322
214,못골,2026-06-13,토,하차,5541,132,264,,367,368
214,못골,2026-06-14,일,승차,4298,91,170,,211,212
214,못골,2026-06-14,일,하차,4250,77,133,,288,289
214,못골,2026-06-15,월,승차,6112,479,762,,524,525
214,못골,2026-06-15,월,하차,6230,405,777,,686,687
214,못골,2026-06-16,화,승차,6133,505,756,,558,559
214,못골,2026-06-16,화,하차,6300,391,783,,712,713
214,못골,2026-06-17,수,승차,6084,491,741,,523,524
214,못골,2026-06-17,수,하차,6311,387,778,,744,745
214,못골,2026-06-18,목,승차,6013,498,721,,499,500
214,못골,2026-06-18,목,하차,6162,358,782,,708,709
214,못골,2026-06-19,금,승차,6060,496,704,,574,575
214,못골,2026-06-19,금,하차,5993,399,763,,621,622
214,못골,2026-06-20,토,승차,4423,141,208,,201,202
214,못골,2026-06-20,토,하차,4182,117,304,,265,266
214,못골,2026-06-21,일,승차,3082,97,179,,123,124
214,못골,2026-06-21,일,하차,3146,64,70,,248,249
214,못골,2026-06-22,월,승차,5893,491,734,,532,533
214,못골,2026-06-22,월,하차,6106,383,783,,751,752
214,못골,2026-06-23,화,승차,6172,500,728,,465,466
214,못골,2026-06-23,화,하차,6247,388,787,,706,707
214,못골,2026-06-24,수,승차,5854,466,692,,456,457
214,못골,2026-06-24,수,하차,6087,396,780,,713,714
214,못골,2026-06-25,목,승차,5976,473,718,,507,508
214,못골,2026-06-25,목,하차,6027,373,740,,741,742
214,못골,2026-06-26,금,승차,6410,489,688,,586,587
214,못골,2026-06-26,금,하차,6365,401,759,,645,646
214,못골,2026-06-27,토,승차,4602,198,273,,218,219
214,못골,2026-06-27,토,하차,4589,101,221,,333,334
214,못골,2026-06-28,일,승차,3109,102,171,,113,114
214,못골,2026-06-28,일,하차,3213,63,79,,227,228
214,못골,2026-06-29,월,승차,6093,470,733,,495,496
214,못골,2026-06-29,월,하차,6102,403,795,,743,744
214,못골,2026-06-30,화,승차,5972,498,748,,484,485
214,못골,2026-06-30,화,하차,6119,402,765,,710,711
215,지게골,2026-01-01,목,승차,1223,58,78,,58,59
215,지게골,2026-01-01,목,하차,1308,26,106,,93,94
215,지게골,2026-01-02,금,승차,2923,182,306,,256,257
215,지게골,2026-01-02,금,하차,2866,112,391,,297,298
215,지게골,2026-01-03,토,승차,1985,87,136,,80,81
215,지게골,2026-01-03,토,하차,1972,31,76,,125,126
215,지게골,2026-01-04,일,승차,1528,38,85,,64,65
215,지게골,2026-01-04,일,하차,1550,22,39,,128,129
215,지게골,2026-01-05,월,승차,2911,181,324,,246,247
215,지게골,2026-01-05,월,하차,2921,73,270,,318,319
215,지게골,2026-01-06,화,승차,2837,203,320,,212,213
215,지게골,2026-01-06,화,하차,2912,87,270,,322,323
215,지게골,2026-01-07,수,승차,2939,202,324,,210,211
215,지게골,2026-01-07,수,하차,2985,93,280,,313,314
215,지게골,2026-01-08,목,승차,2695,211,337,,201,202
215,지게골,2026-01-08,목,하차,2749,86,264,,321,322
215,지게골,2026-01-09,금,승차,2868,208,309,,230,231
215,지게골,2026-01-09,금,하차,2789,81,258,,316,317
215,지게골,2026-01-10,토,승차,2230,90,137,,101,102
215,지게골,2026-01-10,토,하차,2197,38,93,,134,135
215,지게골,2026-01-11,일,승차,1476,49,60,,61,62
215,지게골,2026-01-11,일,하차,1485,27,36,,134,135
215,지게골,2026-01-12,월,승차,2730,184,335,,213,214
215,지게골,2026-01-12,월,하차,2709,77,244,,332,333
215,지게골,2026-01-13,화,승차,2892,200,324,,205,206
215,지게골,2026-01-13,화,하차,2859,75,257,,327,328
215,지게골,2026-01-14,수,승차,2848,192,306,,222,223
215,지게골,2026-01-14,수,하차,2887,85,255,,332,333
215,지게골,2026-01-15,목,승차,2858,198,345,,206,207
215,지게골,2026-01-15,목,하차,2833,73,250,,330,331
215,지게골,2026-01-16,금,승차,3027,212,337,,246,247
215,지게골,2026-01-16,금,하차,2830,84,254,,289,290
215,지게골,2026-01-17,토,승차,2396,98,161,,111,112
215,지게골,2026-01-17,토,하차,2249,35,81,,161,162
215,지게골,2026-01-18,일,승차,1562,44,72,,73,74
215,지게골,2026-01-18,일,하차,1628,27,41,,122,123
215,지게골,2026-01-19,월,승차,2887,197,342,,228,229
215,지게골,2026-01-19,월,하차,2838,78,235,,303,304
215,지게골,2026-01-20,화,승차,2845,207,329,,196,197
215,지게골,2026-01-20,화,하차,2901,92,241,,298,299
215,지게골,2026-01-21,수,승차,2696,206,323,,223,224
215,지게골,2026-01-21,수,하차,2667,83,242,,302,303
215,지게골,2026-01-22,목,승차,2572,192,323,,194,195
215,지게골,2026-01-22,목,하차,2559,76,235,,311,312
215,지게골,2026-01-23,금,승차,2797,210,318,,241,242
215,지게골,2026-01-23,금,하차,2791,89,238,,319,320
215,지게골,2026-01-24,토,승차,2204,94,124,,96,97
215,지게골,2026-01-24,토,하차,2118,34,84,,149,150
215,지게골,2026-01-25,일,승차,1470,53,90,,47,48
215,지게골,2026-01-25,일,하차,1586,22,42,,122,123
215,지게골,2026-01-26,월,승차,2781,198,336,,213,214
215,지게골,2026-01-26,월,하차,2760,79,232,,318,319
215,지게골,2026-01-27,화,승차,2865,187,362,,243,244
215,지게골,2026-01-27,화,하차,2866,92,240,,328,329
215,지게골,2026-01-28,수,승차,2780,201,332,,225,226
215,지게골,2026-01-28,수,하차,2866,92,246,,332,333
215,지게골,2026-01-29,목,승차,2803,202,327,,222,223
215,지게골,2026-01-29,목,하차,2856,85,246,,337,338
215,지게골,2026-01-30,금,승차,2794,213,331,,229,230
215,지게골,2026-01-30,금,하차,2821,85,246,,297,298
215,지게골,2026-01-31,토,승차,2179,89,175,,104,105
215,지게골,2026-01-31,토,하차,2173,41,84,,160,161
215,지게골,2026-02-01,일,승차,1639,41,76,,90,91
215,지게골,2026-02-01,일,하차,1605,28,47,,141,142
215,지게골,2026-02-02,월,승차,3030,207,364,,232,233
215,지게골,2026-02-02,월,하차,3134,141,368,,349,350
215,지게골,2026-02-03,화,승차,3031,228,352,,223,224
215,지게골,2026-02-03,화,하차,3125,140,372,,317,318
215,지게골,2026-02-04,수,승차,3044,218,362,,223,224
215,지게골,2026-02-04,수,하차,3104,81,264,,348,349
215,지게골,2026-02-05,목,승차,3085,222,341,,206,207
215,지게골,2026-02-05,목,하차,3189,129,374,,361,362
215,지게골,2026-02-06,금,승차,3194,236,347,,256,257
215,지게골,2026-02-06,금,하차,3199,132,360,,310,311
215,지게골,2026-02-07,토,승차,2369,92,161,,132,133
215,지게골,2026-02-07,토,하차,2345,52,84,,151,152
215,지게골,2026-02-08,일,승차,1541,52,74,,51,52
215,지게골,2026-02-08,일,하차,1500,30,41,,109,110
215,지게골,2026-02-09,월,승차,3004,207,352,,229,230
215,지게골,2026-02-09,월,하차,2889,96,249,,332,333
215,지게골,2026-02-10,화,승차,2874,208,350,,213,214
215,지게골,2026-02-10,화,하차,2843,91,255,,307,308
215,지게골,2026-02-11,수,승차,3049,236,355,,255,256
215,지게골,2026-02-11,수,하차,3049,97,252,,325,326
215,지게골,2026-02-12,목,승차,3007,218,348,,231,232
215,지게골,2026-02-12,목,하차,3014,98,262,,293,294
215,지게골,2026-02-13,금,승차,3098,225,363,,247,248
215,지게골,2026-02-13,금,하차,3011,90,255,,272,273
215,지게골,2026-02-14,토,승차,2284,73,140,,146,147
215,지게골,2026-02-14,토,하차,2205,38,92,,186,187
215,지게골,2026-02-15,일,승차,1750,44,84,,89,90
215,지게골,2026-02-15,일,하차,1629,26,40,,145,146
215,지게골,2026-02-16,월,승차,1354,43,58,,89,90
215,지게골,2026-02-16,월,하차,1359,31,28,,135,136
215,지게골,2026-02-17,화,승차,1153,46,47,,61,62
215,지게골,2026-02-17,화,하차,1024,27,33,,94,95
215,지게골,2026-02-18,수,승차,1328,37,71,,67,68
215,지게골,2026-02-18,수,하차,1349,21,24,,122,123
215,지게골,2026-02-19,목,승차,2816,216,347,,210,211
215,지게골,2026-02-19,목,하차,2786,81,249,,334,335
215,지게골,2026-02-20,금,승차,3098,211,346,,250,251
215,지게골,2026-02-20,금,하차,3118,82,258,,332,333
215,지게골,2026-02-21,토,승차,2352,110,160,,123,124
215,지게골,2026-02-21,토,하차,2308,52,91,,204,205
215,지게골,2026-02-22,일,승차,1695,53,90,,76,77
215,지게골,2026-02-22,일,하차,1661,33,42,,132,133
215,지게골,2026-02-23,월,승차,3007,213,359,,208,209
215,지게골,2026-02-23,월,하차,2961,96,280,,332,333
215,지게골,2026-02-24,화,승차,2730,216,350,,206,207
215,지게골,2026-02-24,화,하차,2778,88,273,,312,313
215,지게골,2026-02-25,수,승차,3069,227,384,,243,244
215,지게골,2026-02-25,수,하차,3160,88,267,,354,355
215,지게골,2026-02-26,목,승차,2965,217,348,,206,207
215,지게골,2026-02-26,목,하차,2999,88,254,,366,367
215,지게골,2026-02-27,금,승차,2828,206,342,,219,220
215,지게골,2026-02-27,금,하차,2844,91,255,,327,328
215,지게골,2026-02-28,토,승차,2404,111,152,,138,139
215,지게골,2026-02-28,토,하차,2248,52,96,,147,148
215,지게골,2026-03-01,일,승차,1807,57,102,,95,96
215,지게골,2026-03-01,일,하차,1820,28,49,,153,154
215,지게골,2026-03-02,월,승차,1514,70,96,,62,63
215,지게골,2026-03-02,월,하차,1516,22,64,,124,125
215,지게골,2026-03-03,화,승차,3517,259,349,,249,250
215,지게골,2026-03-03,화,하차,3632,261,430,,370,371
215,지게골,2026-03-04,수,승차,3339,248,391,,267,268
215,지게골,2026-03-04,수,하차,3508,270,501,,324,325
215,지게골,2026-03-05,목,승차,3484,253,359,,269,270
215,지게골,2026-03-05,목,하차,3618,271,487,,345,346
215,지게골,2026-03-06,금,승차,3488,260,383,,303,304
215,지게골,2026-03-06,금,하차,3475,272,488,,333,334
215,지게골,2026-03-07,토,승차,2385,114,166,,124,125
215,지게골,2026-03-07,토,하차,2365,54,89,,200,201
215,지게골,2026-03-08,일,승차,1673,47,90,,76,77
215,지게골,2026-03-08,일,하차,1796,24,48,,157,158
215,지게골,2026-03-09,월,승차,3374,245,382,,252,253
215,지게골,2026-03-09,월,하차,3488,269,502,,361,362
215,지게골,2026-03-10,화,승차,3425,252,375,,232,233
215,지게골,2026-03-10,화,하차,3542,235,520,,343,344
215,지게골,2026-03-11,수,승차,3485,260,405,,255,256
215,지게골,2026-03-11,수,하차,3610,244,490,,369,370
215,지게골,2026-03-12,목,승차,3432,256,378,,243,244
215,지게골,2026-03-12,목,하차,3510,251,484,,352,353
215,지게골,2026-03-13,금,승차,3508,249,422,,302,303
215,지게골,2026-03-13,금,하차,3476,229,481,,329,330
215,지게골,2026-03-14,토,승차,2552,107,167,,109,110
215,지게골,2026-03-14,토,하차,2466,49,99,,197,198
215,지게골,2026-03-15,일,승차,1844,49,93,,99,100
215,지게골,2026-03-15,일,하차,1852,39,39,,175,176
215,지게골,2026-03-16,월,승차,3436,261,404,,258,259
215,지게골,2026-03-16,월,하차,3458,255,513,,368,369
215,지게골,2026-03-17,화,승차,3519,259,433,,253,254
215,지게골,2026-03-17,화,하차,3473,246,508,,332,333
215,지게골,2026-03-18,수,승차,3141,261,388,,238,239
215,지게골,2026-03-18,수,하차,3252,228,488,,364,365
215,지게골,2026-03-19,목,승차,3498,270,399,,255,256
215,지게골,2026-03-19,목,하차,3557,234,527,,340,341
215,지게골,2026-03-20,금,승차,3643,261,397,,288,289
215,지게골,2026-03-20,금,하차,3577,240,509,,373,374
215,지게골,2026-03-21,토,승차,2572,115,198,,113,114
215,지게골,2026-03-21,토,하차,2485,48,95,,173,174
215,지게골,2026-03-22,일,승차,1794,79,103,,80,81
215,지게골,2026-03-22,일,하차,1819,26,38,,161,162
215,지게골,2026-03-23,월,승차,3436,250,386,,287,288
215,지게골,2026-03-23,월,하차,3447,244,486,,357,358
215,지게골,2026-03-24,화,승차,3505,284,390,,250,251
215,지게골,2026-03-24,화,하차,3571,239,493,,387,388
215,지게골,2026-03-25,수,승차,3515,262,395,,271,272
215,지게골,2026-03-25,수,하차,3538,248,478,,380,381
215,지게골,2026-03-26,목,승차,3637,273,387,,311,312
215,지게골,2026-03-26,목,하차,3589,247,511,,362,363
215,지게골,2026-03-27,금,승차,3642,294,367,,310,311
215,지게골,2026-03-27,금,하차,3583,237,505,,335,336
215,지게골,2026-03-28,토,승차,2650,113,200,,132,133
215,지게골,2026-03-28,토,하차,2603,43,101,,202,203
215,지게골,2026-03-29,일,승차,1812,51,93,,70,71
215,지게골,2026-03-29,일,하차,1950,35,42,,169,170
215,지게골,2026-03-30,월,승차,3388,257,381,,274,275
215,지게골,2026-03-30,월,하차,3433,240,489,,353,354
215,지게골,2026-03-31,화,승차,3350,272,369,,269,270
215,지게골,2026-03-31,화,하차,3412,225,483,,337,338
215,지게골,2026-04-01,수,승차,3601,263,424,,266,267
215,지게골,2026-04-01,수,하차,3490,216,443,,348,349
215,지게골,2026-04-02,목,승차,3541,283,413,,300,301
215,지게골,2026-04-02,목,하차,3534,186,414,,357,358
215,지게골,2026-04-03,금,승차,3695,281,405,,266,267
215,지게골,2026-04-03,금,하차,3591,232,467,,332,333
215,지게골,2026-04-04,토,승차,2337,99,150,,142,143
215,지게골,2026-04-04,토,하차,2233,50,141,,159,160
215,지게골,2026-04-05,일,승차,2016,107,120,,59,60
215,지게골,2026-04-05,일,하차,2101,38,52,,158,159
215,지게골,2026-04-06,월,승차,3326,276,401,,274,275
215,지게골,2026-04-06,월,하차,3369,239,493,,378,379
215,지게골,2026-04-07,화,승차,3560,296,380,,290,291
215,지게골,2026-04-07,화,하차,3605,252,489,,383,384
215,지게골,2026-04-08,수,승차,3647,306,423,,262,263
215,지게골,2026-04-08,수,하차,3699,238,495,,427,428
215,지게골,2026-04-09,목,승차,3114,268,393,,245,246
215,지게골,2026-04-09,목,하차,3134,224,504,,362,363
215,지게골,2026-04-10,금,승차,3608,272,397,,337,338
215,지게골,2026-04-10,금,하차,3592,229,511,,376,377
215,지게골,2026-04-11,토,승차,2629,126,203,,108,109
215,지게골,2026-04-11,토,하차,2466,68,93,,205,206
215,지게골,2026-04-12,일,승차,1810,71,113,,68,69
215,지게골,2026-04-12,일,하차,1860,31,63,,132,133
215,지게골,2026-04-13,월,승차,3517,286,410,,279,280
215,지게골,2026-04-13,월,하차,3484,243,510,,400,401
215,지게골,2026-04-14,화,승차,3368,290,378,,240,241
215,지게골,2026-04-14,화,하차,3414,253,499,,324,325
215,지게골,2026-04-15,수,승차,3553,278,409,,283,284
215,지게골,2026-04-15,수,하차,3579,252,495,,347,348
215,지게골,2026-04-16,목,승차,3566,270,385,,274,275
215,지게골,2026-04-16,목,하차,3512,257,464,,302,303
215,지게골,2026-04-17,금,승차,3480,279,425,,264,265
215,지게골,2026-04-17,금,하차,3435,242,476,,338,339
215,지게골,2026-04-18,토,승차,2632,123,208,,112,113
215,지게골,2026-04-18,토,하차,2530,58,155,,195,196
215,지게골,2026-04-19,일,승차,1812,61,112,,48,49
215,지게골,2026-04-19,일,하차,1839,40,51,,175,176
215,지게골,2026-04-20,월,승차,3382,277,394,,236,237
215,지게골,2026-04-20,월,하차,3421,261,496,,356,357
215,지게골,2026-04-21,화,승차,3438,289,413,,258,259
215,지게골,2026-04-21,화,하차,3501,264,495,,370,371
215,지게골,2026-04-22,수,승차,3497,272,445,,252,253
215,지게골,2026-04-22,수,하차,3522,254,485,,344,345
215,지게골,2026-04-23,목,승차,3377,256,416,,255,256
215,지게골,2026-04-23,목,하차,3422,228,496,,395,396
215,지게골,2026-04-24,금,승차,3643,304,395,,290,291
215,지게골,2026-04-24,금,하차,3551,255,498,,354,355
215,지게골,2026-04-25,토,승차,2648,139,197,,138,139
215,지게골,2026-04-25,토,하차,2483,46,94,,195,196
215,지게골,2026-04-26,일,승차,1885,69,108,,63,64
215,지게골,2026-04-26,일,하차,1970,41,41,,175,176
215,지게골,2026-04-27,월,승차,3611,294,419,,235,236
215,지게골,2026-04-27,월,하차,3496,258,495,,365,366
215,지게골,2026-04-28,화,승차,3592,290,395,,249,250
215,지게골,2026-04-28,화,하차,3680,255,503,,391,392
215,지게골,2026-04-29,수,승차,3527,276,407,,233,234
215,지게골,2026-04-29,수,하차,3507,247,461,,356,357
215,지게골,2026-04-30,목,승차,3457,307,407,,256,257
215,지게골,2026-04-30,목,하차,3358,197,328,,338,339
215,지게골,2026-05-01,금,승차,2162,72,157,,102,103
215,지게골,2026-05-01,금,하차,2050,30,72,,198,199
215,지게골,2026-05-02,토,승차,2494,104,197,,149,150
215,지게골,2026-05-02,토,하차,2496,37,94,,183,184
215,지게골,2026-05-03,일,승차,1547,51,81,,89,90
215,지게골,2026-05-03,일,하차,1546,37,43,,114,115
215,지게골,2026-05-04,월,승차,3434,250,393,,227,228
215,지게골,2026-05-04,월,하차,3471,190,329,,335,336
215,지게골,2026-05-05,화,승차,2041,83,139,,98,99
215,지게골,2026-05-05,화,하차,1993,34,57,,159,160
215,지게골,2026-05-06,수,승차,3530,313,422,,261,262
215,지게골,2026-05-06,수,하차,3591,270,476,,381,382
215,지게골,2026-05-07,목,승차,3617,290,431,,269,270
215,지게골,2026-05-07,목,하차,3611,242,494,,372,373
215,지게골,2026-05-08,금,승차,3661,310,411,,291,292
215,지게골,2026-05-08,금,하차,3617,247,494,,359,360
215,지게골,2026-05-09,토,승차,2749,114,194,,119,120
215,지게골,2026-05-09,토,하차,2590,63,127,,195,196
215,지게골,2026-05-10,일,승차,1960,104,94,,62,63
215,지게골,2026-05-10,일,하차,2063,44,85,,161,162
215,지게골,2026-05-11,월,승차,3518,292,415,,267,268
215,지게골,2026-05-11,월,하차,3544,261,496,,391,392
215,지게골,2026-05-12,화,승차,3434,298,426,,254,255
215,지게골,2026-05-12,화,하차,3459,254,511,,354,355
215,지게골,2026-05-13,수,승차,3589,290,430,,254,255
215,지게골,2026-05-13,수,하차,3618,267,493,,386,387
215,지게골,2026-05-14,목,승차,3460,279,404,,291,292
215,지게골,2026-05-14,목,하차,3485,252,499,,382,383
215,지게골,2026-05-15,금,승차,3627,284,416,,282,283
215,지게골,2026-05-15,금,하차,3523,248,484,,346,347
215,지게골,2026-05-16,토,승차,2749,127,207,,129,130
215,지게골,2026-05-16,토,하차,2522,58,98,,182,183
215,지게골,2026-05-17,일,승차,1825,66,112,,80,81
215,지게골,2026-05-17,일,하차,1944,28,44,,142,143
215,지게골,2026-05-18,월,승차,3371,299,396,,253,254
215,지게골,2026-05-18,월,하차,3431,243,518,,394,395
215,지게골,2026-05-19,화,승차,3491,295,414,,261,262
215,지게골,2026-05-19,화,하차,3610,244,514,,376,377
215,지게골,2026-05-20,수,승차,3192,299,425,,249,250
215,지게골,2026-05-20,수,하차,3293,242,510,,324,325
215,지게골,2026-05-21,목,승차,3462,286,398,,271,272
215,지게골,2026-05-21,목,하차,3505,225,539,,346,347
215,지게골,2026-05-22,금,승차,3600,287,414,,278,279
215,지게골,2026-05-22,금,하차,3497,176,476,,360,361
215,지게골,2026-05-23,토,승차,2622,128,183,,107,108
215,지게골,2026-05-23,토,하차,2492,60,127,,190,191
215,지게골,2026-05-24,일,승차,1914,79,102,,96,97
215,지게골,2026-05-24,일,하차,1926,39,40,,177,178
215,지게골,2026-05-25,월,승차,1963,112,139,,115,116
215,지게골,2026-05-25,월,하차,1953,61,71,,185,186
215,지게골,2026-05-26,화,승차,3361,277,392,,258,259
215,지게골,2026-05-26,화,하차,3457,247,526,,339,340
215,지게골,2026-05-27,수,승차,3179,264,373,,254,255
215,지게골,2026-05-27,수,하차,3160,194,426,,320,321
215,지게골,2026-05-28,목,승차,3340,286,382,,269,270
215,지게골,2026-05-28,목,하차,3366,235,445,,363,364
215,지게골,2026-05-29,금,승차,3551,282,373,,299,300
215,지게골,2026-05-29,금,하차,3425,187,420,,341,342
215,지게골,2026-05-30,토,승차,2498,123,179,,122,123
215,지게골,2026-05-30,토,하차,2312,52,104,,175,176
215,지게골,2026-05-31,일,승차,1683,63,95,,100,101
215,지게골,2026-05-31,일,하차,1770,34,55,,161,162
215,지게골,2026-06-01,월,승차,3448,293,430,,248,249
215,지게골,2026-06-01,월,하차,3499,240,535,,392,393
215,지게골,2026-06-02,화,승차,3161,272,388,,276,277
215,지게골,2026-06-02,화,하차,3186,209,524,,309,310
215,지게골,2026-06-03,수,승차,2036,118,140,,107,108
215,지게골,2026-06-03,수,하차,2026,54,75,,132,133
215,지게골,2026-06-04,목,승차,3405,288,387,,250,251
215,지게골,2026-06-04,목,하차,3387,238,516,,350,351
215,지게골,2026-06-05,금,승차,3512,275,417,,263,264
215,지게골,2026-06-05,금,하차,3521,244,476,,345,346
215,지게골,2026-06-06,토,승차,2246,107,144,,120,121
215,지게골,2026-06-06,토,하차,2127,26,73,,161,162
215,지게골,2026-06-07,일,승차,1589,65,85,,61,62
215,지게골,2026-06-07,일,하차,1671,38,38,,132,133
215,지게골,2026-06-08,월,승차,3219,297,374,,245,246
215,지게골,2026-06-08,월,하차,3260,232,498,,351,352
215,지게골,2026-06-09,화,승차,3507,300,407,,282,283
215,지게골,2026-06-09,화,하차,3568,239,548,,345,346
215,지게골,2026-06-10,수,승차,3536,292,421,,229,230
215,지게골,2026-06-10,수,하차,3574,249,508,,361,362
215,지게골,2026-06-11,목,승차,3519,294,371,,261,262
215,지게골,2026-06-11,목,하차,3498,247,503,,362,363
215,지게골,2026-06-12,금,승차,3470,302,389,,298,299
215,지게골,2026-06-12,금,하차,3405,230,492,,351,352
215,지게골,2026-06-13,토,승차,2561,121,198,,161,162
215,지게골,2026-06-13,토,하차,2497,68,85,,218,219
215,지게골,2026-06-14,일,승차,1851,59,104,,86,87
215,지게골,2026-06-14,일,하차,1866,34,50,,165,166
215,지게골,2026-06-15,월,승차,3276,292,408,,220,221
215,지게골,2026-06-15,월,하차,3380,243,521,,355,356
215,지게골,2026-06-16,화,승차,3359,285,403,,242,243
215,지게골,2026-06-16,화,하차,3316,257,471,,352,353
215,지게골,2026-06-17,수,승차,3480,314,417,,267,268
215,지게골,2026-06-17,수,하차,3485,240,490,,382,383
215,지게골,2026-06-18,목,승차,3359,289,372,,226,227
215,지게골,2026-06-18,목,하차,3410,228,496,,355,356
215,지게골,2026-06-19,금,승차,3377,284,419,,296,297
215,지게골,2026-06-19,금,하차,3345,221,472,,349,350
215,지게골,2026-06-20,토,승차,2122,98,141,,122,123
215,지게골,2026-06-20,토,하차,2054,45,74,,151,152
215,지게골,2026-06-21,일,승차,1664,64,87,,73,74
215,지게골,2026-06-21,일,하차,1715,41,42,,140,141
215,지게골,2026-06-22,월,승차,3260,298,394,,205,206
215,지게골,2026-06-22,월,하차,3333,230,511,,372,373
215,지게골,2026-06-23,화,승차,3514,287,419,,241,242
215,지게골,2026-06-23,화,하차,3454,242,498,,326,327
215,지게골,2026-06-24,수,승차,3350,282,397,,244,245
215,지게골,2026-06-24,수,하차,3342,245,487,,314,315
215,지게골,2026-06-25,목,승차,3421,284,395,,238,239
215,지게골,2026-06-25,목,하차,3405,236,490,,356,357
215,지게골,2026-06-26,금,승차,3610,275,412,,289,290
215,지게골,2026-06-26,금,하차,3476,227,477,,341,342
215,지게골,2026-06-27,토,승차,2505,115,186,,123,124
215,지게골,2026-06-27,토,하차,2460,59,102,,203,204
215,지게골,2026-06-28,일,승차,1890,71,100,,78,79
215,지게골,2026-06-28,일,하차,1876,28,38,,158,159
215,지게골,2026-06-29,월,승차,3409,292,405,,241,242
215,지게골,2026-06-29,월,하차,3394,229,500,,351,352
215,지게골,2026-06-30,화,승차,3426,263,391,,243,244
215,지게골,2026-06-30,화,하차,3455,236,540,,376,377
216,문현,2026-01-01,목,승차,2428,112,123,,156,157
216,문현,2026-01-01,목,하차,2275,66,261,,176,177
216,문현,2026-01-02,금,승차,5388,301,511,,859,860
216,문현,2026-01-02,금,하차,4953,190,640,,497,498
216,문현,2026-01-03,토,승차,4462,128,221,,389,390
216,문현,2026-01-03,토,하차,4028,100,148,,228,229
216,문현,2026-01-04,일,승차,3259,72,111,,402,403
216,문현,2026-01-04,일,하차,3033,82,85,,198,199
216,문현,2026-01-05,월,승차,5253,355,603,,665,666
216,문현,2026-01-05,월,하차,4878,216,741,,514,515
216,문현,2026-01-06,화,승차,5406,343,607,,652,653
216,문현,2026-01-06,화,하차,4982,205,796,,542,543
216,문현,2026-01-07,수,승차,5483,353,610,,683,684
216,문현,2026-01-07,수,하차,5060,232,770,,574,575
216,문현,2026-01-08,목,승차,5230,337,583,,694,695
216,문현,2026-01-08,목,하차,4867,217,746,,530,531
216,문현,2026-01-09,금,승차,5912,318,577,,904,905
216,문현,2026-01-09,금,하차,5346,218,786,,491,492
216,문현,2026-01-10,토,승차,5160,132,223,,407,408
216,문현,2026-01-10,토,하차,4833,94,188,,289,290
216,문현,2026-01-11,일,승차,3304,68,134,,281,282
216,문현,2026-01-11,일,하차,3145,63,104,,241,242
216,문현,2026-01-12,월,승차,5282,352,569,,658,659
216,문현,2026-01-12,월,하차,4930,226,741,,548,549
216,문현,2026-01-13,화,승차,5407,358,564,,654,655
216,문현,2026-01-13,화,하차,5044,213,763,,548,549
216,문현,2026-01-14,수,승차,5492,340,611,,691,692
216,문현,2026-01-14,수,하차,5156,199,761,,551,552
216,문현,2026-01-15,목,승차,5556,352,562,,654,655
216,문현,2026-01-15,목,하차,5301,226,778,,631,632
216,문현,2026-01-16,금,승차,5900,312,565,,789,790
216,문현,2026-01-16,금,하차,5527,210,788,,558,559
216,문현,2026-01-17,토,승차,5323,145,259,,487,488
216,문현,2026-01-17,토,하차,4988,92,183,,272,273
216,문현,2026-01-18,일,승차,3497,90,148,,299,300
216,문현,2026-01-18,일,하차,3329,66,109,,221,222
216,문현,2026-01-19,월,승차,5278,326,557,,607,608
216,문현,2026-01-19,월,하차,4971,210,747,,573,574
216,문현,2026-01-20,화,승차,5329,326,583,,652,653
216,문현,2026-01-20,화,하차,5042,199,762,,531,532
216,문현,2026-01-21,수,승차,5132,334,577,,631,632
216,문현,2026-01-21,수,하차,4932,209,733,,562,563
216,문현,2026-01-22,목,승차,5013,325,563,,650,651
216,문현,2026-01-22,목,하차,4682,188,715,,510,511
216,문현,2026-01-23,금,승차,5599,338,520,,797,798
216,문현,2026-01-23,금,하차,5292,225,716,,573,574
216,문현,2026-01-24,토,승차,4934,132,223,,395,396
216,문현,2026-01-24,토,하차,4695,88,171,,295,296
216,문현,2026-01-25,일,승차,3399,75,120,,287,288
216,문현,2026-01-25,일,하차,3298,65,105,,224,225
216,문현,2026-01-26,월,승차,5296,337,557,,629,630
216,문현,2026-01-26,월,하차,4976,220,787,,581,582
216,문현,2026-01-27,화,승차,5368,332,581,,638,639
216,문현,2026-01-27,화,하차,5058,229,760,,560,561
216,문현,2026-01-28,수,승차,5471,363,571,,659,660
216,문현,2026-01-28,수,하차,5120,225,762,,596,597
216,문현,2026-01-29,목,승차,5379,330,557,,643,644
216,문현,2026-01-29,목,하차,5090,211,762,,565,566
216,문현,2026-01-30,금,승차,5653,323,577,,790,791
216,문현,2026-01-30,금,하차,5223,226,742,,555,556
216,문현,2026-01-31,토,승차,5011,115,212,,413,414
216,문현,2026-01-31,토,하차,4858,105,209,,331,332
216,문현,2026-02-01,일,승차,3919,83,139,,273,274
216,문현,2026-02-01,일,하차,3668,98,108,,261,262
216,문현,2026-02-02,월,승차,5196,380,566,,679,680
216,문현,2026-02-02,월,하차,4967,226,814,,545,546
216,문현,2026-02-03,화,승차,5747,362,600,,673,674
216,문현,2026-02-03,화,하차,5377,220,762,,792,793
216,문현,2026-02-04,수,승차,5682,368,578,,693,694
216,문현,2026-02-04,수,하차,5473,226,797,,689,690
216,문현,2026-02-05,목,승차,5720,365,583,,642,643
216,문현,2026-02-05,목,하차,5421,238,748,,635,636
216,문현,2026-02-06,금,승차,6600,336,618,,829,830
216,문현,2026-02-06,금,하차,6174,241,755,,781,782
216,문현,2026-02-07,토,승차,5963,153,245,,456,457
216,문현,2026-02-07,토,하차,5566,93,173,,380,381
216,문현,2026-02-08,일,승차,3233,73,139,,259,260
216,문현,2026-02-08,일,하차,3099,56,117,,195,196
216,문현,2026-02-09,월,승차,5365,348,562,,673,674
216,문현,2026-02-09,월,하차,4919,235,728,,550,551
216,문현,2026-02-10,화,승차,5296,349,623,,655,656
216,문현,2026-02-10,화,하차,4955,214,757,,504,505
216,문현,2026-02-11,수,승차,5728,353,644,,684,685
216,문현,2026-02-11,수,하차,5276,230,783,,545,546
216,문현,2026-02-12,목,승차,5649,352,623,,689,690
216,문현,2026-02-12,목,하차,5257,233,769,,539,540
216,문현,2026-02-13,금,승차,6124,334,585,,671,672
216,문현,2026-02-13,금,하차,5647,250,773,,527,528
216,문현,2026-02-14,토,승차,4577,120,243,,385,386
216,문현,2026-02-14,토,하차,4115,92,185,,257,258
216,문현,2026-02-15,일,승차,3502,73,141,,356,357
216,문현,2026-02-15,일,하차,3085,62,108,,246,247
216,문현,2026-02-16,월,승차,2382,78,92,,182,183
216,문현,2026-02-16,월,하차,2131,57,84,,176,177
216,문현,2026-02-17,화,승차,1996,60,65,,137,138
216,문현,2026-02-17,화,하차,1802,58,73,,179,180
216,문현,2026-02-18,수,승차,2579,68,99,,155,156
216,문현,2026-02-18,수,하차,2401,32,73,,262,263
216,문현,2026-02-19,목,승차,5363,324,539,,691,692
216,문현,2026-02-19,목,하차,4931,214,724,,545,546
216,문현,2026-02-20,금,승차,5619,321,568,,719,720
216,문현,2026-02-20,금,하차,5249,224,755,,553,554
216,문현,2026-02-21,토,승차,4601,139,287,,256,257
216,문현,2026-02-21,토,하차,4391,84,183,,313,314
216,문현,2026-02-22,일,승차,3123,87,138,,165,166
216,문현,2026-02-22,일,하차,2882,54,90,,248,249
216,문현,2026-02-23,월,승차,5514,361,582,,681,682
216,문현,2026-02-23,월,하차,5176,251,780,,548,549
216,문현,2026-02-24,화,승차,4949,365,579,,620,621
216,문현,2026-02-24,화,하차,4818,237,774,,530,531
216,문현,2026-02-25,수,승차,5590,371,609,,668,669
216,문현,2026-02-25,수,하차,5290,236,755,,555,556
216,문현,2026-02-26,목,승차,5724,356,587,,650,651
216,문현,2026-02-26,목,하차,5332,225,750,,656,657
216,문현,2026-02-27,금,승차,5858,327,576,,788,789
216,문현,2026-02-27,금,하차,5547,226,738,,628,629
216,문현,2026-02-28,토,승차,5416,146,282,,417,418
216,문현,2026-02-28,토,하차,4871,108,245,,291,292
216,문현,2026-03-01,일,승차,3562,82,148,,345,346
216,문현,2026-03-01,일,하차,3257,105,128,,266,267
216,문현,2026-03-02,월,승차,2838,102,174,,297,298
216,문현,2026-03-02,월,하차,2755,83,117,,222,223
216,문현,2026-03-03,화,승차,5622,419,643,,671,672
216,문현,2026-03-03,화,하차,5310,285,795,,572,573
216,문현,2026-03-04,수,승차,5782,433,626,,714,715
216,문현,2026-03-04,수,하차,5458,300,858,,541,542
216,문현,2026-03-05,목,승차,5938,421,671,,694,695
216,문현,2026-03-05,목,하차,5579,317,823,,562,563
216,문현,2026-03-06,금,승차,5962,415,605,,819,820
216,문현,2026-03-06,금,하차,5694,272,817,,554,555
216,문현,2026-03-07,토,승차,5150,144,280,,353,354
216,문현,2026-03-07,토,하차,4903,96,179,,320,321
216,문현,2026-03-08,일,승차,3990,92,174,,285,286
216,문현,2026-03-08,일,하차,3742,104,111,,262,263
216,문현,2026-03-09,월,승차,5726,434,648,,669,670
216,문현,2026-03-09,월,하차,5466,302,851,,620,621
216,문현,2026-03-10,화,승차,5814,434,643,,669,670
216,문현,2026-03-10,화,하차,5464,273,874,,586,587
216,문현,2026-03-11,수,승차,5785,434,667,,702,703
216,문현,2026-03-11,수,하차,5518,289,841,,582,583
216,문현,2026-03-12,목,승차,5739,424,637,,677,678
216,문현,2026-03-12,목,하차,5472,293,806,,572,573
216,문현,2026-03-13,금,승차,6042,417,616,,799,800
216,문현,2026-03-13,금,하차,5720,282,849,,603,604
216,문현,2026-03-14,토,승차,5376,154,260,,494,495
216,문현,2026-03-14,토,하차,5146,105,200,,324,325
216,문현,2026-03-15,일,승차,3765,88,167,,289,290
216,문현,2026-03-15,일,하차,3535,87,99,,254,255
216,문현,2026-03-16,월,승차,5620,435,598,,707,708
216,문현,2026-03-16,월,하차,5365,299,852,,606,607
216,문현,2026-03-17,화,승차,5968,443,700,,757,758
216,문현,2026-03-17,화,하차,5602,302,836,,605,606
216,문현,2026-03-18,수,승차,5429,424,628,,677,678
216,문현,2026-03-18,수,하차,5271,271,826,,552,553
216,문현,2026-03-19,목,승차,6168,442,673,,713,714
216,문현,2026-03-19,목,하차,5855,307,833,,776,777
216,문현,2026-03-20,금,승차,6493,407,620,,717,718
216,문현,2026-03-20,금,하차,6238,312,837,,769,770
216,문현,2026-03-21,토,승차,5469,175,298,,372,373
216,문현,2026-03-21,토,하차,5099,110,205,,325,326
216,문현,2026-03-22,일,승차,3496,97,192,,271,272
216,문현,2026-03-22,일,하차,3332,70,142,,253,254
216,문현,2026-03-23,월,승차,5751,434,634,,687,688
216,문현,2026-03-23,월,하차,5296,298,834,,577,578
216,문현,2026-03-24,화,승차,5833,437,652,,717,718
216,문현,2026-03-24,화,하차,5378,323,799,,555,556
216,문현,2026-03-25,수,승차,5946,432,645,,699,700
216,문현,2026-03-25,수,하차,5577,312,873,,592,593
216,문현,2026-03-26,목,승차,6036,420,640,,715,716
216,문현,2026-03-26,목,하차,5762,317,802,,634,635
216,문현,2026-03-27,금,승차,6236,412,737,,837,838
216,문현,2026-03-27,금,하차,5904,303,839,,548,549
216,문현,2026-03-28,토,승차,5983,173,309,,455,456
216,문현,2026-03-28,토,하차,5582,98,219,,334,335
216,문현,2026-03-29,일,승차,3961,99,179,,318,319
216,문현,2026-03-29,일,하차,3621,77,101,,253,254
216,문현,2026-03-30,월,승차,5529,434,626,,663,664
216,문현,2026-03-30,월,하차,5324,298,870,,571,572
216,문현,2026-03-31,화,승차,5661,416,631,,664,665
216,문현,2026-03-31,화,하차,5386,285,847,,570,571
216,문현,2026-04-01,수,승차,5765,400,666,,687,688
216,문현,2026-04-01,수,하차,5623,301,861,,626,627
216,문현,2026-04-02,목,승차,5920,442,671,,677,678
216,문현,2026-04-02,목,하차,5535,312,809,,568,569
216,문현,2026-04-03,금,승차,6595,448,663,,787,788
216,문현,2026-04-03,금,하차,6261,330,810,,717,718
216,문현,2026-04-04,토,승차,4774,153,244,,455,456
216,문현,2026-04-04,토,하차,4532,119,182,,328,329
216,문현,2026-04-05,일,승차,4195,183,227,,359,360
216,문현,2026-04-05,일,하차,3893,87,129,,253,254
216,문현,2026-04-06,월,승차,5522,456,624,,669,670
216,문현,2026-04-06,월,하차,5231,305,833,,592,593
216,문현,2026-04-07,화,승차,5854,441,667,,680,681
216,문현,2026-04-07,화,하차,5533,305,824,,606,607
216,문현,2026-04-08,수,승차,6079,457,799,,682,683
216,문현,2026-04-08,수,하차,5666,299,854,,587,588
216,문현,2026-04-09,목,승차,5146,414,631,,591,592
216,문현,2026-04-09,목,하차,5188,289,824,,571,572
216,문현,2026-04-10,금,승차,6549,433,710,,816,817
216,문현,2026-04-10,금,하차,6296,326,874,,689,690
216,문현,2026-04-11,토,승차,5416,157,314,,493,494
216,문현,2026-04-11,토,하차,5065,120,200,,309,310
216,문현,2026-04-12,일,승차,3564,110,163,,303,304
216,문현,2026-04-12,일,하차,3391,78,125,,253,254
216,문현,2026-04-13,월,승차,5797,448,618,,691,692
216,문현,2026-04-13,월,하차,5475,315,875,,570,571
216,문현,2026-04-14,화,승차,5762,413,629,,700,701
216,문현,2026-04-14,화,하차,5420,315,849,,591,592
216,문현,2026-04-15,수,승차,6109,443,641,,732,733
216,문현,2026-04-15,수,하차,5752,340,840,,694,695
216,문현,2026-04-16,목,승차,5958,432,654,,711,712
216,문현,2026-04-16,목,하차,5688,302,881,,611,612
216,문현,2026-04-17,금,승차,5938,428,588,,719,720
216,문현,2026-04-17,금,하차,5790,315,802,,603,604
216,문현,2026-04-18,토,승차,5239,156,270,,384,385
216,문현,2026-04-18,토,하차,4805,110,190,,318,319
216,문현,2026-04-19,일,승차,3602,104,204,,297,298
216,문현,2026-04-19,일,하차,3416,97,124,,269,270
216,문현,2026-04-20,월,승차,5554,419,627,,635,636
216,문현,2026-04-20,월,하차,5315,303,811,,562,563
216,문현,2026-04-21,화,승차,5755,427,647,,664,665
216,문현,2026-04-21,화,하차,5411,343,826,,547,548
216,문현,2026-04-22,수,승차,5688,442,641,,677,678
216,문현,2026-04-22,수,하차,5446,336,840,,617,618
216,문현,2026-04-23,목,승차,5720,454,637,,638,639
216,문현,2026-04-23,목,하차,5410,310,812,,629,630
216,문현,2026-04-24,금,승차,6373,459,618,,788,789
216,문현,2026-04-24,금,하차,6057,356,784,,658,659
216,문현,2026-04-25,토,승차,5413,170,318,,440,441
216,문현,2026-04-25,토,하차,5174,128,211,,326,327
216,문현,2026-04-26,일,승차,4036,126,198,,313,314
216,문현,2026-04-26,일,하차,3820,78,102,,247,248
216,문현,2026-04-27,월,승차,5699,407,614,,638,639
216,문현,2026-04-27,월,하차,5503,309,825,,600,601
216,문현,2026-04-28,화,승차,5785,479,633,,687,688
216,문현,2026-04-28,화,하차,5562,311,842,,585,586
216,문현,2026-04-29,수,승차,5925,453,634,,647,648
216,문현,2026-04-29,수,하차,5644,309,878,,560,561
216,문현,2026-04-30,목,승차,6179,442,611,,705,706
216,문현,2026-04-30,목,하차,5957,292,845,,653,654
216,문현,2026-05-01,금,승차,4236,109,217,,394,395
216,문현,2026-05-01,금,하차,3831,99,152,,302,303
216,문현,2026-05-02,토,승차,5161,174,264,,431,432
216,문현,2026-05-02,토,하차,4827,116,206,,300,301
216,문현,2026-05-03,일,승차,3020,91,145,,304,305
216,문현,2026-05-03,일,하차,2826,68,99,,216,217
216,문현,2026-05-04,월,승차,5733,363,524,,644,645
216,문현,2026-05-04,월,하차,5262,275,704,,546,547
216,문현,2026-05-05,화,승차,3362,118,183,,234,235
216,문현,2026-05-05,화,하차,3072,80,147,,235,236
216,문현,2026-05-06,수,승차,5911,440,661,,718,719
216,문현,2026-05-06,수,하차,5624,330,879,,606,607
216,문현,2026-05-07,목,승차,5988,458,672,,724,725
216,문현,2026-05-07,목,하차,5714,318,883,,610,611
216,문현,2026-05-08,금,승차,6393,434,668,,872,873
216,문현,2026-05-08,금,하차,6019,326,841,,627,628
216,문현,2026-05-09,토,승차,5398,168,284,,372,373
216,문현,2026-05-09,토,하차,5249,138,213,,340,341
216,문현,2026-05-10,일,승차,3864,161,178,,388,389
216,문현,2026-05-10,일,하차,3529,99,114,,234,235
216,문현,2026-05-11,월,승차,5789,445,628,,726,727
216,문현,2026-05-11,월,하차,5465,355,823,,583,584
216,문현,2026-05-12,화,승차,5769,433,663,,703,704
216,문현,2026-05-12,화,하차,5451,320,875,,581,582
216,문현,2026-05-13,수,승차,5982,471,631,,669,670
216,문현,2026-05-13,수,하차,5663,328,880,,603,604
216,문현,2026-05-14,목,승차,5928,432,656,,686,687
216,문현,2026-05-14,목,하차,5666,328,837,,597,598
216,문현,2026-05-15,금,승차,6365,425,637,,781,782
216,문현,2026-05-15,금,하차,5984,306,834,,603,604
216,문현,2026-05-16,토,승차,5445,153,327,,436,437
216,문현,2026-05-16,토,하차,5065,176,207,,309,310
216,문현,2026-05-17,일,승차,4034,120,191,,296,297
216,문현,2026-05-17,일,하차,3717,85,120,,253,254
216,문현,2026-05-18,월,승차,5718,442,594,,720,721
216,문현,2026-05-18,월,하차,5426,336,896,,566,567
216,문현,2026-05-19,화,승차,5861,441,677,,740,741
216,문현,2026-05-19,화,하차,5470,327,843,,628,629
216,문현,2026-05-20,수,승차,5372,437,652,,683,684
216,문현,2026-05-20,수,하차,5235,332,808,,569,570
216,문현,2026-05-21,목,승차,5759,410,657,,706,707
216,문현,2026-05-21,목,하차,5456,315,809,,569,570
216,문현,2026-05-22,금,승차,6384,424,589,,821,822
216,문현,2026-05-22,금,하차,6175,317,813,,589,590
216,문현,2026-05-23,토,승차,5374,186,288,,476,477
216,문현,2026-05-23,토,하차,4832,138,216,,301,302
216,문현,2026-05-24,일,승차,3834,134,208,,340,341
216,문현,2026-05-24,일,하차,3473,76,136,,228,229
216,문현,2026-05-25,월,승차,3408,124,206,,202,203
216,문현,2026-05-25,월,하차,3108,87,147,,241,242
216,문현,2026-05-26,화,승차,5718,450,620,,685,686
216,문현,2026-05-26,화,하차,5436,324,834,,575,576
216,문현,2026-05-27,수,승차,5550,418,594,,698,699
216,문현,2026-05-27,수,하차,5240,309,831,,553,554
216,문현,2026-05-28,목,승차,5886,445,603,,700,701
216,문현,2026-05-28,목,하차,5541,328,842,,565,566
216,문현,2026-05-29,금,승차,6344,436,625,,854,855
216,문현,2026-05-29,금,하차,5949,306,828,,594,595
216,문현,2026-05-30,토,승차,5279,159,300,,413,414
216,문현,2026-05-30,토,하차,4787,121,210,,280,281
216,문현,2026-05-31,일,승차,3482,104,159,,307,308
216,문현,2026-05-31,일,하차,3202,68,148,,227,228
216,문현,2026-06-01,월,승차,5649,435,647,,701,702
216,문현,2026-06-01,월,하차,5289,333,799,,561,562
216,문현,2026-06-02,화,승차,5446,426,627,,704,705
216,문현,2026-06-02,화,하차,5126,317,808,,539,540
216,문현,2026-06-03,수,승차,3688,152,232,,234,235
216,문현,2026-06-03,수,하차,3350,99,170,,250,251
216,문현,2026-06-04,목,승차,6167,439,630,,721,722
216,문현,2026-06-04,목,하차,5758,348,855,,634,635
216,문현,2026-06-05,금,승차,6229,418,591,,839,840
216,문현,2026-06-05,금,하차,5741,347,835,,553,554
216,문현,2026-06-06,토,승차,4355,121,192,,340,341
216,문현,2026-06-06,토,하차,4085,104,175,,303,304
216,문현,2026-06-07,일,승차,3249,104,167,,261,262
216,문현,2026-06-07,일,하차,3089,88,122,,210,211
216,문현,2026-06-08,월,승차,5438,411,626,,661,662
216,문현,2026-06-08,월,하차,5073,327,845,,525,526
216,문현,2026-06-09,화,승차,5797,440,671,,690,691
216,문현,2026-06-09,화,하차,5466,336,837,,554,555
216,문현,2026-06-10,수,승차,5949,462,641,,684,685
216,문현,2026-06-10,수,하차,5528,341,848,,585,586
216,문현,2026-06-11,목,승차,5776,441,615,,719,720
216,문현,2026-06-11,목,하차,5596,335,839,,545,546
216,문현,2026-06-12,금,승차,6252,444,611,,776,777
216,문현,2026-06-12,금,하차,5886,342,809,,607,608
216,문현,2026-06-13,토,승차,5425,191,337,,391,392
216,문현,2026-06-13,토,하차,5161,133,222,,298,299
216,문현,2026-06-14,일,승차,3666,119,164,,311,312
216,문현,2026-06-14,일,하차,3394,82,129,,221,222
216,문현,2026-06-15,월,승차,5564,413,595,,677,678
216,문현,2026-06-15,월,하차,5210,326,886,,535,536
216,문현,2026-06-16,화,승차,5782,449,634,,686,687
216,문현,2026-06-16,화,하차,5401,331,889,,581,582
216,문현,2026-06-17,수,승차,5861,450,624,,741,742
216,문현,2026-06-17,수,하차,5616,342,836,,573,574
216,문현,2026-06-18,목,승차,5931,403,646,,744,745
216,문현,2026-06-18,목,하차,5626,339,819,,583,584
216,문현,2026-06-19,금,승차,6053,436,614,,760,761
216,문현,2026-06-19,금,하차,5877,329,843,,572,573
216,문현,2026-06-20,토,승차,4611,122,244,,412,413
216,문현,2026-06-20,토,하차,4276,104,211,,260,261
216,문현,2026-06-21,일,승차,3534,104,148,,299,300
216,문현,2026-06-21,일,하차,3374,81,125,,231,232
216,문현,2026-06-22,월,승차,5583,394,596,,690,691
216,문현,2026-06-22,월,하차,5279,337,872,,510,511
216,문현,2026-06-23,화,승차,5723,386,609,,667,668
216,문현,2026-06-23,화,하차,5417,333,826,,619,620
216,문현,2026-06-24,수,승차,5560,406,611,,655,656
216,문현,2026-06-24,수,하차,5414,308,858,,558,559
216,문현,2026-06-25,목,승차,5747,412,597,,715,716
216,문현,2026-06-25,목,하차,5573,334,865,,584,585
216,문현,2026-06-26,금,승차,6174,399,602,,823,824
216,문현,2026-06-26,금,하차,6001,351,825,,519,520
216,문현,2026-06-27,토,승차,5125,167,274,,417,418
216,문현,2026-06-27,토,하차,4751,140,213,,342,343
216,문현,2026-06-28,일,승차,3485,98,149,,321,322
216,문현,2026-06-28,일,하차,3237,62,134,,210,211
216,문현,2026-06-29,월,승차,5532,387,617,,665,666
216,문현,2026-06-29,월,하차,5307,343,850,,558,559
216,문현,2026-06-30,화,승차,5811,422,654,,638,639
216,문현,2026-06-30,화,하차,5490,331,872,,592,593
217,국제금융센터부산은행,2026-01-01,목,승차,2264,72,89,,207,208
217,국제금융센터부산은행,2026-01-01,목,하차,2340,78,153,,127,128
217,국제금융센터부산은행,2026-01-02,금,승차,5800,191,288,,1512,1513
217,국제금융센터부산은행,2026-01-02,금,하차,5787,497,1759,,459,460
217,국제금융센터부산은행,2026-01-03,토,승차,3127,102,160,,208,209
217,국제금융센터부산은행,2026-01-03,토,하차,3203,91,115,,238,239
217,국제금융센터부산은행,2026-01-04,일,승차,2322,40,104,,187,188
217,국제금융센터부산은행,2026-01-04,일,하차,2417,61,67,,161,162
217,국제금융센터부산은행,2026-01-05,월,승차,5764,211,340,,1651,1652
217,국제금융센터부산은행,2026-01-05,월,하차,6125,521,2050,,386,387
217,국제금융센터부산은행,2026-01-06,화,승차,5930,202,348,,1666,1667
217,국제금융센터부산은행,2026-01-06,화,하차,6282,564,2148,,426,427
217,국제금융센터부산은행,2026-01-07,수,승차,5876,202,342,,1698,1699
217,국제금융센터부산은행,2026-01-07,수,하차,6320,549,2162,,379,380
217,국제금융센터부산은행,2026-01-08,목,승차,5817,204,334,,1639,1640
217,국제금융센터부산은행,2026-01-08,목,하차,6338,546,2120,,437,438
217,국제금융센터부산은행,2026-01-09,금,승차,6034,216,319,,1491,1492
217,국제금융센터부산은행,2026-01-09,금,하차,6354,532,1994,,434,435
217,국제금융센터부산은행,2026-01-10,토,승차,3354,88,168,,218,219
217,국제금융센터부산은행,2026-01-10,토,하차,3350,100,130,,239,240
217,국제금융센터부산은행,2026-01-11,일,승차,2253,48,102,,195,196
217,국제금융센터부산은행,2026-01-11,일,하차,2410,44,60,,162,163
217,국제금융센터부산은행,2026-01-12,월,승차,5667,190,329,,1596,1597
217,국제금융센터부산은행,2026-01-12,월,하차,5787,515,2051,,327,328
217,국제금융센터부산은행,2026-01-13,화,승차,5961,207,363,,1687,1688
217,국제금융센터부산은행,2026-01-13,화,하차,6355,555,2132,,485,486
217,국제금융센터부산은행,2026-01-14,수,승차,5955,203,346,,1634,1635
217,국제금융센터부산은행,2026-01-14,수,하차,6321,545,2143,,452,453
217,국제금융센터부산은행,2026-01-15,목,승차,6163,208,347,,1491,1492
217,국제금융센터부산은행,2026-01-15,목,하차,6653,551,2133,,400,401
217,국제금융센터부산은행,2026-01-16,금,승차,6131,203,335,,1487,1488
217,국제금융센터부산은행,2026-01-16,금,하차,6553,554,2030,,517,518
217,국제금융센터부산은행,2026-01-17,토,승차,3607,98,158,,225,226
217,국제금융센터부산은행,2026-01-17,토,하차,3588,125,191,,252,253
217,국제금융센터부산은행,2026-01-18,일,승차,2521,65,98,,243,244
217,국제금융센터부산은행,2026-01-18,일,하차,2625,66,80,,138,139
217,국제금융센터부산은행,2026-01-19,월,승차,5828,215,367,,1753,1754
217,국제금융센터부산은행,2026-01-19,월,하차,5991,548,2009,,337,338
217,국제금융센터부산은행,2026-01-20,화,승차,5866,201,364,,1682,1683
217,국제금융센터부산은행,2026-01-20,화,하차,6182,594,2136,,347,348
217,국제금융센터부산은행,2026-01-21,수,승차,5823,184,367,,1697,1698
217,국제금융센터부산은행,2026-01-21,수,하차,6144,563,2167,,345,346
217,국제금융센터부산은행,2026-01-22,목,승차,5641,201,342,,1641,1642
217,국제금융센터부산은행,2026-01-22,목,하차,5925,527,2053,,339,340
217,국제금융센터부산은행,2026-01-23,금,승차,5775,211,366,,1406,1407
217,국제금융센터부산은행,2026-01-23,금,하차,6041,513,2057,,363,364
217,국제금융센터부산은행,2026-01-24,토,승차,4075,88,150,,266,267
217,국제금융센터부산은행,2026-01-24,토,하차,3985,122,154,,255,256
217,국제금융센터부산은행,2026-01-25,일,승차,2191,50,94,,140,141
217,국제금융센터부산은행,2026-01-25,일,하차,2243,50,72,,159,160
217,국제금융센터부산은행,2026-01-26,월,승차,5538,197,331,,1590,1591
217,국제금융센터부산은행,2026-01-26,월,하차,5853,530,2077,,363,364
217,국제금융센터부산은행,2026-01-27,화,승차,5912,221,366,,1612,1613
217,국제금융센터부산은행,2026-01-27,화,하차,6188,577,2129,,372,373
217,국제금융센터부산은행,2026-01-28,수,승차,5785,207,345,,1680,1681
217,국제금융센터부산은행,2026-01-28,수,하차,6239,565,2183,,368,369
217,국제금융센터부산은행,2026-01-29,목,승차,5882,187,358,,1599,1600
217,국제금융센터부산은행,2026-01-29,목,하차,6409,539,2179,,383,384
217,국제금융센터부산은행,2026-01-30,금,승차,6126,204,330,,1469,1470
217,국제금융센터부산은행,2026-01-30,금,하차,6634,530,2067,,641,642
217,국제금융센터부산은행,2026-01-31,토,승차,3630,108,142,,248,249
217,국제금융센터부산은행,2026-01-31,토,하차,3721,104,162,,284,285
217,국제금융센터부산은행,2026-02-01,일,승차,2476,60,83,,155,156
217,국제금융센터부산은행,2026-02-01,일,하차,2656,57,71,,149,150
217,국제금융센터부산은행,2026-02-02,월,승차,5875,211,373,,1739,1740
217,국제금융센터부산은행,2026-02-02,월,하차,6128,550,2194,,369,370
217,국제금융센터부산은행,2026-02-03,화,승차,5922,218,361,,1774,1775
217,국제금융센터부산은행,2026-02-03,화,하차,6315,567,2297,,401,402
217,국제금융센터부산은행,2026-02-04,수,승차,5975,198,383,,1718,1719
217,국제금융센터부산은행,2026-02-04,수,하차,6442,600,2324,,356,357
217,국제금융센터부산은행,2026-02-05,목,승차,6261,208,351,,1633,1634
217,국제금융센터부산은행,2026-02-05,목,하차,6629,560,2268,,364,365
217,국제금융센터부산은행,2026-02-06,금,승차,5943,224,371,,1497,1498
217,국제금융센터부산은행,2026-02-06,금,하차,6413,549,2164,,411,412
217,국제금융센터부산은행,2026-02-07,토,승차,3344,99,141,,209,210
217,국제금융센터부산은행,2026-02-07,토,하차,3375,125,178,,190,191
217,국제금융센터부산은행,2026-02-08,일,승차,2145,61,102,,148,149
217,국제금융센터부산은행,2026-02-08,일,하차,2199,64,60,,139,140
217,국제금융센터부산은행,2026-02-09,월,승차,5846,218,348,,1677,1678
217,국제금융센터부산은행,2026-02-09,월,하차,6126,536,2235,,333,334
217,국제금융센터부산은행,2026-02-10,화,승차,6206,202,359,,1710,1711
217,국제금융센터부산은행,2026-02-10,화,하차,6602,539,2317,,380,381
217,국제금융센터부산은행,2026-02-11,수,승차,6193,203,360,,1730,1731
217,국제금융센터부산은행,2026-02-11,수,하차,6668,556,2316,,396,397
217,국제금융센터부산은행,2026-02-12,목,승차,6247,211,362,,1641,1642
217,국제금융센터부산은행,2026-02-12,목,하차,6634,534,2253,,370,371
217,국제금융센터부산은행,2026-02-13,금,승차,6290,238,364,,1269,1270
217,국제금융센터부산은행,2026-02-13,금,하차,6733,571,2135,,362,363
217,국제금융센터부산은행,2026-02-14,토,승차,3374,106,172,,192,193
217,국제금융센터부산은행,2026-02-14,토,하차,3429,126,143,,327,328
217,국제금융센터부산은행,2026-02-15,일,승차,2630,75,113,,140,141
217,국제금융센터부산은행,2026-02-15,일,하차,2605,46,99,,173,174
217,국제금융센터부산은행,2026-02-16,월,승차,1876,54,91,,114,115
217,국제금융센터부산은행,2026-02-16,월,하차,1754,45,67,,121,122
217,국제금융센터부산은행,2026-02-17,화,승차,1503,65,81,,114,115
217,국제금융센터부산은행,2026-02-17,화,하차,1593,45,73,,106,107
217,국제금융센터부산은행,2026-02-18,수,승차,1858,47,72,,135,136
217,국제금융센터부산은행,2026-02-18,수,하차,2005,40,78,,172,173
217,국제금융센터부산은행,2026-02-19,목,승차,5667,199,354,,1612,1613
217,국제금융센터부산은행,2026-02-19,목,하차,6029,510,2046,,337,338
217,국제금융센터부산은행,2026-02-20,금,승차,5898,207,334,,1525,1526
217,국제금융센터부산은행,2026-02-20,금,하차,6262,551,2046,,348,349
217,국제금융센터부산은행,2026-02-21,토,승차,3167,101,188,,228,229
217,국제금융센터부산은행,2026-02-21,토,하차,3160,117,155,,199,200
217,국제금융센터부산은행,2026-02-22,일,승차,2425,71,112,,150,151
217,국제금융센터부산은행,2026-02-22,일,하차,2486,60,72,,145,146
217,국제금융센터부산은행,2026-02-23,월,승차,5813,223,379,,1635,1636
217,국제금융센터부산은행,2026-02-23,월,하차,6058,526,2169,,382,383
217,국제금융센터부산은행,2026-02-24,화,승차,6097,208,354,,1852,1853
217,국제금융센터부산은행,2026-02-24,화,하차,6179,564,2312,,353,354
217,국제금융센터부산은행,2026-02-25,수,승차,6218,210,352,,1737,1738
217,국제금융센터부산은행,2026-02-25,수,하차,6636,553,2254,,497,498
217,국제금융센터부산은행,2026-02-26,목,승차,6237,224,365,,1706,1707
217,국제금융센터부산은행,2026-02-26,목,하차,6486,554,2224,,339,340
217,국제금융센터부산은행,2026-02-27,금,승차,5929,190,339,,1517,1518
217,국제금융센터부산은행,2026-02-27,금,하차,6256,528,2083,,388,389
217,국제금융센터부산은행,2026-02-28,토,승차,3394,101,155,,280,281
217,국제금융센터부산은행,2026-02-28,토,하차,3412,115,152,,226,227
217,국제금융센터부산은행,2026-03-01,일,승차,2472,74,95,,158,159
217,국제금융센터부산은행,2026-03-01,일,하차,2522,72,90,,189,190
217,국제금융센터부산은행,2026-03-02,월,승차,2164,78,100,,204,205
217,국제금융센터부산은행,2026-03-02,월,하차,2251,90,119,,153,154
217,국제금융센터부산은행,2026-03-03,화,승차,6048,230,384,,1686,1687
217,국제금융센터부산은행,2026-03-03,화,하차,6303,535,2168,,377,378
217,국제금융센터부산은행,2026-03-04,수,승차,5997,237,390,,1726,1727
217,국제금융센터부산은행,2026-03-04,수,하차,6353,593,2305,,345,346
217,국제금융센터부산은행,2026-03-05,목,승차,6159,256,387,,1680,1681
217,국제금융센터부산은행,2026-03-05,목,하차,6377,615,2221,,377,378
217,국제금융센터부산은행,2026-03-06,금,승차,6093,243,375,,1547,1548
217,국제금융센터부산은행,2026-03-06,금,하차,6433,555,2137,,417,418
217,국제금융센터부산은행,2026-03-07,토,승차,3711,98,170,,205,206
217,국제금융센터부산은행,2026-03-07,토,하차,3842,122,145,,358,359
217,국제금융센터부산은행,2026-03-08,일,승차,2896,67,123,,135,136
217,국제금융센터부산은행,2026-03-08,일,하차,2996,79,74,,282,283
217,국제금융센터부산은행,2026-03-09,월,승차,5877,224,392,,1695,1696
217,국제금융센터부산은행,2026-03-09,월,하차,6106,564,2196,,360,361
217,국제금융센터부산은행,2026-03-10,화,승차,6390,231,404,,1696,1697
217,국제금융센터부산은행,2026-03-10,화,하차,6789,641,2252,,500,501
217,국제금융센터부산은행,2026-03-11,수,승차,6348,222,403,,1739,1740
217,국제금융센터부산은행,2026-03-11,수,하차,6906,616,2275,,627,628
217,국제금융센터부산은행,2026-03-12,목,승차,6362,244,391,,1655,1656
217,국제금융센터부산은행,2026-03-12,목,하차,6777,587,2280,,536,537
217,국제금융센터부산은행,2026-03-13,금,승차,6709,211,412,,1623,1624
217,국제금융센터부산은행,2026-03-13,금,하차,7167,588,2166,,541,542
217,국제금융센터부산은행,2026-03-14,토,승차,3876,110,163,,230,231
217,국제금융센터부산은행,2026-03-14,토,하차,3927,113,161,,308,309
217,국제금융센터부산은행,2026-03-15,일,승차,2675,71,113,,239,240
217,국제금융센터부산은행,2026-03-15,일,하차,2769,59,92,,156,157
217,국제금융센터부산은행,2026-03-16,월,승차,5974,246,387,,1760,1761
217,국제금융센터부산은행,2026-03-16,월,하차,6287,549,2210,,384,385
217,국제금융센터부산은행,2026-03-17,화,승차,6187,255,397,,1766,1767
217,국제금융센터부산은행,2026-03-17,화,하차,6652,579,2366,,415,416
217,국제금융센터부산은행,2026-03-18,수,승차,5825,231,395,,1742,1743
217,국제금융센터부산은행,2026-03-18,수,하차,6240,540,2348,,318,319
217,국제금융센터부산은행,2026-03-19,목,승차,6089,239,407,,1587,1588
217,국제금융센터부산은행,2026-03-19,목,하차,6573,627,2224,,392,393
217,국제금융센터부산은행,2026-03-20,금,승차,6133,219,407,,1516,1517
217,국제금융센터부산은행,2026-03-20,금,하차,6582,592,2097,,398,399
217,국제금융센터부산은행,2026-03-21,토,승차,3427,101,195,,255,256
217,국제금융센터부산은행,2026-03-21,토,하차,3462,150,164,,202,203
217,국제금융센터부산은행,2026-03-22,일,승차,2342,82,139,,137,138
217,국제금융센터부산은행,2026-03-22,일,하차,2485,59,81,,177,178
217,국제금융센터부산은행,2026-03-23,월,승차,5948,227,399,,1748,1749
217,국제금융센터부산은행,2026-03-23,월,하차,6256,588,2247,,337,338
217,국제금융센터부산은행,2026-03-24,화,승차,6207,239,379,,1782,1783
217,국제금융센터부산은행,2026-03-24,화,하차,6679,597,2312,,384,385
217,국제금융센터부산은행,2026-03-25,수,승차,6022,247,416,,1702,1703
217,국제금융센터부산은행,2026-03-25,수,하차,6508,611,2281,,361,362
217,국제금융센터부산은행,2026-03-26,목,승차,6131,252,399,,1665,1666
217,국제금융센터부산은행,2026-03-26,목,하차,6641,591,2320,,362,363
217,국제금융센터부산은행,2026-03-27,금,승차,6323,240,386,,1538,1539
217,국제금융센터부산은행,2026-03-27,금,하차,6798,612,2213,,402,403
217,국제금융센터부산은행,2026-03-28,토,승차,3514,121,200,,238,239
217,국제금융센터부산은행,2026-03-28,토,하차,3573,139,166,,212,213
217,국제금융센터부산은행,2026-03-29,일,승차,2343,74,107,,145,146
217,국제금융센터부산은행,2026-03-29,일,하차,2536,60,96,,164,165
217,국제금융센터부산은행,2026-03-30,월,승차,6308,239,384,,1785,1786
217,국제금융센터부산은행,2026-03-30,월,하차,6553,576,2272,,357,358
217,국제금융센터부산은행,2026-03-31,화,승차,6213,233,382,,1732,1733
217,국제금융센터부산은행,2026-03-31,화,하차,6660,629,2323,,424,425
217,국제금융센터부산은행,2026-04-01,수,승차,6306,232,403,,1805,1806
217,국제금융센터부산은행,2026-04-01,수,하차,6824,608,2379,,395,396
217,국제금융센터부산은행,2026-04-02,목,승차,6384,251,443,,1701,1702
217,국제금융센터부산은행,2026-04-02,목,하차,6917,665,2316,,422,423
217,국제금융센터부산은행,2026-04-03,금,승차,6417,254,382,,1242,1243
217,국제금융센터부산은행,2026-04-03,금,하차,6959,651,2229,,407,408
217,국제금융센터부산은행,2026-04-04,토,승차,3061,90,158,,211,212
217,국제금융센터부산은행,2026-04-04,토,하차,3102,113,134,,171,172
217,국제금융센터부산은행,2026-04-05,일,승차,2701,139,136,,149,150
217,국제금융센터부산은행,2026-04-05,일,하차,3001,67,96,,226,227
217,국제금융센터부산은행,2026-04-06,월,승차,6186,254,386,,1674,1675
217,국제금융센터부산은행,2026-04-06,월,하차,6457,620,2222,,375,376
217,국제금융센터부산은행,2026-04-07,화,승차,6288,241,448,,1785,1786
217,국제금융센터부산은행,2026-04-07,화,하차,6791,689,2350,,390,391
217,국제금융센터부산은행,2026-04-08,수,승차,6466,265,402,,1885,1886
217,국제금융센터부산은행,2026-04-08,수,하차,6894,731,2380,,396,397
217,국제금융센터부산은행,2026-04-09,목,승차,6124,231,392,,1925,1926
217,국제금융센터부산은행,2026-04-09,목,하차,6397,650,2394,,345,346
217,국제금융센터부산은행,2026-04-10,금,승차,6320,234,379,,1220,1221
217,국제금융센터부산은행,2026-04-10,금,하차,6767,599,2254,,403,404
217,국제금융센터부산은행,2026-04-11,토,승차,3570,117,188,,266,267
217,국제금융센터부산은행,2026-04-11,토,하차,3620,124,173,,245,246
217,국제금융센터부산은행,2026-04-12,일,승차,2410,65,143,,105,106
217,국제금융센터부산은행,2026-04-12,일,하차,2510,63,93,,179,180
217,국제금융센터부산은행,2026-04-13,월,승차,6070,236,388,,1773,1774
217,국제금융센터부산은행,2026-04-13,월,하차,6320,630,2293,,370,371
217,국제금융센터부산은행,2026-04-14,화,승차,6170,248,395,,1781,1782
217,국제금융센터부산은행,2026-04-14,화,하차,6779,711,2372,,353,354
217,국제금융센터부산은행,2026-04-15,수,승차,6343,246,378,,1855,1856
217,국제금융센터부산은행,2026-04-15,수,하차,6748,677,2375,,391,392
217,국제금융센터부산은행,2026-04-16,목,승차,6312,230,393,,1786,1787
217,국제금융센터부산은행,2026-04-16,목,하차,6739,684,2332,,359,360
217,국제금융센터부산은행,2026-04-17,금,승차,6210,229,373,,1275,1276
217,국제금융센터부산은행,2026-04-17,금,하차,6580,614,2191,,368,369
217,국제금융센터부산은행,2026-04-18,토,승차,3391,113,178,,247,248
217,국제금융센터부산은행,2026-04-18,토,하차,3525,131,195,,202,203
217,국제금융센터부산은행,2026-04-19,일,승차,2462,72,111,,147,148
217,국제금융센터부산은행,2026-04-19,일,하차,2490,69,95,,152,153
217,국제금융센터부산은행,2026-04-20,월,승차,6198,241,392,,1786,1787
217,국제금융센터부산은행,2026-04-20,월,하차,6482,633,2298,,353,354
217,국제금융센터부산은행,2026-04-21,화,승차,6418,251,371,,1865,1866
217,국제금융센터부산은행,2026-04-21,화,하차,6838,675,2488,,364,365
217,국제금융센터부산은행,2026-04-22,수,승차,6395,252,372,,1879,1880
217,국제금융센터부산은행,2026-04-22,수,하차,6747,681,2395,,389,390
217,국제금융센터부산은행,2026-04-23,목,승차,6105,231,389,,1610,1611
217,국제금융센터부산은행,2026-04-23,목,하차,6630,639,2353,,366,367
217,국제금융센터부산은행,2026-04-24,금,승차,6430,241,360,,1262,1263
217,국제금융센터부산은행,2026-04-24,금,하차,6731,613,2194,,379,380
217,국제금융센터부산은행,2026-04-25,토,승차,4592,130,210,,285,286
217,국제금융센터부산은행,2026-04-25,토,하차,4676,180,262,,412,413
217,국제금융센터부산은행,2026-04-26,일,승차,3137,81,130,,175,176
217,국제금융센터부산은행,2026-04-26,일,하차,3248,76,118,,314,315
217,국제금융센터부산은행,2026-04-27,월,승차,6180,263,387,,1762,1763
217,국제금융센터부산은행,2026-04-27,월,하차,6552,654,2285,,371,372
217,국제금융센터부산은행,2026-04-28,화,승차,6476,248,416,,1791,1792
217,국제금융센터부산은행,2026-04-28,화,하차,6939,677,2343,,382,383
217,국제금융센터부산은행,2026-04-29,수,승차,6440,247,398,,1765,1766
217,국제금융센터부산은행,2026-04-29,수,하차,6944,667,2364,,371,372
217,국제금융센터부산은행,2026-04-30,목,승차,6388,242,389,,1537,1538
217,국제금융센터부산은행,2026-04-30,목,하차,6851,653,2186,,407,408
217,국제금융센터부산은행,2026-05-01,금,승차,3222,70,157,,256,257
217,국제금융센터부산은행,2026-05-01,금,하차,3246,126,117,,413,414
217,국제금융센터부산은행,2026-05-02,토,승차,4138,98,169,,222,223
217,국제금융센터부산은행,2026-05-02,토,하차,4276,125,191,,374,375
217,국제금융센터부산은행,2026-05-03,일,승차,2319,72,102,,132,133
217,국제금융센터부산은행,2026-05-03,일,하차,2479,67,69,,140,141
217,국제금융센터부산은행,2026-05-04,월,승차,5745,208,334,,1474,1475
217,국제금융센터부산은행,2026-05-04,월,하차,5997,535,1803,,357,358
217,국제금융센터부산은행,2026-05-05,화,승차,2527,85,117,,179,180
217,국제금융센터부산은행,2026-05-05,화,하차,2622,108,102,,195,196
217,국제금융센터부산은행,2026-05-06,수,승차,6364,240,402,,1858,1859
217,국제금융센터부산은행,2026-05-06,수,하차,6739,673,2366,,384,385
217,국제금융센터부산은행,2026-05-07,목,승차,6304,249,446,,1741,1742
217,국제금융센터부산은행,2026-05-07,목,하차,6787,690,2382,,406,407
217,국제금융센터부산은행,2026-05-08,금,승차,6372,253,399,,1349,1350
217,국제금융센터부산은행,2026-05-08,금,하차,6732,667,2222,,377,378
217,국제금융센터부산은행,2026-05-09,토,승차,3338,102,186,,269,270
217,국제금융센터부산은행,2026-05-09,토,하차,3321,125,158,,198,199
217,국제금융센터부산은행,2026-05-10,일,승차,2394,87,131,,139,140
217,국제금융센터부산은행,2026-05-10,일,하차,2550,61,92,,177,178
217,국제금융센터부산은행,2026-05-11,월,승차,6151,262,405,,1784,1785
217,국제금융센터부산은행,2026-05-11,월,하차,6480,638,2323,,364,365
217,국제금융센터부산은행,2026-05-12,화,승차,6366,254,404,,1776,1777
217,국제금융센터부산은행,2026-05-12,화,하차,6959,684,2412,,410,411
217,국제금융센터부산은행,2026-05-13,수,승차,6432,256,387,,1795,1796
217,국제금융센터부산은행,2026-05-13,수,하차,6919,659,2367,,396,397
217,국제금융센터부산은행,2026-05-14,목,승차,6312,247,399,,1678,1679
217,국제금융센터부산은행,2026-05-14,목,하차,6810,688,2291,,368,369
217,국제금융센터부산은행,2026-05-15,금,승차,6349,247,394,,1217,1218
217,국제금융센터부산은행,2026-05-15,금,하차,6736,618,2202,,382,383
217,국제금융센터부산은행,2026-05-16,토,승차,3474,113,190,,243,244
217,국제금융센터부산은행,2026-05-16,토,하차,3608,151,142,,219,220
217,국제금융센터부산은행,2026-05-17,일,승차,2535,89,135,,146,147
217,국제금융센터부산은행,2026-05-17,일,하차,2645,69,114,,151,152
217,국제금융센터부산은행,2026-05-18,월,승차,6287,262,414,,1820,1821
217,국제금융센터부산은행,2026-05-18,월,하차,6656,586,2349,,423,424
217,국제금융센터부산은행,2026-05-19,화,승차,6380,231,390,,1805,1806
217,국제금융센터부산은행,2026-05-19,화,하차,6829,669,2411,,393,394
217,국제금융센터부산은행,2026-05-20,수,승차,6313,248,405,,1960,1961
217,국제금융센터부산은행,2026-05-20,수,하차,6586,642,2395,,381,382
217,국제금융센터부산은행,2026-05-21,목,승차,6306,234,381,,1592,1593
217,국제금융센터부산은행,2026-05-21,목,하차,6796,628,2342,,395,396
217,국제금융센터부산은행,2026-05-22,금,승차,6354,268,373,,1178,1179
217,국제금융센터부산은행,2026-05-22,금,하차,6828,634,2198,,390,391
217,국제금융센터부산은행,2026-05-23,토,승차,3309,117,177,,245,246
217,국제금융센터부산은행,2026-05-23,토,하차,3287,117,165,,225,226
217,국제금융센터부산은행,2026-05-24,일,승차,2667,84,142,,155,156
217,국제금융센터부산은행,2026-05-24,일,하차,2608,61,96,,171,172
217,국제금융센터부산은행,2026-05-25,월,승차,2258,98,141,,147,148
217,국제금융센터부산은행,2026-05-25,월,하차,2255,73,92,,189,190
217,국제금융센터부산은행,2026-05-26,화,승차,6376,240,394,,1753,1754
217,국제금융센터부산은행,2026-05-26,화,하차,6829,651,2362,,378,379
217,국제금융센터부산은행,2026-05-27,수,승차,6220,241,393,,1740,1741
217,국제금융센터부산은행,2026-05-27,수,하차,6683,611,2403,,493,494
217,국제금융센터부산은행,2026-05-28,목,승차,6303,248,372,,1724,1725
217,국제금융센터부산은행,2026-05-28,목,하차,6881,643,2405,,413,414
217,국제금융센터부산은행,2026-05-29,금,승차,6503,259,371,,1278,1279
217,국제금융센터부산은행,2026-05-29,금,하차,6818,620,2219,,363,364
217,국제금융센터부산은행,2026-05-30,토,승차,3313,105,186,,217,218
217,국제금융센터부산은행,2026-05-30,토,하차,3434,150,174,,208,209
217,국제금융센터부산은행,2026-05-31,일,승차,2333,69,104,,109,110
217,국제금융센터부산은행,2026-05-31,일,하차,2487,63,87,,151,152
217,국제금융센터부산은행,2026-06-01,월,승차,6065,243,409,,1758,1759
217,국제금융센터부산은행,2026-06-01,월,하차,6541,626,2274,,377,378
217,국제금융센터부산은행,2026-06-02,화,승차,5933,229,418,,1705,1706
217,국제금융센터부산은행,2026-06-02,화,하차,6422,656,2279,,354,355
217,국제금융센터부산은행,2026-06-03,수,승차,2754,108,151,,253,254
217,국제금융센터부산은행,2026-06-03,수,하차,2850,131,143,,177,178
217,국제금융센터부산은행,2026-06-04,목,승차,6199,248,402,,1752,1753
217,국제금융센터부산은행,2026-06-04,목,하차,6657,627,2262,,382,383
217,국제금융센터부산은행,2026-06-05,금,승차,6370,250,376,,1258,1259
217,국제금융센터부산은행,2026-06-05,금,하차,6937,622,2231,,428,429
217,국제금융센터부산은행,2026-06-06,토,승차,2975,87,110,,219,220
217,국제금융센터부산은행,2026-06-06,토,하차,3098,105,101,,173,174
217,국제금융센터부산은행,2026-06-07,일,승차,2310,67,104,,145,146
217,국제금융센터부산은행,2026-06-07,일,하차,2436,75,90,,151,152
217,국제금융센터부산은행,2026-06-08,월,승차,5996,270,397,,1724,1725
217,국제금융센터부산은행,2026-06-08,월,하차,6395,594,2283,,399,400
217,국제금융센터부산은행,2026-06-09,화,승차,6471,232,415,,1749,1750
217,국제금융센터부산은행,2026-06-09,화,하차,6992,651,2379,,375,376
217,국제금융센터부산은행,2026-06-10,수,승차,6345,238,409,,1780,1781
217,국제금융센터부산은행,2026-06-10,수,하차,6951,637,2436,,394,395
217,국제금융센터부산은행,2026-06-11,목,승차,6227,241,406,,1668,1669
217,국제금융센터부산은행,2026-06-11,목,하차,6860,594,2331,,387,388
217,국제금융센터부산은행,2026-06-12,금,승차,6507,257,385,,1262,1263
217,국제금융센터부산은행,2026-06-12,금,하차,6949,632,2214,,407,408
217,국제금융센터부산은행,2026-06-13,토,승차,3511,109,220,,197,198
217,국제금융센터부산은행,2026-06-13,토,하차,3544,142,174,,212,213
217,국제금융센터부산은행,2026-06-14,일,승차,2466,63,111,,155,156
217,국제금융센터부산은행,2026-06-14,일,하차,2560,71,86,,165,166
217,국제금융센터부산은행,2026-06-15,월,승차,6108,239,395,,1751,1752
217,국제금융센터부산은행,2026-06-15,월,하차,6500,614,2320,,351,352
217,국제금융센터부산은행,2026-06-16,화,승차,6230,245,417,,1697,1698
217,국제금융센터부산은행,2026-06-16,화,하차,6707,665,2394,,384,385
217,국제금융센터부산은행,2026-06-17,수,승차,6236,235,401,,1720,1721
217,국제금융센터부산은행,2026-06-17,수,하차,6699,634,2338,,342,343
217,국제금융센터부산은행,2026-06-18,목,승차,6183,253,365,,1700,1701
217,국제금융센터부산은행,2026-06-18,목,하차,6762,633,2340,,376,377
217,국제금융센터부산은행,2026-06-19,금,승차,6162,222,358,,1217,1218
217,국제금융센터부산은행,2026-06-19,금,하차,6761,619,2204,,407,408
217,국제금융센터부산은행,2026-06-20,토,승차,3112,83,152,,210,211
217,국제금융센터부산은행,2026-06-20,토,하차,3246,116,132,,178,179
217,국제금융센터부산은행,2026-06-21,일,승차,2492,71,109,,128,129
217,국제금융센터부산은행,2026-06-21,일,하차,2616,83,90,,179,180
217,국제금융센터부산은행,2026-06-22,월,승차,5960,224,392,,1718,1719
217,국제금융센터부산은행,2026-06-22,월,하차,6362,592,2287,,353,354
217,국제금융센터부산은행,2026-06-23,화,승차,6384,225,397,,1784,1785
217,국제금융센터부산은행,2026-06-23,화,하차,6952,645,2462,,370,371
217,국제금융센터부산은행,2026-06-24,수,승차,6518,235,349,,1800,1801
217,국제금융센터부산은행,2026-06-24,수,하차,6963,654,2461,,395,396
217,국제금융센터부산은행,2026-06-25,목,승차,6251,241,375,,1690,1691
217,국제금융센터부산은행,2026-06-25,목,하차,6863,619,2426,,399,400
217,국제금융센터부산은행,2026-06-26,금,승차,6216,225,352,,1164,1165
217,국제금융센터부산은행,2026-06-26,금,하차,6792,582,2211,,381,382
217,국제금융센터부산은행,2026-06-27,토,승차,3415,120,179,,269,270
217,국제금융센터부산은행,2026-06-27,토,하차,3555,132,169,,198,199
217,국제금융센터부산은행,2026-06-28,일,승차,2410,63,103,,131,132
217,국제금융센터부산은행,2026-06-28,일,하차,2506,55,78,,160,161
217,국제금융센터부산은행,2026-06-29,월,승차,6301,216,364,,1708,1709
217,국제금융센터부산은행,2026-06-29,월,하차,6729,600,2378,,405,406
217,국제금융센터부산은행,2026-06-30,화,승차,6331,222,398,,1733,1734
217,국제금융센터부산은행,2026-06-30,화,하차,6899,634,2501,,371,372
218,전포,2026-01-01,목,승차,6767,164,145,,555,556
218,전포,2026-01-01,목,하차,8275,70,376,,583,584
218,전포,2026-01-02,금,승차,10144,414,661,,1101,1102
218,전포,2026-01-02,금,하차,13103,235,765,,1922,1923
218,전포,2026-01-03,토,승차,10155,162,296,,804,805
218,전포,2026-01-03,토,하차,13670,136,243,,1298,1299
218,전포,2026-01-04,일,승차,6791,105,151,,486,487
218,전포,2026-01-04,일,하차,8703,67,123,,636,637
218,전포,2026-01-05,월,승차,9257,485,833,,1004,1005
218,전포,2026-01-05,월,하차,11032,283,977,,1550,1551
218,전포,2026-01-06,화,승차,9278,475,856,,947,948
218,전포,2026-01-06,화,하차,11217,302,950,,1717,1718
218,전포,2026-01-07,수,승차,9599,493,833,,939,940
218,전포,2026-01-07,수,하차,11115,272,968,,1621,1622
218,전포,2026-01-08,목,승차,9179,488,813,,911,912
218,전포,2026-01-08,목,하차,11172,298,913,,1656,1657
218,전포,2026-01-09,금,승차,10086,453,843,,1034,1035
218,전포,2026-01-09,금,하차,13021,275,929,,2158,2159
218,전포,2026-01-10,토,승차,10894,183,321,,900,901
218,전포,2026-01-10,토,하차,14925,142,422,,1422,1423
218,전포,2026-01-11,일,승차,7475,99,165,,658,659
218,전포,2026-01-11,일,하차,9487,67,150,,645,646
218,전포,2026-01-12,월,승차,9314,466,812,,930,931
218,전포,2026-01-12,월,하차,10930,283,1008,,1517,1518
218,전포,2026-01-13,화,승차,9600,472,799,,997,998
218,전포,2026-01-13,화,하차,11363,294,966,,1676,1677
218,전포,2026-01-14,수,승차,9561,458,788,,1023,1024
218,전포,2026-01-14,수,하차,11352,284,995,,1614,1615
218,전포,2026-01-15,목,승차,9521,473,828,,917,918
218,전포,2026-01-15,목,하차,11678,279,929,,1661,1662
218,전포,2026-01-16,금,승차,10373,453,829,,1057,1058
218,전포,2026-01-16,금,하차,13287,284,941,,2120,2121
218,전포,2026-01-17,토,승차,10813,169,339,,881,882
218,전포,2026-01-17,토,하차,15057,172,414,,1468,1469
218,전포,2026-01-18,일,승차,7343,104,160,,562,563
218,전포,2026-01-18,일,하차,9418,81,219,,704,705
218,전포,2026-01-19,월,승차,9450,487,834,,983,984
218,전포,2026-01-19,월,하차,11031,288,947,,1550,1551
218,전포,2026-01-20,화,승차,9625,483,864,,1010,1011
218,전포,2026-01-20,화,하차,11198,308,987,,1699,1700
218,전포,2026-01-21,수,승차,9728,460,815,,998,999
218,전포,2026-01-21,수,하차,11328,307,944,,1639,1640
218,전포,2026-01-22,목,승차,9392,453,821,,972,973
218,전포,2026-01-22,목,하차,10996,289,876,,1674,1675
218,전포,2026-01-23,금,승차,10114,458,831,,1004,1005
218,전포,2026-01-23,금,하차,13112,450,953,,2087,2088
218,전포,2026-01-24,토,승차,11311,186,325,,948,949
218,전포,2026-01-24,토,하차,14872,142,290,,1441,1442
218,전포,2026-01-25,일,승차,7365,107,181,,641,642
218,전포,2026-01-25,일,하차,9374,62,153,,665,666
218,전포,2026-01-26,월,승차,9180,484,832,,942,943
218,전포,2026-01-26,월,하차,11062,298,963,,1461,1462
218,전포,2026-01-27,화,승차,9747,498,848,,947,948
218,전포,2026-01-27,화,하차,11369,305,973,,1672,1673
218,전포,2026-01-28,수,승차,9944,489,839,,1022,1023
218,전포,2026-01-28,수,하차,11683,291,1011,,1715,1716
218,전포,2026-01-29,목,승차,9754,481,803,,943,944
218,전포,2026-01-29,목,하차,11522,318,963,,1642,1643
218,전포,2026-01-30,금,승차,10113,456,834,,1025,1026
218,전포,2026-01-30,금,하차,12855,310,929,,2025,2026
218,전포,2026-01-31,토,승차,10975,165,309,,852,853
218,전포,2026-01-31,토,하차,14520,143,277,,1269,1270
218,전포,2026-02-01,일,승차,7259,77,183,,647,648
218,전포,2026-02-01,일,하차,8952,65,164,,634,635
218,전포,2026-02-02,월,승차,9312,476,842,,1017,1018
218,전포,2026-02-02,월,하차,10680,411,1028,,1481,1482
218,전포,2026-02-03,화,승차,10009,508,846,,1022,1023
218,전포,2026-02-03,화,하차,11262,418,1013,,1562,1563
218,전포,2026-02-04,수,승차,9678,467,854,,1038,1039
218,전포,2026-02-04,수,하차,11344,393,1029,,1579,1580
218,전포,2026-02-05,목,승차,9753,464,853,,1013,1014
218,전포,2026-02-05,목,하차,11713,389,1024,,1604,1605
218,전포,2026-02-06,금,승차,10434,447,828,,1103,1104
218,전포,2026-02-06,금,하차,13172,355,971,,1988,1989
218,전포,2026-02-07,토,승차,11546,177,323,,1004,1005
218,전포,2026-02-07,토,하차,15106,149,343,,1418,1419
218,전포,2026-02-08,일,승차,7787,111,170,,723,724
218,전포,2026-02-08,일,하차,9616,62,190,,623,624
218,전포,2026-02-09,월,승차,9834,478,870,,1046,1047
218,전포,2026-02-09,월,하차,11532,362,1012,,1528,1529
218,전포,2026-02-10,화,승차,10330,485,873,,1158,1159
218,전포,2026-02-10,화,하차,12010,318,976,,1610,1611
218,전포,2026-02-11,수,승차,10453,470,857,,1140,1141
218,전포,2026-02-11,수,하차,12397,308,976,,1758,1759
218,전포,2026-02-12,목,승차,10709,471,856,,1109,1110
218,전포,2026-02-12,목,하차,12888,313,955,,1801,1802
218,전포,2026-02-13,금,승차,11449,471,848,,1158,1159
218,전포,2026-02-13,금,하차,14688,281,873,,2018,2019
218,전포,2026-02-14,토,승차,10870,191,333,,952,953
218,전포,2026-02-14,토,하차,15304,142,220,,1520,1521
218,전포,2026-02-15,일,승차,8691,113,170,,741,742
218,전포,2026-02-15,일,하차,12274,66,111,,1148,1149
218,전포,2026-02-16,월,승차,6725,109,148,,597,598
218,전포,2026-02-16,월,하차,9185,52,112,,874,875
218,전포,2026-02-17,화,승차,4537,94,149,,346,347
218,전포,2026-02-17,화,하차,6437,60,83,,698,699
218,전포,2026-02-18,수,승차,6991,85,139,,622,623
218,전포,2026-02-18,수,하차,9896,53,90,,771,772
218,전포,2026-02-19,목,승차,10542,454,781,,1112,1113
218,전포,2026-02-19,목,하차,13097,253,840,,1718,1719
218,전포,2026-02-20,금,승차,11438,463,821,,1207,1208
218,전포,2026-02-20,금,하차,14435,269,869,,2170,2171
218,전포,2026-02-21,토,승차,11593,201,319,,1032,1033
218,전포,2026-02-21,토,하차,15459,134,269,,1358,1359
218,전포,2026-02-22,일,승차,8281,112,162,,732,733
218,전포,2026-02-22,일,하차,10204,70,130,,727,728
218,전포,2026-02-23,월,승차,10320,495,850,,1041,1042
218,전포,2026-02-23,월,하차,12267,300,911,,1600,1601
218,전포,2026-02-24,화,승차,9863,496,837,,1034,1035
218,전포,2026-02-24,화,하차,11484,286,972,,1686,1687
218,전포,2026-02-25,수,승차,10598,470,827,,1108,1109
218,전포,2026-02-25,수,하차,12587,288,972,,1806,1807
218,전포,2026-02-26,목,승차,10445,489,830,,981,982
218,전포,2026-02-26,목,하차,12422,305,965,,1719,1720
218,전포,2026-02-27,금,승차,10394,489,855,,1041,1042
218,전포,2026-02-27,금,하차,13082,257,932,,2070,2071
218,전포,2026-02-28,토,승차,11602,184,325,,988,989
218,전포,2026-02-28,토,하차,15336,177,381,,1274,1275
218,전포,2026-03-01,일,승차,9379,129,184,,819,820
218,전포,2026-03-01,일,하차,12152,75,141,,1049,1050
218,전포,2026-03-02,월,승차,7407,151,243,,701,702
218,전포,2026-03-02,월,하차,8402,97,267,,591,592
218,전포,2026-03-03,화,승차,9099,578,907,,968,969
218,전포,2026-03-03,화,하차,10285,560,1126,,1394,1395
218,전포,2026-03-04,수,승차,9453,551,934,,930,931
218,전포,2026-03-04,수,하차,10733,555,1133,,1537,1538
218,전포,2026-03-05,목,승차,9617,568,951,,912,913
218,전포,2026-03-05,목,하차,11152,568,1145,,1645,1646
218,전포,2026-03-06,금,승차,10393,546,881,,1037,1038
218,전포,2026-03-06,금,하차,12440,536,1113,,1934,1935
218,전포,2026-03-07,토,승차,10533,200,359,,820,821
218,전포,2026-03-07,토,하차,14194,154,259,,1304,1305
218,전포,2026-03-08,일,승차,7256,124,204,,619,620
218,전포,2026-03-08,일,하차,9424,74,186,,677,678
218,전포,2026-03-09,월,승차,9458,559,949,,930,931
218,전포,2026-03-09,월,하차,10774,560,1145,,1522,1523
218,전포,2026-03-10,화,승차,9507,561,950,,924,925
218,전포,2026-03-10,화,하차,10888,534,1168,,1681,1682
218,전포,2026-03-11,수,승차,9758,553,938,,975,976
218,전포,2026-03-11,수,하차,11197,518,1163,,1667,1668
218,전포,2026-03-12,목,승차,9987,532,943,,879,880
218,전포,2026-03-12,목,하차,11623,545,1199,,1774,1775
218,전포,2026-03-13,금,승차,10776,506,899,,1036,1037
218,전포,2026-03-13,금,하차,13617,547,1109,,2110,2111
218,전포,2026-03-14,토,승차,11542,231,331,,942,943
218,전포,2026-03-14,토,하차,15542,154,351,,1363,1364
218,전포,2026-03-15,일,승차,7462,127,193,,621,622
218,전포,2026-03-15,일,하차,9722,66,166,,695,696
218,전포,2026-03-16,월,승차,9547,592,957,,976,977
218,전포,2026-03-16,월,하차,11003,577,1172,,1574,1575
218,전포,2026-03-17,화,승차,9544,561,947,,922,923
218,전포,2026-03-17,화,하차,11099,569,1199,,1665,1666
218,전포,2026-03-18,수,승차,9417,515,934,,953,954
218,전포,2026-03-18,수,하차,10663,541,1152,,1589,1590
218,전포,2026-03-19,목,승차,9779,535,969,,931,932
218,전포,2026-03-19,목,하차,11769,599,1192,,1769,1770
218,전포,2026-03-20,금,승차,11177,575,914,,1103,1104
218,전포,2026-03-20,금,하차,13914,558,1125,,2181,2182
218,전포,2026-03-21,토,승차,11251,223,352,,969,970
218,전포,2026-03-21,토,하차,15074,177,316,,1309,1310
218,전포,2026-03-22,일,승차,7456,143,193,,607,608
218,전포,2026-03-22,일,하차,9475,79,147,,698,699
218,전포,2026-03-23,월,승차,9603,553,922,,1020,1021
218,전포,2026-03-23,월,하차,10973,583,1208,,1531,1532
218,전포,2026-03-24,화,승차,9740,529,987,,851,852
218,전포,2026-03-24,화,하차,11242,554,1200,,1597,1598
218,전포,2026-03-25,수,승차,9918,525,988,,956,957
218,전포,2026-03-25,수,하차,11528,548,1221,,1689,1690
218,전포,2026-03-26,목,승차,10192,535,944,,894,895
218,전포,2026-03-26,목,하차,12041,575,1271,,1798,1799
218,전포,2026-03-27,금,승차,11079,524,915,,1080,1081
218,전포,2026-03-27,금,하차,13881,560,1160,,2084,2085
218,전포,2026-03-28,토,승차,11405,206,357,,993,994
218,전포,2026-03-28,토,하차,15646,158,311,,1438,1439
218,전포,2026-03-29,일,승차,7838,121,230,,743,744
218,전포,2026-03-29,일,하차,9785,72,219,,750,751
218,전포,2026-03-30,월,승차,9327,542,939,,905,906
218,전포,2026-03-30,월,하차,10799,549,1167,,1559,1560
218,전포,2026-03-31,화,승차,9367,563,928,,906,907
218,전포,2026-03-31,화,하차,10619,487,1149,,1570,1571
218,전포,2026-04-01,수,승차,9554,535,973,,953,954
218,전포,2026-04-01,수,하차,10888,497,1142,,1601,1602
218,전포,2026-04-02,목,승차,10005,566,961,,987,988
218,전포,2026-04-02,목,하차,11490,562,1133,,1642,1643
218,전포,2026-04-03,금,승차,11122,542,911,,1092,1093
218,전포,2026-04-03,금,하차,13151,555,1246,,1832,1833
218,전포,2026-04-04,토,승차,10477,190,330,,800,801
218,전포,2026-04-04,토,하차,14161,185,488,,1196,1197
218,전포,2026-04-05,일,승차,8039,243,251,,612,613
218,전포,2026-04-05,일,하차,10190,97,283,,755,756
218,전포,2026-04-06,월,승차,9185,523,938,,928,929
218,전포,2026-04-06,월,하차,10603,547,1201,,1478,1479
218,전포,2026-04-07,화,승차,9636,531,956,,925,926
218,전포,2026-04-07,화,하차,11106,561,1212,,1651,1652
218,전포,2026-04-08,수,승차,9702,545,974,,963,964
218,전포,2026-04-08,수,하차,11232,565,1225,,1586,1587
218,전포,2026-04-09,목,승차,9336,534,962,,874,875
218,전포,2026-04-09,목,하차,10615,529,1353,,1596,1597
218,전포,2026-04-10,금,승차,10821,527,912,,1022,1023
218,전포,2026-04-10,금,하차,13143,542,1131,,2040,2041
218,전포,2026-04-11,토,승차,10764,235,377,,911,912
218,전포,2026-04-11,토,하차,14412,180,315,,1367,1368
218,전포,2026-04-12,일,승차,7208,141,234,,598,599
218,전포,2026-04-12,일,하차,8981,81,180,,666,667
218,전포,2026-04-13,월,승차,9388,579,946,,920,921
218,전포,2026-04-13,월,하차,10775,591,1270,,1543,1544
218,전포,2026-04-14,화,승차,9416,533,976,,915,916
218,전포,2026-04-14,화,하차,10661,557,1129,,1556,1557
218,전포,2026-04-15,수,승차,9444,543,975,,879,880
218,전포,2026-04-15,수,하차,10763,534,1080,,1548,1549
218,전포,2026-04-16,목,승차,9783,579,940,,921,922
218,전포,2026-04-16,목,하차,11012,525,1106,,1663,1664
218,전포,2026-04-17,금,승차,10266,553,936,,940,941
218,전포,2026-04-17,금,하차,12199,472,1021,,1892,1893
218,전포,2026-04-18,토,승차,10237,205,346,,830,831
218,전포,2026-04-18,토,하차,13843,163,395,,1285,1286
218,전포,2026-04-19,일,승차,6854,139,204,,545,546
218,전포,2026-04-19,일,하차,8514,82,233,,614,615
218,전포,2026-04-20,월,승차,8967,534,918,,910,911
218,전포,2026-04-20,월,하차,10187,547,1192,,1319,1320
218,전포,2026-04-21,화,승차,9069,548,933,,877,878
218,전포,2026-04-21,화,하차,10145,570,1188,,1319,1320
218,전포,2026-04-22,수,승차,9257,534,841,,847,848
218,전포,2026-04-22,수,하차,10768,540,1233,,1626,1627
218,전포,2026-04-23,목,승차,9698,542,915,,923,924
218,전포,2026-04-23,목,하차,11049,564,1205,,1534,1535
218,전포,2026-04-24,금,승차,11018,531,849,,1041,1042
218,전포,2026-04-24,금,하차,13760,573,1185,,2003,2004
218,전포,2026-04-25,토,승차,10834,228,390,,936,937
218,전포,2026-04-25,토,하차,14627,180,388,,1333,1334
218,전포,2026-04-26,일,승차,7718,150,207,,605,606
218,전포,2026-04-26,일,하차,9578,83,197,,635,636
218,전포,2026-04-27,월,승차,9744,575,900,,901,902
218,전포,2026-04-27,월,하차,11332,570,1174,,1608,1609
218,전포,2026-04-28,화,승차,9873,547,921,,862,863
218,전포,2026-04-28,화,하차,11349,568,1200,,1582,1583
218,전포,2026-04-29,수,승차,9931,524,931,,921,922
218,전포,2026-04-29,수,하차,11610,572,1184,,1739,1740
218,전포,2026-04-30,목,승차,11351,520,981,,1048,1049
218,전포,2026-04-30,목,하차,13572,558,1190,,2027,2028
218,전포,2026-05-01,금,승차,11272,163,277,,1006,1007
218,전포,2026-05-01,금,하차,15703,122,251,,1276,1277
218,전포,2026-05-02,토,승차,12163,221,324,,1100,1101
218,전포,2026-05-02,토,하차,16129,145,291,,1389,1390
218,전포,2026-05-03,일,승차,8051,118,195,,684,685
218,전포,2026-05-03,일,하차,10271,67,160,,758,759
218,전포,2026-05-04,월,승차,11731,424,801,,1159,1160
218,전포,2026-05-04,월,하차,14092,418,803,,2023,2024
218,전포,2026-05-05,화,승차,9110,151,221,,781,782
218,전포,2026-05-05,화,하차,11639,120,226,,846,847
218,전포,2026-05-06,수,승차,9621,555,931,,938,939
218,전포,2026-05-06,수,하차,11013,578,1183,,1507,1508
218,전포,2026-05-07,목,승차,10070,557,951,,1008,1009
218,전포,2026-05-07,목,하차,11833,570,1299,,1809,1810
218,전포,2026-05-08,금,승차,10574,550,914,,1134,1135
218,전포,2026-05-08,금,하차,12818,592,1182,,1643,1644
218,전포,2026-05-09,토,승차,10822,235,382,,925,926
218,전포,2026-05-09,토,하차,14521,169,347,,1210,1211
218,전포,2026-05-10,일,승차,7922,193,209,,592,593
218,전포,2026-05-10,일,하차,10169,109,253,,724,725
218,전포,2026-05-11,월,승차,9484,543,908,,940,941
218,전포,2026-05-11,월,하차,10996,543,1210,,1537,1538
218,전포,2026-05-12,화,승차,9510,526,951,,927,928
218,전포,2026-05-12,화,하차,11020,545,1164,,1495,1496
218,전포,2026-05-13,수,승차,9862,548,946,,942,943
218,전포,2026-05-13,수,하차,11306,524,1196,,1655,1656
218,전포,2026-05-14,목,승차,10015,530,894,,907,908
218,전포,2026-05-14,목,하차,11651,552,1198,,1589,1590
218,전포,2026-05-15,금,승차,10930,515,876,,1063,1064
218,전포,2026-05-15,금,하차,13936,506,1146,,2026,2027
218,전포,2026-05-16,토,승차,11940,233,392,,958,959
218,전포,2026-05-16,토,하차,15544,166,363,,1350,1351
218,전포,2026-05-17,일,승차,8448,116,227,,676,677
218,전포,2026-05-17,일,하차,10347,104,282,,682,683
218,전포,2026-05-18,월,승차,9628,531,907,,1008,1009
218,전포,2026-05-18,월,하차,11145,553,1197,,1514,1515
218,전포,2026-05-19,화,승차,9463,538,939,,938,939
218,전포,2026-05-19,화,하차,10902,600,1188,,1579,1580
218,전포,2026-05-20,수,승차,9290,534,910,,997,998
218,전포,2026-05-20,수,하차,10434,545,1207,,1625,1626
218,전포,2026-05-21,목,승차,9807,537,891,,895,896
218,전포,2026-05-21,목,하차,11553,541,1404,,1732,1733
218,전포,2026-05-22,금,승차,10963,536,896,,1049,1050
218,전포,2026-05-22,금,하차,13645,540,1204,,1952,1953
218,전포,2026-05-23,토,승차,11293,200,413,,960,961
218,전포,2026-05-23,토,하차,15104,154,330,,1364,1365
218,전포,2026-05-24,일,승차,9246,134,243,,764,765
218,전포,2026-05-24,일,하차,12442,82,210,,989,990
218,전포,2026-05-25,월,승차,8573,180,269,,755,756
218,전포,2026-05-25,월,하차,10461,107,219,,786,787
218,전포,2026-05-26,화,승차,9197,522,913,,904,905
218,전포,2026-05-26,화,하차,10249,557,1143,,1308,1309
218,전포,2026-05-27,수,승차,8859,506,955,,884,885
218,전포,2026-05-27,수,하차,10174,529,1194,,1444,1445
218,전포,2026-05-28,목,승차,9990,533,926,,939,940
218,전포,2026-05-28,목,하차,11504,571,1162,,1699,1700
218,전포,2026-05-29,금,승차,10409,543,890,,973,974
218,전포,2026-05-29,금,하차,13081,580,1157,,1807,1808
218,전포,2026-05-30,토,승차,10718,235,378,,862,863
218,전포,2026-05-30,토,하차,14127,161,297,,1125,1126
218,전포,2026-05-31,일,승차,7492,143,197,,647,648
218,전포,2026-05-31,일,하차,9262,110,202,,626,627
218,전포,2026-06-01,월,승차,9253,541,930,,959,960
218,전포,2026-06-01,월,하차,10610,570,1183,,1522,1523
218,전포,2026-06-02,화,승차,9068,491,936,,903,904
218,전포,2026-06-02,화,하차,10753,519,1141,,1708,1709
218,전포,2026-06-03,수,승차,8064,186,240,,612,613
218,전포,2026-06-03,수,하차,10604,126,252,,733,734
218,전포,2026-06-04,목,승차,9319,523,913,,922,923
218,전포,2026-06-04,목,하차,10910,564,1159,,1488,1489
218,전포,2026-06-05,금,승차,10458,514,885,,1057,1058
218,전포,2026-06-05,금,하차,12723,529,1124,,1881,1882
218,전포,2026-06-06,토,승차,9489,155,240,,713,714
218,전포,2026-06-06,토,하차,12631,109,226,,986,987
218,전포,2026-06-07,일,승차,6404,138,186,,495,496
218,전포,2026-06-07,일,하차,8157,67,156,,516,517
218,전포,2026-06-08,월,승차,9026,536,907,,884,885
218,전포,2026-06-08,월,하차,10099,513,1175,,1367,1368
218,전포,2026-06-09,화,승차,9098,552,936,,884,885
218,전포,2026-06-09,화,하차,10356,554,1171,,1426,1427
218,전포,2026-06-10,수,승차,9391,536,953,,890,891
218,전포,2026-06-10,수,하차,10875,524,1190,,1513,1514
218,전포,2026-06-11,목,승차,9650,549,892,,925,926
218,전포,2026-06-11,목,하차,11354,580,1173,,1584,1585
218,전포,2026-06-12,금,승차,10437,491,910,,927,928
218,전포,2026-06-12,금,하차,12733,549,1199,,1807,1808
218,전포,2026-06-13,토,승차,10295,214,384,,889,890
218,전포,2026-06-13,토,하차,13616,204,466,,1185,1186
218,전포,2026-06-14,일,승차,6875,138,216,,528,529
218,전포,2026-06-14,일,하차,8436,81,162,,559,560
218,전포,2026-06-15,월,승차,9124,565,900,,922,923
218,전포,2026-06-15,월,하차,10300,562,1186,,1332,1333
218,전포,2026-06-16,화,승차,9121,512,933,,874,875
218,전포,2026-06-16,화,하차,10403,536,1203,,1419,1420
218,전포,2026-06-17,수,승차,9393,544,903,,927,928
218,전포,2026-06-17,수,하차,10736,539,1156,,1457,1458
218,전포,2026-06-18,목,승차,9669,557,886,,906,907
218,전포,2026-06-18,목,하차,11279,551,1156,,1572,1573
218,전포,2026-06-19,금,승차,10534,507,903,,1021,1022
218,전포,2026-06-19,금,하차,12579,533,1108,,1873,1874
218,전포,2026-06-20,토,승차,9599,168,314,,739,740
218,전포,2026-06-20,토,하차,12813,187,422,,1252,1253
218,전포,2026-06-21,일,승차,7428,123,217,,617,618
218,전포,2026-06-21,일,하차,9362,130,238,,616,617
218,전포,2026-06-22,월,승차,9497,534,897,,954,955
218,전포,2026-06-22,월,하차,11132,523,1134,,1471,1472
218,전포,2026-06-23,화,승차,9874,508,864,,1000,1001
218,전포,2026-06-23,화,하차,11497,533,1170,,1516,1517
218,전포,2026-06-24,수,승차,10243,527,872,,907,908
218,전포,2026-06-24,수,하차,11698,535,1248,,1587,1588
218,전포,2026-06-25,목,승차,10186,546,888,,1025,1026
218,전포,2026-06-25,목,하차,12025,525,1157,,1614,1615
218,전포,2026-06-26,금,승차,10855,496,914,,1064,1065
218,전포,2026-06-26,금,하차,13575,530,1069,,1923,1924
218,전포,2026-06-27,토,승차,10897,192,343,,870,871
218,전포,2026-06-27,토,하차,14779,179,437,,1299,1300
218,전포,2026-06-28,일,승차,7588,120,190,,641,642
218,전포,2026-06-28,일,하차,9790,73,181,,677,678
218,전포,2026-06-29,월,승차,9671,499,852,,900,901
218,전포,2026-06-29,월,하차,11436,534,1161,,1526,1527
218,전포,2026-06-30,화,승차,9522,498,877,,859,860
218,전포,2026-06-30,화,하차,11080,526,1175,,1552,1553
219,서면,2026-01-01,목,승차,19316,469,316,,1390,1391
219,서면,2026-01-01,목,하차,16303,211,1072,,1114,1115
219,서면,2026-01-02,금,승차,27109,479,737,,2954,2955
219,서면,2026-01-02,금,하차,27692,507,1772,,2746,2747
219,서면,2026-01-03,토,승차,27527,260,372,,2173,2174
219,서면,2026-01-03,토,하차,27735,293,927,,1672,1673
219,서면,2026-01-04,일,승차,18812,201,303,,1552,1553
219,서면,2026-01-04,일,하차,17567,179,327,,1091,1092
219,서면,2026-01-05,월,승차,25454,546,858,,2531,2532
219,서면,2026-01-05,월,하차,25239,527,2130,,2281,2282
219,서면,2026-01-06,화,승차,25213,503,851,,2517,2518
219,서면,2026-01-06,화,하차,25316,525,1998,,2367,2368
219,서면,2026-01-07,수,승차,25110,563,846,,2487,2488
219,서면,2026-01-07,수,하차,25477,520,1943,,2334,2335
219,서면,2026-01-08,목,승차,24468,518,833,,2488,2489
219,서면,2026-01-08,목,하차,25130,530,1985,,2488,2489
219,서면,2026-01-09,금,승차,27009,505,793,,2767,2768
219,서면,2026-01-09,금,하차,28475,505,2016,,3142,3143
219,서면,2026-01-10,토,승차,30249,283,473,,2478,2479
219,서면,2026-01-10,토,하차,31005,281,909,,2110,2111
219,서면,2026-01-11,일,승차,20344,200,339,,1835,1836
219,서면,2026-01-11,일,하차,18896,233,378,,1188,1189
219,서면,2026-01-12,월,승차,25242,503,824,,2476,2477
219,서면,2026-01-12,월,하차,25342,514,2006,,2290,2291
219,서면,2026-01-13,화,승차,25687,510,821,,2600,2601
219,서면,2026-01-13,화,하차,26293,508,2052,,2524,2525
219,서면,2026-01-14,수,승차,25065,524,814,,2505,2506
219,서면,2026-01-14,수,하차,25471,465,1900,,2465,2466
219,서면,2026-01-15,목,승차,25470,489,804,,2555,2556
219,서면,2026-01-15,목,하차,25973,525,1968,,2495,2496
219,서면,2026-01-16,금,승차,27185,479,819,,2648,2649
219,서면,2026-01-16,금,하차,28647,508,2060,,2966,2967
219,서면,2026-01-17,토,승차,29823,303,443,,2374,2375
219,서면,2026-01-17,토,하차,30664,377,924,,2018,2019
219,서면,2026-01-18,일,승차,20232,211,320,,1780,1781
219,서면,2026-01-18,일,하차,18839,192,372,,1170,1171
219,서면,2026-01-19,월,승차,25369,496,853,,2417,2418
219,서면,2026-01-19,월,하차,25029,524,2091,,2333,2334
219,서면,2026-01-20,화,승차,25407,520,832,,2534,2535
219,서면,2026-01-20,화,하차,25561,529,2015,,2471,2472
219,서면,2026-01-21,수,승차,23831,528,828,,2346,2347
219,서면,2026-01-21,수,하차,24306,495,1922,,2472,2473
219,서면,2026-01-22,목,승차,23330,469,778,,2272,2273
219,서면,2026-01-22,목,하차,23935,488,1983,,2417,2418
219,서면,2026-01-23,금,승차,26158,484,776,,2745,2746
219,서면,2026-01-23,금,하차,27722,490,1995,,2986,2987
219,서면,2026-01-24,토,승차,28636,261,438,,2424,2425
219,서면,2026-01-24,토,하차,29510,268,929,,1902,1903
219,서면,2026-01-25,일,승차,19602,228,268,,1765,1766
219,서면,2026-01-25,일,하차,18208,193,382,,1098,1099
219,서면,2026-01-26,월,승차,25252,508,863,,2494,2495
219,서면,2026-01-26,월,하차,24858,523,2025,,2152,2153
219,서면,2026-01-27,화,승차,25468,484,872,,2553,2554
219,서면,2026-01-27,화,하차,25495,523,2058,,2375,2376
219,서면,2026-01-28,수,승차,24577,494,843,,2489,2490
219,서면,2026-01-28,수,하차,24707,481,1973,,2499,2500
219,서면,2026-01-29,목,승차,25065,495,840,,2490,2491
219,서면,2026-01-29,목,하차,24971,482,1968,,2387,2388
219,서면,2026-01-30,금,승차,25954,507,891,,2599,2600
219,서면,2026-01-30,금,하차,27216,479,1978,,2805,2806
219,서면,2026-01-31,토,승차,28460,275,369,,2400,2401
219,서면,2026-01-31,토,하차,28506,287,913,,1743,1744
219,서면,2026-02-01,일,승차,19519,169,300,,1611,1612
219,서면,2026-02-01,일,하차,18216,210,447,,1085,1086
219,서면,2026-02-02,월,승차,24332,537,860,,2453,2454
219,서면,2026-02-02,월,하차,24290,532,2083,,2262,2263
219,서면,2026-02-03,화,승차,24647,500,862,,2544,2545
219,서면,2026-02-03,화,하차,24723,516,1996,,2266,2267
219,서면,2026-02-04,수,승차,24870,548,819,,2616,2617
219,서면,2026-02-04,수,하차,24997,510,1966,,2515,2516
219,서면,2026-02-05,목,승차,25822,516,812,,2589,2590
219,서면,2026-02-05,목,하차,25868,514,1982,,2393,2394
219,서면,2026-02-06,금,승차,27617,518,899,,2727,2728
219,서면,2026-02-06,금,하차,28912,543,1932,,3070,3071
219,서면,2026-02-07,토,승차,30686,275,462,,2634,2635
219,서면,2026-02-07,토,하차,30519,285,940,,1977,1978
219,서면,2026-02-08,일,승차,19988,181,314,,1708,1709
219,서면,2026-02-08,일,하차,18493,227,425,,1109,1110
219,서면,2026-02-09,월,승차,26281,543,868,,2669,2670
219,서면,2026-02-09,월,하차,26109,568,2003,,2508,2509
219,서면,2026-02-10,화,승차,26493,530,883,,2593,2594
219,서면,2026-02-10,화,하차,26449,547,2125,,2489,2490
219,서면,2026-02-11,수,승차,27209,584,881,,2721,2722
219,서면,2026-02-11,수,하차,27310,554,2020,,2682,2683
219,서면,2026-02-12,목,승차,28040,594,883,,2712,2713
219,서면,2026-02-12,목,하차,28040,542,2094,,2717,2718
219,서면,2026-02-13,금,승차,30290,509,901,,2745,2746
219,서면,2026-02-13,금,하차,31537,576,2033,,2949,2950
219,서면,2026-02-14,토,승차,31489,309,504,,2465,2466
219,서면,2026-02-14,토,하차,31554,378,1033,,2008,2009
219,서면,2026-02-15,일,승차,24001,249,408,,2034,2035
219,서면,2026-02-15,일,하차,23302,231,510,,1765,1766
219,서면,2026-02-16,월,승차,17064,226,313,,1289,1290
219,서면,2026-02-16,월,하차,15576,201,381,,1192,1193
219,서면,2026-02-17,화,승차,10856,120,195,,877,878
219,서면,2026-02-17,화,하차,11739,117,191,,1080,1081
219,서면,2026-02-18,수,승차,19033,139,265,,1746,1747
219,서면,2026-02-18,수,하차,19060,145,293,,1438,1439
219,서면,2026-02-19,목,승차,27626,457,779,,2879,2880
219,서면,2026-02-19,목,하차,27407,520,1927,,2464,2465
219,서면,2026-02-20,금,승차,29593,483,790,,3151,3152
219,서면,2026-02-20,금,하차,30482,517,1957,,2981,2982
219,서면,2026-02-21,토,승차,32552,278,476,,2887,2888
219,서면,2026-02-21,토,하차,32545,325,946,,1977,1978
219,서면,2026-02-22,일,승차,22755,227,338,,2172,2173
219,서면,2026-02-22,일,하차,21198,274,414,,1264,1265
219,서면,2026-02-23,월,승차,28052,546,884,,2789,2790
219,서면,2026-02-23,월,하차,27388,573,1961,,2416,2417
219,서면,2026-02-24,화,승차,24375,551,883,,2518,2519
219,서면,2026-02-24,화,하차,24721,540,2029,,2269,2270
219,서면,2026-02-25,수,승차,27341,504,895,,2649,2650
219,서면,2026-02-25,수,하차,27984,545,1935,,2776,2777
219,서면,2026-02-26,목,승차,27343,508,914,,2608,2609
219,서면,2026-02-26,목,하차,27715,557,1969,,2639,2640
219,서면,2026-02-27,금,승차,27159,484,827,,2827,2828
219,서면,2026-02-27,금,하차,28387,531,1956,,3025,3026
219,서면,2026-02-28,토,승차,31993,296,466,,2712,2713
219,서면,2026-02-28,토,하차,32125,345,964,,2008,2009
219,서면,2026-03-01,일,승차,24500,216,336,,2277,2278
219,서면,2026-03-01,일,하차,23511,236,465,,1608,1609
219,서면,2026-03-02,월,승차,18796,210,349,,1648,1649
219,서면,2026-03-02,월,하차,17790,267,595,,986,987
219,서면,2026-03-03,화,승차,23805,563,926,,2453,2454
219,서면,2026-03-03,화,하차,24786,588,2006,,2233,2234
219,서면,2026-03-04,수,승차,23934,571,992,,2421,2422
219,서면,2026-03-04,수,하차,25072,567,1958,,2431,2432
219,서면,2026-03-05,목,승차,24941,558,987,,2360,2361
219,서면,2026-03-05,목,하차,26019,548,1939,,2535,2536
219,서면,2026-03-06,금,승차,26424,541,933,,2649,2650
219,서면,2026-03-06,금,하차,28342,610,1968,,3052,3053
219,서면,2026-03-07,토,승차,30156,289,506,,2572,2573
219,서면,2026-03-07,토,하차,30663,342,964,,1962,1963
219,서면,2026-03-08,일,승차,20684,224,326,,1876,1877
219,서면,2026-03-08,일,하차,19583,265,478,,1258,1259
219,서면,2026-03-09,월,승차,24238,548,981,,2359,2360
219,서면,2026-03-09,월,하차,24299,533,2089,,2335,2336
219,서면,2026-03-10,화,승차,25367,604,1026,,2417,2418
219,서면,2026-03-10,화,하차,26279,548,2095,,2756,2757
219,서면,2026-03-11,수,승차,25014,550,1010,,2433,2434
219,서면,2026-03-11,수,하차,25937,521,1952,,2859,2860
219,서면,2026-03-12,목,승차,25145,586,1004,,2423,2424
219,서면,2026-03-12,목,하차,25823,584,2006,,2673,2674
219,서면,2026-03-13,금,승차,27946,574,964,,2842,2843
219,서면,2026-03-13,금,하차,29262,547,2055,,3215,3216
219,서면,2026-03-14,토,승차,32098,351,525,,2627,2628
219,서면,2026-03-14,토,하차,32598,368,990,,2227,2228
219,서면,2026-03-15,일,승차,21072,212,382,,1905,1906
219,서면,2026-03-15,일,하차,19656,228,441,,1162,1163
219,서면,2026-03-16,월,승차,24852,607,986,,2472,2473
219,서면,2026-03-16,월,하차,25275,574,2044,,2470,2471
219,서면,2026-03-17,화,승차,25470,580,1018,,2405,2406
219,서면,2026-03-17,화,하차,26182,606,2015,,2697,2698
219,서면,2026-03-18,수,승차,22872,531,948,,2064,2065
219,서면,2026-03-18,수,하차,23538,545,1950,,2593,2594
219,서면,2026-03-19,목,승차,26037,581,984,,2492,2493
219,서면,2026-03-19,목,하차,26819,573,2013,,2904,2905
219,서면,2026-03-20,금,승차,28606,595,953,,2721,2722
219,서면,2026-03-20,금,하차,30631,565,2008,,3381,3382
219,서면,2026-03-21,토,승차,32036,363,539,,2782,2783
219,서면,2026-03-21,토,하차,32179,406,1102,,2172,2173
219,서면,2026-03-22,일,승차,21353,274,383,,1990,1991
219,서면,2026-03-22,일,하차,19547,247,493,,1159,1160
219,서면,2026-03-23,월,승차,25191,563,1029,,2488,2489
219,서면,2026-03-23,월,하차,25494,594,2050,,2584,2585
219,서면,2026-03-24,화,승차,25014,595,999,,2338,2339
219,서면,2026-03-24,화,하차,25547,592,2034,,2649,2650
219,서면,2026-03-25,수,승차,24658,581,957,,2362,2363
219,서면,2026-03-25,수,하차,25353,540,1942,,2625,2626
219,서면,2026-03-26,목,승차,26024,602,1002,,2415,2416
219,서면,2026-03-26,목,하차,26449,639,2049,,2695,2696
219,서면,2026-03-27,금,승차,28218,628,1062,,2693,2694
219,서면,2026-03-27,금,하차,30208,627,2066,,3255,3256
219,서면,2026-03-28,토,승차,32328,326,573,,2710,2711
219,서면,2026-03-28,토,하차,32933,381,1017,,2183,2184
219,서면,2026-03-29,일,승차,22031,275,467,,1897,1898
219,서면,2026-03-29,일,하차,20542,268,466,,1380,1381
219,서면,2026-03-30,월,승차,24120,621,1031,,2248,2249
219,서면,2026-03-30,월,하차,24188,618,2097,,2231,2232
219,서면,2026-03-31,화,승차,24280,606,998,,2362,2363
219,서면,2026-03-31,화,하차,24637,557,2056,,2337,2338
219,서면,2026-04-01,수,승차,24582,692,1018,,2431,2432
219,서면,2026-04-01,수,하차,25180,653,2107,,2527,2528
219,서면,2026-04-02,목,승차,25754,660,1117,,2519,2520
219,서면,2026-04-02,목,하차,26102,623,2021,,2730,2731
219,서면,2026-04-03,금,승차,27657,611,1008,,2612,2613
219,서면,2026-04-03,금,하차,28747,632,2031,,3049,3050
219,서면,2026-04-04,토,승차,26998,258,406,,2303,2304
219,서면,2026-04-04,토,하차,27301,333,870,,1881,1882
219,서면,2026-04-05,일,승차,21673,398,482,,1841,1842
219,서면,2026-04-05,일,하차,20468,276,519,,1387,1388
219,서면,2026-04-06,월,승차,23855,640,1005,,2407,2408
219,서면,2026-04-06,월,하차,24112,617,2066,,2366,2367
219,서면,2026-04-07,화,승차,25065,661,1054,,2465,2466
219,서면,2026-04-07,화,하차,25564,631,2111,,2453,2454
219,서면,2026-04-08,수,승차,24891,612,1012,,2389,2390
219,서면,2026-04-08,수,하차,25535,599,2013,,2660,2661
219,서면,2026-04-09,목,승차,22329,631,941,,2196,2197
219,서면,2026-04-09,목,하차,22583,606,2004,,2362,2363
219,서면,2026-04-10,금,승차,28070,569,991,,2795,2796
219,서면,2026-04-10,금,하차,29673,595,2063,,3148,3149
219,서면,2026-04-11,토,승차,30846,369,554,,2537,2538
219,서면,2026-04-11,토,하차,31624,468,1080,,2010,2011
219,서면,2026-04-12,일,승차,20671,275,437,,1827,1828
219,서면,2026-04-12,일,하차,19361,338,511,,1236,1237
219,서면,2026-04-13,월,승차,23829,637,1019,,2309,2310
219,서면,2026-04-13,월,하차,23996,562,2025,,2398,2399
219,서면,2026-04-14,화,승차,24456,607,987,,2300,2301
219,서면,2026-04-14,화,하차,24775,596,2072,,2395,2396
219,서면,2026-04-15,수,승차,25084,648,966,,2594,2595
219,서면,2026-04-15,수,하차,25755,633,2035,,2613,2614
219,서면,2026-04-16,목,승차,25034,614,945,,2449,2450
219,서면,2026-04-16,목,하차,25779,634,2008,,2502,2503
219,서면,2026-04-17,금,승차,26244,585,943,,2560,2561
219,서면,2026-04-17,금,하차,27313,600,2042,,2900,2901
219,서면,2026-04-18,토,승차,28484,326,541,,2422,2423
219,서면,2026-04-18,토,하차,29078,384,919,,1759,1760
219,서면,2026-04-19,일,승차,19934,251,374,,1913,1914
219,서면,2026-04-19,일,하차,18235,263,460,,1087,1088
219,서면,2026-04-20,월,승차,24178,578,956,,2353,2354
219,서면,2026-04-20,월,하차,24430,595,2075,,2370,2371
219,서면,2026-04-21,화,승차,24415,671,957,,2405,2406
219,서면,2026-04-21,화,하차,25171,592,2099,,2541,2542
219,서면,2026-04-22,수,승차,23978,605,991,,2288,2289
219,서면,2026-04-22,수,하차,24631,616,1971,,2239,2240
219,서면,2026-04-23,목,승차,24872,577,937,,2545,2546
219,서면,2026-04-23,목,하차,26105,595,2092,,2552,2553
219,서면,2026-04-24,금,승차,29157,600,966,,2796,2797
219,서면,2026-04-24,금,하차,31244,580,2050,,3217,3218
219,서면,2026-04-25,토,승차,31653,354,563,,2742,2743
219,서면,2026-04-25,토,하차,31663,463,1082,,1863,1864
219,서면,2026-04-26,일,승차,21713,239,422,,1951,1952
219,서면,2026-04-26,일,하차,20251,307,514,,1198,1199
219,서면,2026-04-27,월,승차,26570,626,1003,,2602,2603
219,서면,2026-04-27,월,하차,26589,593,2136,,2571,2572
219,서면,2026-04-28,화,승차,26116,630,987,,2426,2427
219,서면,2026-04-28,화,하차,27011,658,2051,,2583,2584
219,서면,2026-04-29,수,승차,26253,664,972,,2519,2520
219,서면,2026-04-29,수,하차,27046,641,2071,,2639,2640
219,서면,2026-04-30,목,승차,29069,591,1055,,2808,2809
219,서면,2026-04-30,목,하차,30254,602,2038,,3093,3094
219,서면,2026-05-01,금,승차,30983,236,432,,2819,2820
219,서면,2026-05-01,금,하차,31442,394,997,,1946,1947
219,서면,2026-05-02,토,승차,34988,314,523,,3232,3233
219,서면,2026-05-02,토,하차,34329,404,1040,,2006,2007
219,서면,2026-05-03,일,승차,21990,211,331,,1900,1901
219,서면,2026-05-03,일,하차,20478,225,418,,1388,1389
219,서면,2026-05-04,월,승차,32143,549,882,,3258,3259
219,서면,2026-05-04,월,하차,32540,540,1953,,2872,2873
219,서면,2026-05-05,화,승차,26312,286,444,,2339,2340
219,서면,2026-05-05,화,하차,24709,307,582,,1389,1390
219,서면,2026-05-06,수,승차,25713,636,1011,,2587,2588
219,서면,2026-05-06,수,하차,26391,640,2258,,2666,2667
219,서면,2026-05-07,목,승차,25839,631,1022,,2526,2527
219,서면,2026-05-07,목,하차,26561,622,2065,,2712,2713
219,서면,2026-05-08,금,승차,26807,610,992,,2754,2755
219,서면,2026-05-08,금,하차,28075,668,2148,,2662,2663
219,서면,2026-05-09,토,승차,31645,360,529,,2576,2577
219,서면,2026-05-09,토,하차,31769,376,1094,,1974,1975
219,서면,2026-05-10,일,승차,22436,329,386,,1894,1895
219,서면,2026-05-10,일,하차,21119,305,474,,1412,1413
219,서면,2026-05-11,월,승차,25594,618,990,,2438,2439
219,서면,2026-05-11,월,하차,25775,592,2111,,2467,2468
219,서면,2026-05-12,화,승차,24336,593,973,,2354,2355
219,서면,2026-05-12,화,하차,24998,575,2059,,2325,2326
219,서면,2026-05-13,수,승차,25272,611,1039,,2418,2419
219,서면,2026-05-13,수,하차,26093,596,2074,,2525,2526
219,서면,2026-05-14,목,승차,25643,621,951,,2461,2462
219,서면,2026-05-14,목,하차,26567,707,2071,,2594,2595
219,서면,2026-05-15,금,승차,29253,593,1006,,2805,2806
219,서면,2026-05-15,금,하차,30930,657,2164,,3265,3266
219,서면,2026-05-16,토,승차,33294,351,593,,2820,2821
219,서면,2026-05-16,토,하차,33805,442,1124,,2068,2069
219,서면,2026-05-17,일,승차,23260,273,399,,2060,2061
219,서면,2026-05-17,일,하차,22082,280,594,,1247,1248
219,서면,2026-05-18,월,승차,24380,648,1007,,2441,2442
219,서면,2026-05-18,월,하차,24478,590,2072,,2468,2469
219,서면,2026-05-19,화,승차,25444,679,964,,2394,2395
219,서면,2026-05-19,화,하차,26205,651,2120,,2610,2611
219,서면,2026-05-20,수,승차,22748,632,984,,2199,2200
219,서면,2026-05-20,수,하차,23347,613,2067,,2302,2303
219,서면,2026-05-21,목,승차,25079,592,967,,2418,2419
219,서면,2026-05-21,목,하차,26050,658,2055,,2711,2712
219,서면,2026-05-22,금,승차,28840,609,998,,2762,2763
219,서면,2026-05-22,금,하차,30268,650,2125,,3093,3094
219,서면,2026-05-23,토,승차,31802,332,538,,2727,2728
219,서면,2026-05-23,토,하차,31980,405,1054,,2079,2080
219,서면,2026-05-24,일,승차,25451,283,410,,2265,2266
219,서면,2026-05-24,일,하차,24936,389,700,,1825,1826
219,서면,2026-05-25,월,승차,25053,280,431,,2110,2111
219,서면,2026-05-25,월,하차,23097,274,704,,1339,1340
219,서면,2026-05-26,화,승차,24308,568,980,,2367,2368
219,서면,2026-05-26,화,하차,24546,598,2110,,2303,2304
219,서면,2026-05-27,수,승차,22364,509,962,,2327,2328
219,서면,2026-05-27,수,하차,23504,581,2092,,2180,2181
219,서면,2026-05-28,목,승차,25713,588,968,,2507,2508
219,서면,2026-05-28,목,하차,26648,640,2156,,2505,2506
219,서면,2026-05-29,금,승차,28310,622,969,,2692,2693
219,서면,2026-05-29,금,하차,29245,611,2102,,3024,3025
219,서면,2026-05-30,토,승차,29727,340,580,,2370,2371
219,서면,2026-05-30,토,하차,30551,426,1150,,1828,1829
219,서면,2026-05-31,일,승차,21060,237,382,,1844,1845
219,서면,2026-05-31,일,하차,19521,259,531,,1126,1127
219,서면,2026-06-01,월,승차,25073,634,1035,,2533,2534
219,서면,2026-06-01,월,하차,25090,660,2223,,2294,2295
219,서면,2026-06-02,화,승차,23129,613,954,,2294,2295
219,서면,2026-06-02,화,하차,24675,593,2047,,2651,2652
219,서면,2026-06-03,수,승차,24035,313,453,,2018,2019
219,서면,2026-06-03,수,하차,23508,326,852,,1358,1359
219,서면,2026-06-04,목,승차,24444,606,1057,,2452,2453
219,서면,2026-06-04,목,하차,25314,634,2066,,2442,2443
219,서면,2026-06-05,금,승차,27818,584,1067,,2793,2794
219,서면,2026-06-05,금,하차,29309,632,2159,,2852,2853
219,서면,2026-06-06,토,승차,27427,296,452,,2265,2266
219,서면,2026-06-06,토,하차,27256,352,749,,1753,1754
219,서면,2026-06-07,일,승차,18822,237,351,,1546,1547
219,서면,2026-06-07,일,하차,17628,294,462,,947,948
219,서면,2026-06-08,월,승차,22873,585,1010,,2306,2307
219,서면,2026-06-08,월,하차,22993,603,2043,,2155,2156
219,서면,2026-06-09,화,승차,25182,641,1088,,2322,2323
219,서면,2026-06-09,화,하차,25462,647,2128,,2312,2313
219,서면,2026-06-10,수,승차,25663,587,1129,,2489,2490
219,서면,2026-06-10,수,하차,26420,680,2141,,2576,2577
219,서면,2026-06-11,목,승차,26256,590,1022,,2502,2503
219,서면,2026-06-11,목,하차,27060,653,2119,,2633,2634
219,서면,2026-06-12,금,승차,27272,595,956,,2643,2644
219,서면,2026-06-12,금,하차,28904,659,2205,,2896,2897
219,서면,2026-06-13,토,승차,30507,357,556,,2434,2435
219,서면,2026-06-13,토,하차,30535,456,1101,,1694,1695
219,서면,2026-06-14,일,승차,21505,276,427,,1738,1739
219,서면,2026-06-14,일,하차,19355,352,489,,1084,1085
219,서면,2026-06-15,월,승차,25028,646,1033,,2502,2503
219,서면,2026-06-15,월,하차,24570,646,2195,,2173,2174
219,서면,2026-06-16,화,승차,24601,635,991,,2344,2345
219,서면,2026-06-16,화,하차,25140,622,2160,,2344,2345
219,서면,2026-06-17,수,승차,25108,620,1047,,2316,2317
219,서면,2026-06-17,수,하차,25247,606,2084,,2518,2519
219,서면,2026-06-18,목,승차,25339,619,942,,2449,2450
219,서면,2026-06-18,목,하차,25977,608,2049,,2548,2549
219,서면,2026-06-19,금,승차,27011,612,969,,2686,2687
219,서면,2026-06-19,금,하차,28307,663,2101,,2944,2945
219,서면,2026-06-20,토,승차,27220,273,422,,2280,2281
219,서면,2026-06-20,토,하차,27586,324,891,,1869,1870
219,서면,2026-06-21,일,승차,20864,273,440,,1815,1816
219,서면,2026-06-21,일,하차,19247,292,537,,1107,1108
219,서면,2026-06-22,월,승차,26052,622,968,,2599,2600
219,서면,2026-06-22,월,하차,26218,593,2084,,2393,2394
219,서면,2026-06-23,화,승차,26516,638,959,,2567,2568
219,서면,2026-06-23,화,하차,26831,621,2084,,2456,2457
219,서면,2026-06-24,수,승차,25510,625,965,,2444,2445
219,서면,2026-06-24,수,하차,26046,598,1956,,2514,2515
219,서면,2026-06-25,목,승차,26456,634,921,,2560,2561
219,서면,2026-06-25,목,하차,26923,659,2127,,2622,2623
219,서면,2026-06-26,금,승차,29706,624,969,,2702,2703
219,서면,2026-06-26,금,하차,30305,658,2128,,2961,2962
219,서면,2026-06-27,토,승차,31365,368,552,,2529,2530
219,서면,2026-06-27,토,하차,31528,457,1026,,1887,1888
219,서면,2026-06-28,일,승차,20995,280,401,,1686,1687
219,서면,2026-06-28,일,하차,19707,332,500,,1144,1145
219,서면,2026-06-29,월,승차,26707,661,1034,,2484,2485
219,서면,2026-06-29,월,하차,25885,649,2189,,2199,2200
219,서면,2026-06-30,화,승차,25758,610,977,,2486,2487
219,서면,2026-06-30,화,하차,25985,634,2106,,2307,2308
220,부암,2026-01-01,목,승차,3085,104,150,,187,188
220,부암,2026-01-01,목,하차,2807,71,211,,190,191
220,부암,2026-01-02,금,승차,6812,493,775,,670,671
220,부암,2026-01-02,금,하차,6132,298,937,,607,608
220,부암,2026-01-03,토,승차,5089,208,292,,246,247
220,부암,2026-01-03,토,하차,4583,156,391,,254,255
220,부암,2026-01-04,일,승차,3562,137,184,,177,178
220,부암,2026-01-04,일,하차,3292,86,121,,188,189
220,부암,2026-01-05,월,승차,7041,589,936,,738,739
220,부암,2026-01-05,월,하차,6495,280,1012,,682,683
220,부암,2026-01-06,화,승차,7106,568,943,,617,618
220,부암,2026-01-06,화,하차,6515,272,1021,,652,653
220,부암,2026-01-07,수,승차,6993,578,918,,624,625
220,부암,2026-01-07,수,하차,6374,276,946,,644,645
220,부암,2026-01-08,목,승차,7136,553,907,,640,641
220,부암,2026-01-08,목,하차,6593,262,1011,,715,716
220,부암,2026-01-09,금,승차,7377,554,905,,615,616
220,부암,2026-01-09,금,하차,6527,296,941,,603,604
220,부암,2026-01-10,토,승차,5720,210,379,,287,288
220,부암,2026-01-10,토,하차,5134,138,484,,246,247
220,부암,2026-01-11,일,승차,3520,148,189,,160,161
220,부암,2026-01-11,일,하차,3282,67,110,,214,215
220,부암,2026-01-12,월,승차,7126,573,931,,732,733
220,부암,2026-01-12,월,하차,6630,276,1016,,683,684
220,부암,2026-01-13,화,승차,7270,565,939,,635,636
220,부암,2026-01-13,화,하차,6707,268,1114,,647,648
220,부암,2026-01-14,수,승차,7248,591,922,,603,604
220,부암,2026-01-14,수,하차,6602,274,977,,661,662
220,부암,2026-01-15,목,승차,7081,560,910,,630,631
220,부암,2026-01-15,목,하차,6509,256,1042,,673,674
220,부암,2026-01-16,금,승차,7200,595,895,,673,674
220,부암,2026-01-16,금,하차,6572,294,1019,,625,626
220,부암,2026-01-17,토,승차,5830,198,365,,302,303
220,부암,2026-01-17,토,하차,5364,154,456,,286,287
220,부암,2026-01-18,일,승차,3672,129,214,,172,173
220,부암,2026-01-18,일,하차,3400,71,122,,188,189
220,부암,2026-01-19,월,승차,7083,563,932,,788,789
220,부암,2026-01-19,월,하차,6623,283,1022,,642,643
220,부암,2026-01-20,화,승차,7223,571,909,,648,649
220,부암,2026-01-20,화,하차,6636,280,1011,,695,696
220,부암,2026-01-21,수,승차,6828,571,889,,599,600
220,부암,2026-01-21,수,하차,6316,280,971,,661,662
220,부암,2026-01-22,목,승차,6704,539,903,,663,664
220,부암,2026-01-22,목,하차,6217,253,996,,631,632
220,부암,2026-01-23,금,승차,7148,553,885,,687,688
220,부암,2026-01-23,금,하차,6483,277,974,,646,647
220,부암,2026-01-24,토,승차,5627,241,324,,277,278
220,부암,2026-01-24,토,하차,4978,143,451,,285,286
220,부암,2026-01-25,일,승차,3558,140,176,,168,169
220,부암,2026-01-25,일,하차,3335,67,116,,228,229
220,부암,2026-01-26,월,승차,7116,602,871,,725,726
220,부암,2026-01-26,월,하차,6605,266,974,,658,659
220,부암,2026-01-27,화,승차,7155,551,949,,688,689
220,부암,2026-01-27,화,하차,6689,283,971,,709,710
220,부암,2026-01-28,수,승차,6936,563,940,,611,612
220,부암,2026-01-28,수,하차,6328,279,932,,672,673
220,부암,2026-01-29,목,승차,6774,564,870,,600,601
220,부암,2026-01-29,목,하차,6372,257,967,,665,666
220,부암,2026-01-30,금,승차,7208,541,891,,660,661
220,부암,2026-01-30,금,하차,6633,292,957,,655,656
220,부암,2026-01-31,토,승차,5425,214,325,,274,275
220,부암,2026-01-31,토,하차,4963,139,450,,269,270
220,부암,2026-02-01,일,승차,3563,129,194,,187,188
220,부암,2026-02-01,일,하차,3347,80,126,,207,208
220,부암,2026-02-02,월,승차,6956,584,913,,762,763
220,부암,2026-02-02,월,하차,6490,313,930,,696,697
220,부암,2026-02-03,화,승차,7037,595,911,,630,631
220,부암,2026-02-03,화,하차,6510,303,972,,706,707
220,부암,2026-02-04,수,승차,7008,602,911,,642,643
220,부암,2026-02-04,수,하차,6347,290,945,,650,651
220,부암,2026-02-05,목,승차,6976,577,918,,631,632
220,부암,2026-02-05,목,하차,6585,266,960,,669,670
220,부암,2026-02-06,금,승차,7163,572,886,,634,635
220,부암,2026-02-06,금,하차,6468,279,947,,663,664
220,부암,2026-02-07,토,승차,5598,237,345,,310,311
220,부암,2026-02-07,토,하차,5194,148,419,,297,298
220,부암,2026-02-08,일,승차,3306,145,182,,187,188
220,부암,2026-02-08,일,하차,3070,58,107,,191,192
220,부암,2026-02-09,월,승차,7086,583,856,,745,746
220,부암,2026-02-09,월,하차,6600,262,961,,674,675
220,부암,2026-02-10,화,승차,7244,584,920,,574,575
220,부암,2026-02-10,화,하차,6642,286,997,,684,685
220,부암,2026-02-11,수,승차,7144,592,904,,586,587
220,부암,2026-02-11,수,하차,6602,272,951,,688,689
220,부암,2026-02-12,목,승차,7209,555,901,,644,645
220,부암,2026-02-12,목,하차,6732,281,991,,676,677
220,부암,2026-02-13,금,승차,7592,565,900,,644,645
220,부암,2026-02-13,금,하차,6821,280,960,,584,585
220,부암,2026-02-14,토,승차,5268,204,324,,328,329
220,부암,2026-02-14,토,하차,4620,123,407,,231,232
220,부암,2026-02-15,일,승차,3721,137,209,,228,229
220,부암,2026-02-15,일,하차,3144,69,135,,204,205
220,부암,2026-02-16,월,승차,2853,117,162,,157,158
220,부암,2026-02-16,월,하차,2438,69,89,,185,186
220,부암,2026-02-17,화,승차,2512,101,119,,174,175
220,부암,2026-02-17,화,하차,2369,65,103,,192,193
220,부암,2026-02-18,수,승차,3026,108,140,,191,192
220,부암,2026-02-18,수,하차,2795,53,70,,199,200
220,부암,2026-02-19,목,승차,6768,569,817,,598,599
220,부암,2026-02-19,목,하차,6268,248,917,,648,649
220,부암,2026-02-20,금,승차,7145,551,873,,644,645
220,부암,2026-02-20,금,하차,6487,284,942,,621,622
220,부암,2026-02-21,토,승차,5773,230,356,,329,330
220,부암,2026-02-21,토,하차,5202,153,480,,260,261
220,부암,2026-02-22,일,승차,3488,149,204,,167,168
220,부암,2026-02-22,일,하차,3258,79,125,,226,227
220,부암,2026-02-23,월,승차,7147,564,902,,706,707
220,부암,2026-02-23,월,하차,6618,286,971,,646,647
220,부암,2026-02-24,화,승차,7000,547,940,,610,611
220,부암,2026-02-24,화,하차,6447,271,1003,,622,623
220,부암,2026-02-25,수,승차,7010,571,895,,636,637
220,부암,2026-02-25,수,하차,6479,263,913,,644,645
220,부암,2026-02-26,목,승차,7018,575,896,,626,627
220,부암,2026-02-26,목,하차,6485,267,962,,626,627
220,부암,2026-02-27,금,승차,6983,532,879,,637,638
220,부암,2026-02-27,금,하차,6293,254,904,,603,604
220,부암,2026-02-28,토,승차,5641,221,348,,249,250
220,부암,2026-02-28,토,하차,5253,152,455,,284,285
220,부암,2026-03-01,일,승차,3738,179,195,,179,180
220,부암,2026-03-01,일,하차,3417,72,127,,242,243
220,부암,2026-03-02,월,승차,3787,171,256,,358,359
220,부암,2026-03-02,월,하차,3464,165,306,,237,238
220,부암,2026-03-03,화,승차,7437,665,985,,626,627
220,부암,2026-03-03,화,하차,6749,307,916,,711,712
220,부암,2026-03-04,수,승차,7176,649,991,,576,577
220,부암,2026-03-04,수,하차,6532,301,902,,691,692
220,부암,2026-03-05,목,승차,7391,664,993,,600,601
220,부암,2026-03-05,목,하차,6812,279,964,,659,660
220,부암,2026-03-06,금,승차,7371,616,970,,687,688
220,부암,2026-03-06,금,하차,6667,277,965,,663,664
220,부암,2026-03-07,토,승차,5822,215,348,,349,350
220,부암,2026-03-07,토,하차,5284,156,471,,315,316
220,부암,2026-03-08,일,승차,3808,146,198,,205,206
220,부암,2026-03-08,일,하차,3444,68,141,,227,228
220,부암,2026-03-09,월,승차,7299,686,975,,737,738
220,부암,2026-03-09,월,하차,6703,287,953,,691,692
220,부암,2026-03-10,화,승차,7472,647,995,,588,589
220,부암,2026-03-10,화,하차,6857,289,984,,696,697
220,부암,2026-03-11,수,승차,7364,654,973,,620,621
220,부암,2026-03-11,수,하차,6864,291,935,,738,739
220,부암,2026-03-12,목,승차,7343,644,963,,630,631
220,부암,2026-03-12,목,하차,6939,310,978,,684,685
220,부암,2026-03-13,금,승차,7622,630,935,,640,641
220,부암,2026-03-13,금,하차,6994,290,984,,646,647
220,부암,2026-03-14,토,승차,6889,241,394,,305,306
220,부암,2026-03-14,토,하차,6396,192,585,,322,323
220,부암,2026-03-15,일,승차,4239,150,193,,169,170
220,부암,2026-03-15,일,하차,3949,96,189,,214,215
220,부암,2026-03-16,월,승차,7309,649,996,,713,714
220,부암,2026-03-16,월,하차,6673,324,955,,683,684
220,부암,2026-03-17,화,승차,7400,651,990,,586,587
220,부암,2026-03-17,화,하차,6815,294,981,,696,697
220,부암,2026-03-18,수,승차,6942,595,1014,,600,601
220,부암,2026-03-18,수,하차,6367,289,897,,689,690
220,부암,2026-03-19,목,승차,7469,644,1004,,609,610
220,부암,2026-03-19,목,하차,6909,295,930,,701,702
220,부암,2026-03-20,금,승차,7752,642,990,,651,652
220,부암,2026-03-20,금,하차,7098,315,1071,,662,663
220,부암,2026-03-21,토,승차,5995,256,381,,334,335
220,부암,2026-03-21,토,하차,5616,171,470,,305,306
220,부암,2026-03-22,일,승차,3945,167,221,,178,179
220,부암,2026-03-22,일,하차,3627,73,130,,289,290
220,부암,2026-03-23,월,승차,7427,688,974,,688,689
220,부암,2026-03-23,월,하차,6775,317,921,,707,708
220,부암,2026-03-24,화,승차,7389,682,1010,,642,643
220,부암,2026-03-24,화,하차,6778,308,938,,693,694
220,부암,2026-03-25,수,승차,7654,674,984,,608,609
220,부암,2026-03-25,수,하차,6926,328,1069,,673,674
220,부암,2026-03-26,목,승차,7602,656,959,,648,649
220,부암,2026-03-26,목,하차,6948,328,957,,719,720
220,부암,2026-03-27,금,승차,7955,680,942,,672,673
220,부암,2026-03-27,금,하차,7155,284,1093,,650,651
220,부암,2026-03-28,토,승차,6196,265,403,,336,337
220,부암,2026-03-28,토,하차,5684,159,445,,328,329
220,부암,2026-03-29,일,승차,4026,153,234,,203,204
220,부암,2026-03-29,일,하차,3839,86,135,,242,243
220,부암,2026-03-30,월,승차,7299,681,959,,688,689
220,부암,2026-03-30,월,하차,6662,302,919,,666,667
220,부암,2026-03-31,화,승차,7466,652,963,,610,611
220,부암,2026-03-31,화,하차,6930,289,971,,732,733
220,부암,2026-04-01,수,승차,7391,679,1007,,604,605
220,부암,2026-04-01,수,하차,6725,304,941,,726,727
220,부암,2026-04-02,목,승차,7841,696,1001,,660,661
220,부암,2026-04-02,목,하차,7001,297,1032,,753,754
220,부암,2026-04-03,금,승차,7782,638,981,,660,661
220,부암,2026-04-03,금,하차,7083,309,1012,,717,718
220,부암,2026-04-04,토,승차,5375,226,348,,272,273
220,부암,2026-04-04,토,하차,4946,142,387,,249,250
220,부암,2026-04-05,일,승차,4298,240,237,,224,225
220,부암,2026-04-05,일,하차,4028,109,129,,295,296
220,부암,2026-04-06,월,승차,7312,693,1000,,709,710
220,부암,2026-04-06,월,하차,6722,329,952,,739,740
220,부암,2026-04-07,화,승차,7860,686,1054,,652,653
220,부암,2026-04-07,화,하차,7092,337,1029,,771,772
220,부암,2026-04-08,수,승차,7542,720,977,,632,633
220,부암,2026-04-08,수,하차,6803,329,984,,714,715
220,부암,2026-04-09,목,승차,7074,632,1024,,590,591
220,부암,2026-04-09,목,하차,6458,314,912,,709,710
220,부암,2026-04-10,금,승차,7921,662,953,,684,685
220,부암,2026-04-10,금,하차,7077,309,952,,641,642
220,부암,2026-04-11,토,승차,6136,266,432,,320,321
220,부암,2026-04-11,토,하차,5604,184,460,,294,295
220,부암,2026-04-12,일,승차,3915,172,233,,172,173
220,부암,2026-04-12,일,하차,3706,82,138,,268,269
220,부암,2026-04-13,월,승차,7471,680,978,,724,725
220,부암,2026-04-13,월,하차,6684,328,958,,695,696
220,부암,2026-04-14,화,승차,7833,687,1018,,627,628
220,부암,2026-04-14,화,하차,7146,306,1027,,706,707
220,부암,2026-04-15,수,승차,7825,700,992,,607,608
220,부암,2026-04-15,수,하차,7038,323,955,,676,677
220,부암,2026-04-16,목,승차,7516,713,1009,,632,633
220,부암,2026-04-16,목,하차,6903,296,990,,780,781
220,부암,2026-04-17,금,승차,7589,634,973,,612,613
220,부암,2026-04-17,금,하차,6927,310,1076,,685,686
220,부암,2026-04-18,토,승차,5836,261,383,,328,329
220,부암,2026-04-18,토,하차,5613,179,516,,309,310
220,부암,2026-04-19,일,승차,4042,171,224,,202,203
220,부암,2026-04-19,일,하차,3809,79,165,,263,264
220,부암,2026-04-20,월,승차,7252,689,924,,722,723
220,부암,2026-04-20,월,하차,6701,313,977,,705,706
220,부암,2026-04-21,화,승차,7632,703,1019,,745,746
220,부암,2026-04-21,화,하차,6986,442,1014,,648,649
220,부암,2026-04-22,수,승차,7410,728,984,,641,642
220,부암,2026-04-22,수,하차,6710,317,961,,679,680
220,부암,2026-04-23,목,승차,7309,659,958,,604,605
220,부암,2026-04-23,목,하차,6683,315,1076,,594,595
220,부암,2026-04-24,금,승차,7649,684,883,,601,602
220,부암,2026-04-24,금,하차,6978,303,1040,,678,679
220,부암,2026-04-25,토,승차,6047,280,380,,301,302
220,부암,2026-04-25,토,하차,5423,169,463,,324,325
220,부암,2026-04-26,일,승차,4053,187,250,,205,206
220,부암,2026-04-26,일,하차,3772,96,128,,263,264
220,부암,2026-04-27,월,승차,7458,679,971,,727,728
220,부암,2026-04-27,월,하차,6782,318,1010,,687,688
220,부암,2026-04-28,화,승차,7794,700,1070,,621,622
220,부암,2026-04-28,화,하차,7121,317,1070,,699,700
220,부암,2026-04-29,수,승차,7815,720,998,,709,710
220,부암,2026-04-29,수,하차,7153,319,990,,694,695
220,부암,2026-04-30,목,승차,7516,665,976,,633,634
220,부암,2026-04-30,목,하차,6797,303,982,,649,650
220,부암,2026-05-01,금,승차,4548,196,336,,276,277
220,부암,2026-05-01,금,하차,3982,118,241,,291,292
220,부암,2026-05-02,토,승차,5867,242,398,,294,295
220,부암,2026-05-02,토,하차,5360,174,478,,276,277
220,부암,2026-05-03,일,승차,3307,137,181,,179,180
220,부암,2026-05-03,일,하차,3068,71,99,,203,204
220,부암,2026-05-04,월,승차,7377,550,826,,676,677
220,부암,2026-05-04,월,하차,6667,295,904,,624,625
220,부암,2026-05-05,화,승차,4293,199,283,,225,226
220,부암,2026-05-05,화,하차,3908,112,172,,265,266
220,부암,2026-05-06,수,승차,7705,713,987,,640,641
220,부암,2026-05-06,수,하차,6930,339,980,,729,730
220,부암,2026-05-07,목,승차,7855,724,1047,,676,677
220,부암,2026-05-07,목,하차,7104,329,1042,,756,757
220,부암,2026-05-08,금,승차,7955,678,958,,676,677
220,부암,2026-05-08,금,하차,7176,330,1013,,680,681
220,부암,2026-05-09,토,승차,6085,265,410,,322,323
220,부암,2026-05-09,토,하차,5556,181,505,,285,286
220,부암,2026-05-10,일,승차,4150,203,191,,205,206
220,부암,2026-05-10,일,하차,3679,86,129,,239,240
220,부암,2026-05-11,월,승차,7545,715,943,,706,707
220,부암,2026-05-11,월,하차,6791,350,961,,692,693
220,부암,2026-05-12,화,승차,7447,695,1011,,643,644
220,부암,2026-05-12,화,하차,6849,311,971,,750,751
220,부암,2026-05-13,수,승차,7631,680,979,,589,590
220,부암,2026-05-13,수,하차,6978,336,929,,672,673
220,부암,2026-05-14,목,승차,7491,680,947,,635,636
220,부암,2026-05-14,목,하차,6769,315,1015,,643,644
220,부암,2026-05-15,금,승차,7717,684,939,,640,641
220,부암,2026-05-15,금,하차,7021,348,963,,674,675
220,부암,2026-05-16,토,승차,6052,254,403,,323,324
220,부암,2026-05-16,토,하차,5662,165,498,,331,332
220,부암,2026-05-17,일,승차,4197,175,246,,212,213
220,부암,2026-05-17,일,하차,3861,87,158,,258,259
220,부암,2026-05-18,월,승차,7411,689,945,,718,719
220,부암,2026-05-18,월,하차,6843,313,996,,718,719
220,부암,2026-05-19,화,승차,7719,705,1014,,624,625
220,부암,2026-05-19,화,하차,7019,318,1031,,732,733
220,부암,2026-05-20,수,승차,7343,702,1002,,609,610
220,부암,2026-05-20,수,하차,6628,286,973,,734,735
220,부암,2026-05-21,목,승차,7493,663,1038,,605,606
220,부암,2026-05-21,목,하차,6664,296,948,,734,735
220,부암,2026-05-22,금,승차,8111,681,954,,635,636
220,부암,2026-05-22,금,하차,7373,328,1118,,682,683
220,부암,2026-05-23,토,승차,5925,248,386,,278,279
220,부암,2026-05-23,토,하차,5553,161,497,,297,298
220,부암,2026-05-24,일,승차,4324,154,250,,214,215
220,부암,2026-05-24,일,하차,3914,84,136,,255,256
220,부암,2026-05-25,월,승차,4530,199,296,,293,294
220,부암,2026-05-25,월,하차,4141,161,355,,252,253
220,부암,2026-05-26,화,승차,7503,711,941,,581,582
220,부암,2026-05-26,화,하차,6901,303,1031,,680,681
220,부암,2026-05-27,수,승차,7192,622,938,,584,585
220,부암,2026-05-27,수,하차,6476,288,974,,669,670
220,부암,2026-05-28,목,승차,7606,705,946,,568,569
220,부암,2026-05-28,목,하차,6994,309,1022,,711,712
220,부암,2026-05-29,금,승차,7647,664,898,,602,603
220,부암,2026-05-29,금,하차,6874,326,960,,638,639
220,부암,2026-05-30,토,승차,5850,269,378,,311,312
220,부암,2026-05-30,토,하차,5181,157,487,,292,293
220,부암,2026-05-31,일,승차,3781,126,225,,182,183
220,부암,2026-05-31,일,하차,3497,64,139,,226,227
220,부암,2026-06-01,월,승차,7383,670,1013,,703,704
220,부암,2026-06-01,월,하차,6827,316,982,,735,736
220,부암,2026-06-02,화,승차,7047,642,1003,,584,585
220,부암,2026-06-02,화,하차,6326,298,971,,636,637
220,부암,2026-06-03,수,승차,4192,237,314,,224,225
220,부암,2026-06-03,수,하차,3824,131,186,,232,233
220,부암,2026-06-04,목,승차,7454,696,961,,616,617
220,부암,2026-06-04,목,하차,6658,301,1008,,658,659
220,부암,2026-06-05,금,승차,7641,670,958,,658,659
220,부암,2026-06-05,금,하차,6890,334,979,,671,672
220,부암,2026-06-06,토,승차,4746,178,286,,283,284
220,부암,2026-06-06,토,하차,4247,101,211,,283,284
220,부암,2026-06-07,일,승차,3585,160,181,,181,182
220,부암,2026-06-07,일,하차,3294,89,128,,212,213
220,부암,2026-06-08,월,승차,7358,650,1007,,725,726
220,부암,2026-06-08,월,하차,6656,307,974,,735,736
220,부암,2026-06-09,화,승차,7568,690,1000,,586,587
220,부암,2026-06-09,화,하차,6970,337,1024,,694,695
220,부암,2026-06-10,수,승차,7458,712,1041,,601,602
220,부암,2026-06-10,수,하차,6641,310,994,,730,731
220,부암,2026-06-11,목,승차,7501,718,974,,633,634
220,부암,2026-06-11,목,하차,6940,318,1001,,725,726
220,부암,2026-06-12,금,승차,7787,682,933,,665,666
220,부암,2026-06-12,금,하차,7036,307,1032,,595,596
220,부암,2026-06-13,토,승차,6193,286,389,,327,328
220,부암,2026-06-13,토,하차,5560,167,520,,284,285
220,부암,2026-06-14,일,승차,3874,170,207,,184,185
220,부암,2026-06-14,일,하차,3733,113,151,,267,268
220,부암,2026-06-15,월,승차,7228,706,960,,704,705
220,부암,2026-06-15,월,하차,6652,331,1035,,651,652
220,부암,2026-06-16,화,승차,7694,707,1008,,645,646
220,부암,2026-06-16,화,하차,6954,310,1036,,702,703
220,부암,2026-06-17,수,승차,7283,700,976,,595,596
220,부암,2026-06-17,수,하차,6673,312,987,,678,679
220,부암,2026-06-18,목,승차,7289,670,925,,555,556
220,부암,2026-06-18,목,하차,6668,297,950,,683,684
220,부암,2026-06-19,금,승차,7657,688,934,,619,620
220,부암,2026-06-19,금,하차,6973,333,1127,,632,633
220,부암,2026-06-20,토,승차,5370,227,303,,308,309
220,부암,2026-06-20,토,하차,4856,145,479,,292,293
220,부암,2026-06-21,일,승차,3872,151,203,,200,201
220,부암,2026-06-21,일,하차,3531,90,142,,231,232
220,부암,2026-06-22,월,승차,7206,646,923,,696,697
220,부암,2026-06-22,월,하차,6561,316,989,,672,673
220,부암,2026-06-23,화,승차,7368,648,967,,620,621
220,부암,2026-06-23,화,하차,6813,320,1067,,669,670
220,부암,2026-06-24,수,승차,7040,672,912,,589,590
220,부암,2026-06-24,수,하차,6550,279,1011,,637,638
220,부암,2026-06-25,목,승차,7337,670,926,,593,594
220,부암,2026-06-25,목,하차,6817,302,1048,,686,687
220,부암,2026-06-26,금,승차,7649,682,923,,680,681
220,부암,2026-06-26,금,하차,6966,301,948,,706,707
220,부암,2026-06-27,토,승차,5956,254,374,,360,361
220,부암,2026-06-27,토,하차,5398,167,478,,271,272
220,부암,2026-06-28,일,승차,3921,153,238,,202,203
220,부암,2026-06-28,일,하차,3496,72,129,,209,210
220,부암,2026-06-29,월,승차,7300,665,947,,738,739
220,부암,2026-06-29,월,하차,6805,344,1014,,740,741
220,부암,2026-06-30,화,승차,7590,710,926,,621,622
220,부암,2026-06-30,화,하차,6856,306,1257,,666,667
221,가야,2026-01-01,목,승차,2086,85,127,,91,92
221,가야,2026-01-01,목,하차,1966,41,145,,144,145
221,가야,2026-01-02,금,승차,3546,360,500,,242,243
221,가야,2026-01-02,금,하차,3317,85,221,,443,444
221,가야,2026-01-03,토,승차,3022,154,218,,154,155
221,가야,2026-01-03,토,하차,2709,50,105,,196,197
221,가야,2026-01-04,일,승차,2145,69,126,,80,81
221,가야,2026-01-04,일,하차,2146,43,57,,166,167
221,가야,2026-01-05,월,승차,3896,420,577,,246,247
221,가야,2026-01-05,월,하차,3633,100,247,,535,536
221,가야,2026-01-06,화,승차,3879,402,603,,211,212
221,가야,2026-01-06,화,하차,3654,111,240,,506,507
221,가야,2026-01-07,수,승차,3909,408,551,,233,234
221,가야,2026-01-07,수,하차,3678,97,256,,474,475
221,가야,2026-01-08,목,승차,3820,416,538,,222,223
221,가야,2026-01-08,목,하차,3671,119,243,,499,500
221,가야,2026-01-09,금,승차,3965,408,571,,253,254
221,가야,2026-01-09,금,하차,3691,115,232,,496,497
221,가야,2026-01-10,토,승차,3236,155,252,,175,176
221,가야,2026-01-10,토,하차,2935,53,109,,237,238
221,가야,2026-01-11,일,승차,2120,91,130,,110,111
221,가야,2026-01-11,일,하차,2117,38,69,,176,177
221,가야,2026-01-12,월,승차,3819,429,607,,223,224
221,가야,2026-01-12,월,하차,3621,100,247,,496,497
221,가야,2026-01-13,화,승차,3899,400,608,,221,222
221,가야,2026-01-13,화,하차,3607,94,257,,479,480
221,가야,2026-01-14,수,승차,3923,424,569,,235,236
221,가야,2026-01-14,수,하차,3775,113,247,,502,503
221,가야,2026-01-15,목,승차,4045,410,567,,250,251
221,가야,2026-01-15,목,하차,3769,105,237,,480,481
221,가야,2026-01-16,금,승차,4128,413,538,,274,275
221,가야,2026-01-16,금,하차,3765,116,241,,465,466
221,가야,2026-01-17,토,승차,3322,168,254,,136,137
221,가야,2026-01-17,토,하차,3033,54,106,,241,242
221,가야,2026-01-18,일,승차,2226,100,135,,81,82
221,가야,2026-01-18,일,하차,2138,42,54,,166,167
221,가야,2026-01-19,월,승차,3916,406,590,,235,236
221,가야,2026-01-19,월,하차,3779,103,257,,538,539
221,가야,2026-01-20,화,승차,3820,395,564,,208,209
221,가야,2026-01-20,화,하차,3662,111,254,,521,522
221,가야,2026-01-21,수,승차,3726,410,566,,246,247
221,가야,2026-01-21,수,하차,3522,110,241,,500,501
221,가야,2026-01-22,목,승차,3677,390,534,,230,231
221,가야,2026-01-22,목,하차,3463,111,230,,500,501
221,가야,2026-01-23,금,승차,4067,405,584,,297,298
221,가야,2026-01-23,금,하차,3666,113,242,,496,497
221,가야,2026-01-24,토,승차,3061,155,233,,130,131
221,가야,2026-01-24,토,하차,2886,53,102,,234,235
221,가야,2026-01-25,일,승차,2160,79,142,,87,88
221,가야,2026-01-25,일,하차,2108,33,83,,147,148
221,가야,2026-01-26,월,승차,3892,395,572,,209,210
221,가야,2026-01-26,월,하차,3694,110,249,,544,545
221,가야,2026-01-27,화,승차,3870,428,577,,225,226
221,가야,2026-01-27,화,하차,3708,111,257,,514,515
221,가야,2026-01-28,수,승차,3871,409,560,,244,245
221,가야,2026-01-28,수,하차,3668,112,227,,516,517
221,가야,2026-01-29,목,승차,3864,409,576,,256,257
221,가야,2026-01-29,목,하차,3627,99,241,,509,510
221,가야,2026-01-30,금,승차,3973,396,575,,256,257
221,가야,2026-01-30,금,하차,3720,107,242,,491,492
221,가야,2026-01-31,토,승차,3170,169,253,,131,132
221,가야,2026-01-31,토,하차,2916,61,116,,242,243
221,가야,2026-02-01,일,승차,2203,88,146,,85,86
221,가야,2026-02-01,일,하차,2190,42,68,,173,174
221,가야,2026-02-02,월,승차,3995,454,574,,261,262
221,가야,2026-02-02,월,하차,3828,127,250,,522,523
221,가야,2026-02-03,화,승차,4049,434,617,,236,237
221,가야,2026-02-03,화,하차,3900,104,244,,542,543
221,가야,2026-02-04,수,승차,4081,448,580,,242,243
221,가야,2026-02-04,수,하차,3900,123,255,,508,509
221,가야,2026-02-05,목,승차,3989,441,583,,228,229
221,가야,2026-02-05,목,하차,3843,112,244,,508,509
221,가야,2026-02-06,금,승차,4198,400,571,,271,272
221,가야,2026-02-06,금,하차,3965,103,251,,490,491
221,가야,2026-02-07,토,승차,3392,176,231,,182,183
221,가야,2026-02-07,토,하차,3190,54,132,,246,247
221,가야,2026-02-08,일,승차,2206,84,126,,111,112
221,가야,2026-02-08,일,하차,2063,42,66,,170,171
221,가야,2026-02-09,월,승차,3942,411,578,,247,248
221,가야,2026-02-09,월,하차,3737,105,256,,519,520
221,가야,2026-02-10,화,승차,4113,428,615,,248,249
221,가야,2026-02-10,화,하차,3864,95,252,,528,529
221,가야,2026-02-11,수,승차,4368,434,604,,289,290
221,가야,2026-02-11,수,하차,4150,92,248,,529,530
221,가야,2026-02-12,목,승차,4269,426,617,,255,256
221,가야,2026-02-12,목,하차,3998,113,277,,490,491
221,가야,2026-02-13,금,승차,4418,395,603,,294,295
221,가야,2026-02-13,금,하차,4181,116,256,,451,452
221,가야,2026-02-14,토,승차,3464,178,275,,155,156
221,가야,2026-02-14,토,하차,3161,54,125,,210,211
221,가야,2026-02-15,일,승차,2711,108,170,,124,125
221,가야,2026-02-15,일,하차,2525,60,79,,168,169
221,가야,2026-02-16,월,승차,2239,90,121,,106,107
221,가야,2026-02-16,월,하차,2132,35,68,,145,146
221,가야,2026-02-17,화,승차,1785,84,81,,86,87
221,가야,2026-02-17,화,하차,1754,58,74,,131,132
221,가야,2026-02-18,수,승차,2057,85,119,,100,101
221,가야,2026-02-18,수,하차,1977,23,61,,170,171
221,가야,2026-02-19,목,승차,3788,385,533,,228,229
221,가야,2026-02-19,목,하차,3588,100,251,,495,496
221,가야,2026-02-20,금,승차,4105,400,579,,259,260
221,가야,2026-02-20,금,하차,3769,100,248,,456,457
221,가야,2026-02-21,토,승차,3272,176,283,,128,129
221,가야,2026-02-21,토,하차,3038,59,115,,251,252
221,가야,2026-02-22,일,승차,2258,91,161,,86,87
221,가야,2026-02-22,일,하차,2211,38,68,,152,153
221,가야,2026-02-23,월,승차,4049,415,602,,236,237
221,가야,2026-02-23,월,하차,3886,106,264,,506,507
221,가야,2026-02-24,화,승차,3786,413,563,,228,229
221,가야,2026-02-24,화,하차,3754,112,263,,537,538
221,가야,2026-02-25,수,승차,4090,404,564,,255,256
221,가야,2026-02-25,수,하차,3772,93,254,,530,531
221,가야,2026-02-26,목,승차,3996,419,587,,233,234
221,가야,2026-02-26,목,하차,3773,98,256,,493,494
221,가야,2026-02-27,금,승차,4077,377,573,,307,308
221,가야,2026-02-27,금,하차,3805,103,258,,485,486
221,가야,2026-02-28,토,승차,3496,191,289,,146,147
221,가야,2026-02-28,토,하차,3143,62,122,,226,227
221,가야,2026-03-01,일,승차,2509,113,159,,118,119
221,가야,2026-03-01,일,하차,2344,43,73,,197,198
221,가야,2026-03-02,월,승차,2368,130,182,,93,94
221,가야,2026-03-02,월,하차,2298,62,91,,198,199
221,가야,2026-03-03,화,승차,4178,475,639,,221,222
221,가야,2026-03-03,화,하차,3990,142,241,,531,532
221,가야,2026-03-04,수,승차,4102,492,585,,266,267
221,가야,2026-03-04,수,하차,3981,118,272,,550,551
221,가야,2026-03-05,목,승차,4120,474,609,,266,267
221,가야,2026-03-05,목,하차,4002,124,256,,543,544
221,가야,2026-03-06,금,승차,4181,471,591,,286,287
221,가야,2026-03-06,금,하차,3962,125,258,,538,539
221,가야,2026-03-07,토,승차,3415,167,271,,145,146
221,가야,2026-03-07,토,하차,3137,60,138,,243,244
221,가야,2026-03-08,일,승차,2514,100,176,,129,130
221,가야,2026-03-08,일,하차,2387,40,70,,184,185
221,가야,2026-03-09,월,승차,4232,490,614,,271,272
221,가야,2026-03-09,월,하차,3997,133,257,,543,544
221,가야,2026-03-10,화,승차,4252,479,656,,257,258
221,가야,2026-03-10,화,하차,3988,128,263,,540,541
221,가야,2026-03-11,수,승차,4298,478,611,,298,299
221,가야,2026-03-11,수,하차,4049,133,246,,569,570
221,가야,2026-03-12,목,승차,4182,479,618,,246,247
221,가야,2026-03-12,목,하차,3965,144,233,,530,531
221,가야,2026-03-13,금,승차,4405,475,634,,296,297
221,가야,2026-03-13,금,하차,4142,131,252,,540,541
221,가야,2026-03-14,토,승차,3576,194,260,,156,157
221,가야,2026-03-14,토,하차,3269,58,132,,260,261
221,가야,2026-03-15,일,승차,2466,107,138,,98,99
221,가야,2026-03-15,일,하차,2423,40,76,,206,207
221,가야,2026-03-16,월,승차,4143,482,612,,271,272
221,가야,2026-03-16,월,하차,3955,127,257,,538,539
221,가야,2026-03-17,화,승차,4263,490,644,,262,263
221,가야,2026-03-17,화,하차,4129,132,259,,556,557
221,가야,2026-03-18,수,승차,4004,486,595,,276,277
221,가야,2026-03-18,수,하차,3757,129,225,,501,502
221,가야,2026-03-19,목,승차,4173,478,650,,293,294
221,가야,2026-03-19,목,하차,4028,126,263,,547,548
221,가야,2026-03-20,금,승차,4462,478,649,,302,303
221,가야,2026-03-20,금,하차,4125,115,256,,517,518
221,가야,2026-03-21,토,승차,3446,184,273,,164,165
221,가야,2026-03-21,토,하차,3250,60,141,,251,252
221,가야,2026-03-22,일,승차,2598,124,161,,103,104
221,가야,2026-03-22,일,하차,2435,42,61,,185,186
221,가야,2026-03-23,월,승차,4253,475,668,,261,262
221,가야,2026-03-23,월,하차,4022,122,268,,567,568
221,가야,2026-03-24,화,승차,4208,474,663,,251,252
221,가야,2026-03-24,화,하차,4043,123,273,,532,533
221,가야,2026-03-25,수,승차,4245,465,616,,283,284
221,가야,2026-03-25,수,하차,3994,136,255,,520,521
221,가야,2026-03-26,목,승차,4363,461,674,,259,260
221,가야,2026-03-26,목,하차,4098,116,251,,559,560
221,가야,2026-03-27,금,승차,4376,457,651,,294,295
221,가야,2026-03-27,금,하차,4162,128,258,,510,511
221,가야,2026-03-28,토,승차,3631,196,298,,137,138
221,가야,2026-03-28,토,하차,3262,63,123,,277,278
221,가야,2026-03-29,일,승차,2615,117,165,,116,117
221,가야,2026-03-29,일,하차,2581,53,81,,240,241
221,가야,2026-03-30,월,승차,4079,484,612,,238,239
221,가야,2026-03-30,월,하차,3959,131,252,,542,543
221,가야,2026-03-31,화,승차,4092,460,623,,229,230
221,가야,2026-03-31,화,하차,3956,122,271,,508,509
221,가야,2026-04-01,수,승차,4225,467,611,,254,255
221,가야,2026-04-01,수,하차,4019,111,267,,551,552
221,가야,2026-04-02,목,승차,4352,500,635,,269,270
221,가야,2026-04-02,목,하차,4116,115,274,,585,586
221,가야,2026-04-03,금,승차,4597,501,606,,284,285
221,가야,2026-04-03,금,하차,4255,128,268,,544,545
221,가야,2026-04-04,토,승차,3013,149,238,,132,133
221,가야,2026-04-04,토,하차,2728,64,119,,215,216
221,가야,2026-04-05,일,승차,2788,144,213,,112,113
221,가야,2026-04-05,일,하차,2649,37,90,,222,223
221,가야,2026-04-06,월,승차,4056,471,612,,257,258
221,가야,2026-04-06,월,하차,3863,123,269,,545,546
221,가야,2026-04-07,화,승차,4306,487,644,,277,278
221,가야,2026-04-07,화,하차,4074,131,271,,541,542
221,가야,2026-04-08,수,승차,4375,481,651,,283,284
221,가야,2026-04-08,수,하차,4133,141,256,,566,567
221,가야,2026-04-09,목,승차,3821,495,598,,233,234
221,가야,2026-04-09,목,하차,3627,141,256,,539,540
221,가야,2026-04-10,금,승차,4412,448,637,,314,315
221,가야,2026-04-10,금,하차,4133,127,244,,538,539
221,가야,2026-04-11,토,승차,3639,208,299,,163,164
221,가야,2026-04-11,토,하차,3267,72,127,,254,255
221,가야,2026-04-12,일,승차,2504,129,212,,86,87
221,가야,2026-04-12,일,하차,2485,50,71,,203,204
221,가야,2026-04-13,월,승차,4282,509,642,,248,249
221,가야,2026-04-13,월,하차,3998,131,280,,537,538
221,가야,2026-04-14,화,승차,4195,471,675,,255,256
221,가야,2026-04-14,화,하차,4037,145,289,,522,523
221,가야,2026-04-15,수,승차,4391,533,612,,255,256
221,가야,2026-04-15,수,하차,4128,134,276,,539,540
221,가야,2026-04-16,목,승차,4160,475,615,,263,264
221,가야,2026-04-16,목,하차,4056,141,275,,541,542
221,가야,2026-04-17,금,승차,4289,464,654,,282,283
221,가야,2026-04-17,금,하차,4155,133,282,,503,504
221,가야,2026-04-18,토,승차,3486,168,280,,147,148
221,가야,2026-04-18,토,하차,3207,71,122,,244,245
221,가야,2026-04-19,일,승차,2526,129,192,,100,101
221,가야,2026-04-19,일,하차,2444,38,73,,200,201
221,가야,2026-04-20,월,승차,4071,493,602,,223,224
221,가야,2026-04-20,월,하차,3937,138,269,,567,568
221,가야,2026-04-21,화,승차,4200,497,638,,241,242
221,가야,2026-04-21,화,하차,4031,130,293,,533,534
221,가야,2026-04-22,수,승차,4089,500,610,,265,266
221,가야,2026-04-22,수,하차,4024,139,265,,546,547
221,가야,2026-04-23,목,승차,4140,478,594,,255,256
221,가야,2026-04-23,목,하차,3963,120,260,,549,550
221,가야,2026-04-24,금,승차,4413,475,602,,268,269
221,가야,2026-04-24,금,하차,4136,136,264,,535,536
221,가야,2026-04-25,토,승차,3542,185,290,,145,146
221,가야,2026-04-25,토,하차,3252,69,144,,263,264
221,가야,2026-04-26,일,승차,2517,122,189,,97,98
221,가야,2026-04-26,일,하차,2427,39,81,,194,195
221,가야,2026-04-27,월,승차,4336,503,623,,272,273
221,가야,2026-04-27,월,하차,4030,142,274,,562,563
221,가야,2026-04-28,화,승차,4195,487,634,,243,244
221,가야,2026-04-28,화,하차,4028,145,283,,524,525
221,가야,2026-04-29,수,승차,4280,478,615,,277,278
221,가야,2026-04-29,수,하차,4108,117,284,,554,555
221,가야,2026-04-30,목,승차,4454,483,636,,274,275
221,가야,2026-04-30,목,하차,4311,113,287,,527,528
221,가야,2026-05-01,금,승차,3147,154,262,,135,136
221,가야,2026-05-01,금,하차,2860,58,98,,281,282
221,가야,2026-05-02,토,승차,3369,169,263,,147,148
221,가야,2026-05-02,토,하차,3001,51,116,,221,222
221,가야,2026-05-03,일,승차,2090,73,140,,99,100
221,가야,2026-05-03,일,하차,2034,48,85,,157,158
221,가야,2026-05-04,월,승차,4123,396,571,,254,255
221,가야,2026-05-04,월,하차,3792,131,250,,432,433
221,가야,2026-05-05,화,승차,2928,153,203,,108,109
221,가야,2026-05-05,화,하차,2677,55,93,,196,197
221,가야,2026-05-06,수,승차,4270,470,595,,284,285
221,가야,2026-05-06,수,하차,4121,120,261,,537,538
221,가야,2026-05-07,목,승차,4352,497,621,,258,259
221,가야,2026-05-07,목,하차,4215,128,298,,551,552
221,가야,2026-05-08,금,승차,4436,485,637,,294,295
221,가야,2026-05-08,금,하차,4154,134,264,,528,529
221,가야,2026-05-09,토,승차,3468,191,271,,145,146
221,가야,2026-05-09,토,하차,3146,73,130,,285,286
221,가야,2026-05-10,일,승차,2572,164,182,,107,108
221,가야,2026-05-10,일,하차,2510,54,72,,196,197
221,가야,2026-05-11,월,승차,4305,511,655,,256,257
221,가야,2026-05-11,월,하차,4001,146,275,,558,559
221,가야,2026-05-12,화,승차,4207,501,605,,229,230
221,가야,2026-05-12,화,하차,4038,147,270,,540,541
221,가야,2026-05-13,수,승차,4388,502,599,,243,244
221,가야,2026-05-13,수,하차,4024,136,273,,500,501
221,가야,2026-05-14,목,승차,4341,498,647,,257,258
221,가야,2026-05-14,목,하차,4133,135,288,,494,495
221,가야,2026-05-15,금,승차,4427,481,627,,291,292
221,가야,2026-05-15,금,하차,3968,122,266,,461,462
221,가야,2026-05-16,토,승차,3639,204,320,,130,131
221,가야,2026-05-16,토,하차,3305,75,142,,248,249
221,가야,2026-05-17,일,승차,2688,130,194,,109,110
221,가야,2026-05-17,일,하차,2579,56,71,,238,239
221,가야,2026-05-18,월,승차,4118,469,596,,249,250
221,가야,2026-05-18,월,하차,4002,135,264,,561,562
221,가야,2026-05-19,화,승차,4219,474,616,,264,265
221,가야,2026-05-19,화,하차,4053,131,281,,525,526
221,가야,2026-05-20,수,승차,3941,467,578,,260,261
221,가야,2026-05-20,수,하차,3836,146,247,,540,541
221,가야,2026-05-21,목,승차,4135,454,601,,265,266
221,가야,2026-05-21,목,하차,3957,127,264,,528,529
221,가야,2026-05-22,금,승차,4367,461,623,,296,297
221,가야,2026-05-22,금,하차,4170,124,225,,520,521
221,가야,2026-05-23,토,승차,3503,174,279,,166,167
221,가야,2026-05-23,토,하차,3149,64,126,,239,240
221,가야,2026-05-24,일,승차,2858,171,248,,103,104
221,가야,2026-05-24,일,하차,2635,66,88,,156,157
221,가야,2026-05-25,월,승차,2829,157,204,,118,119
221,가야,2026-05-25,월,하차,2787,73,95,,217,218
221,가야,2026-05-26,화,승차,4189,488,628,,243,244
221,가야,2026-05-26,화,하차,4110,129,283,,526,527
221,가야,2026-05-27,수,승차,3898,457,601,,256,257
221,가야,2026-05-27,수,하차,3664,118,248,,522,523
221,가야,2026-05-28,목,승차,4250,502,598,,230,231
221,가야,2026-05-28,목,하차,4136,129,261,,522,523
221,가야,2026-05-29,금,승차,4331,465,598,,265,266
221,가야,2026-05-29,금,하차,4047,128,263,,505,506
221,가야,2026-05-30,토,승차,3302,167,293,,154,155
221,가야,2026-05-30,토,하차,3118,64,124,,284,285
221,가야,2026-05-31,일,승차,2494,105,188,,142,143
221,가야,2026-05-31,일,하차,2391,47,81,,194,195
221,가야,2026-06-01,월,승차,4206,487,633,,257,258
221,가야,2026-06-01,월,하차,3953,129,261,,535,536
221,가야,2026-06-02,화,승차,4103,471,689,,230,231
221,가야,2026-06-02,화,하차,3672,118,259,,475,476
221,가야,2026-06-03,수,승차,2978,177,247,,142,143
221,가야,2026-06-03,수,하차,2827,82,119,,230,231
221,가야,2026-06-04,목,승차,4156,489,613,,269,270
221,가야,2026-06-04,목,하차,3880,129,265,,531,532
221,가야,2026-06-05,금,승차,4363,470,617,,277,278
221,가야,2026-06-05,금,하차,4112,134,281,,486,487
221,가야,2026-06-06,토,승차,3201,132,225,,115,116
221,가야,2026-06-06,토,하차,2880,68,96,,216,217
221,가야,2026-06-07,일,승차,2310,99,169,,95,96
221,가야,2026-06-07,일,하차,2258,50,77,,191,192
221,가야,2026-06-08,월,승차,4121,472,638,,224,225
221,가야,2026-06-08,월,하차,3867,125,268,,537,538
221,가야,2026-06-09,화,승차,4282,471,646,,265,266
221,가야,2026-06-09,화,하차,4024,127,272,,550,551
221,가야,2026-06-10,수,승차,4264,480,616,,264,265
221,가야,2026-06-10,수,하차,4000,146,262,,526,527
221,가야,2026-06-11,목,승차,4274,476,616,,241,242
221,가야,2026-06-11,목,하차,4035,146,274,,519,520
221,가야,2026-06-12,금,승차,4340,463,633,,298,299
221,가야,2026-06-12,금,하차,4000,152,265,,500,501
221,가야,2026-06-13,토,승차,3633,201,302,,145,146
221,가야,2026-06-13,토,하차,3321,64,128,,268,269
221,가야,2026-06-14,일,승차,2528,99,166,,116,117
221,가야,2026-06-14,일,하차,2342,51,75,,182,183
221,가야,2026-06-15,월,승차,4074,473,628,,226,227
221,가야,2026-06-15,월,하차,3966,137,261,,533,534
221,가야,2026-06-16,화,승차,4131,463,652,,243,244
221,가야,2026-06-16,화,하차,3996,144,272,,517,518
221,가야,2026-06-17,수,승차,4152,490,605,,249,250
221,가야,2026-06-17,수,하차,3959,143,261,,598,599
221,가야,2026-06-18,목,승차,4179,470,609,,267,268
221,가야,2026-06-18,목,하차,3920,126,248,,480,481
221,가야,2026-06-19,금,승차,4184,459,599,,270,271
221,가야,2026-06-19,금,하차,3921,137,261,,475,476
221,가야,2026-06-20,토,승차,3086,140,252,,138,139
221,가야,2026-06-20,토,하차,2739,53,113,,221,222
221,가야,2026-06-21,일,승차,2488,122,210,,127,128
221,가야,2026-06-21,일,하차,2356,48,83,,191,192
221,가야,2026-06-22,월,승차,4083,486,581,,231,232
221,가야,2026-06-22,월,하차,3916,139,244,,533,534
221,가야,2026-06-23,화,승차,4120,487,634,,257,258
221,가야,2026-06-23,화,하차,3973,135,237,,524,525
221,가야,2026-06-24,수,승차,3987,465,579,,228,229
221,가야,2026-06-24,수,하차,3754,120,246,,505,506
221,가야,2026-06-25,목,승차,4042,476,613,,246,247
221,가야,2026-06-25,목,하차,3860,125,254,,491,492
221,가야,2026-06-26,금,승차,4388,479,623,,275,276
221,가야,2026-06-26,금,하차,4078,113,260,,531,532
221,가야,2026-06-27,토,승차,3533,188,272,,179,180
221,가야,2026-06-27,토,하차,3240,71,126,,260,261
221,가야,2026-06-28,일,승차,2532,122,192,,119,120
221,가야,2026-06-28,일,하차,2400,44,75,,206,207
221,가야,2026-06-29,월,승차,4245,495,623,,277,278
221,가야,2026-06-29,월,하차,3914,122,279,,505,506
221,가야,2026-06-30,화,승차,4115,480,638,,217,218
221,가야,2026-06-30,화,하차,3832,134,255,,488,489
222,동의대,2026-01-01,목,승차,2785,102,140,,106,107
222,동의대,2026-01-01,목,하차,2558,60,196,,172,173
222,동의대,2026-01-02,금,승차,4829,457,598,,343,344
222,동의대,2026-01-02,금,하차,4334,128,258,,552,553
222,동의대,2026-01-03,토,승차,3911,201,255,,213,214
222,동의대,2026-01-03,토,하차,3391,54,107,,261,262
222,동의대,2026-01-04,일,승차,3223,119,188,,131,132
222,동의대,2026-01-04,일,하차,3013,55,128,,187,188
222,동의대,2026-01-05,월,승차,5647,519,725,,312,313
222,동의대,2026-01-05,월,하차,5288,159,405,,666,667
222,동의대,2026-01-06,화,승차,5596,532,785,,318,319
222,동의대,2026-01-06,화,하차,5180,142,350,,642,643
222,동의대,2026-01-07,수,승차,5732,543,747,,323,324
222,동의대,2026-01-07,수,하차,5284,149,325,,662,663
222,동의대,2026-01-08,목,승차,5498,511,724,,335,336
222,동의대,2026-01-08,목,하차,5034,146,304,,628,629
222,동의대,2026-01-09,금,승차,5822,517,719,,373,374
222,동의대,2026-01-09,금,하차,5231,143,315,,640,641
222,동의대,2026-01-10,토,승차,4331,213,308,,208,209
222,동의대,2026-01-10,토,하차,3812,65,118,,290,291
222,동의대,2026-01-11,일,승차,3239,117,186,,142,143
222,동의대,2026-01-11,일,하차,2986,59,99,,211,212
222,동의대,2026-01-12,월,승차,5659,509,772,,326,327
222,동의대,2026-01-12,월,하차,5303,152,358,,678,679
222,동의대,2026-01-13,화,승차,5794,524,798,,368,369
222,동의대,2026-01-13,화,하차,5416,163,408,,667,668
222,동의대,2026-01-14,수,승차,5810,545,720,,342,343
222,동의대,2026-01-14,수,하차,5439,139,407,,657,658
222,동의대,2026-01-15,목,승차,5746,510,761,,321,322
222,동의대,2026-01-15,목,하차,5286,154,363,,677,678
222,동의대,2026-01-16,금,승차,6068,480,723,,370,371
222,동의대,2026-01-16,금,하차,5197,155,354,,612,613
222,동의대,2026-01-17,토,승차,4449,215,308,,236,237
222,동의대,2026-01-17,토,하차,3856,74,144,,310,311
222,동의대,2026-01-18,일,승차,3508,116,167,,149,150
222,동의대,2026-01-18,일,하차,3309,78,115,,240,241
222,동의대,2026-01-19,월,승차,5666,536,713,,314,315
222,동의대,2026-01-19,월,하차,5275,145,418,,667,668
222,동의대,2026-01-20,화,승차,5539,507,746,,308,309
222,동의대,2026-01-20,화,하차,5064,142,421,,651,652
222,동의대,2026-01-21,수,승차,5260,536,715,,338,339
222,동의대,2026-01-21,수,하차,4905,154,353,,679,680
222,동의대,2026-01-22,목,승차,4949,509,677,,285,286
222,동의대,2026-01-22,목,하차,4636,136,301,,581,582
222,동의대,2026-01-23,금,승차,5786,504,720,,387,388
222,동의대,2026-01-23,금,하차,5096,142,332,,641,642
222,동의대,2026-01-24,토,승차,4355,188,281,,186,187
222,동의대,2026-01-24,토,하차,3661,70,128,,265,266
222,동의대,2026-01-25,일,승차,3239,91,175,,111,112
222,동의대,2026-01-25,일,하차,3039,65,103,,241,242
222,동의대,2026-01-26,월,승차,5471,511,708,,319,320
222,동의대,2026-01-26,월,하차,5109,157,490,,638,639
222,동의대,2026-01-27,화,승차,5705,507,749,,362,363
222,동의대,2026-01-27,화,하차,5187,154,354,,640,641
222,동의대,2026-01-28,수,승차,5758,525,739,,329,330
222,동의대,2026-01-28,수,하차,5202,149,367,,679,680
222,동의대,2026-01-29,목,승차,5434,522,727,,316,317
222,동의대,2026-01-29,목,하차,4980,152,354,,640,641
222,동의대,2026-01-30,금,승차,5888,500,706,,380,381
222,동의대,2026-01-30,금,하차,5108,139,361,,576,577
222,동의대,2026-01-31,토,승차,4069,194,303,,170,171
222,동의대,2026-01-31,토,하차,3536,67,99,,247,248
222,동의대,2026-02-01,일,승차,3077,101,171,,119,120
222,동의대,2026-02-01,일,하차,2870,61,107,,203,204
222,동의대,2026-02-02,월,승차,5654,562,738,,341,342
222,동의대,2026-02-02,월,하차,5103,172,337,,671,672
222,동의대,2026-02-03,화,승차,5539,542,743,,297,298
222,동의대,2026-02-03,화,하차,5024,147,354,,648,649
222,동의대,2026-02-04,수,승차,5684,550,757,,333,334
222,동의대,2026-02-04,수,하차,5120,150,372,,641,642
222,동의대,2026-02-05,목,승차,5711,526,745,,353,354
222,동의대,2026-02-05,목,하차,5086,164,368,,613,614
222,동의대,2026-02-06,금,승차,5719,519,725,,373,374
222,동의대,2026-02-06,금,하차,5084,146,341,,591,592
222,동의대,2026-02-07,토,승차,4379,192,300,,169,170
222,동의대,2026-02-07,토,하차,3819,95,191,,314,315
222,동의대,2026-02-08,일,승차,2977,115,183,,106,107
222,동의대,2026-02-08,일,하차,2699,59,101,,195,196
222,동의대,2026-02-09,월,승차,5517,519,703,,398,399
222,동의대,2026-02-09,월,하차,5002,173,452,,651,652
222,동의대,2026-02-10,화,승차,5790,540,781,,356,357
222,동의대,2026-02-10,화,하차,5261,175,468,,607,608
222,동의대,2026-02-11,수,승차,5939,529,738,,358,359
222,동의대,2026-02-11,수,하차,5257,155,476,,615,616
222,동의대,2026-02-12,목,승차,5675,547,760,,347,348
222,동의대,2026-02-12,목,하차,5163,169,418,,604,605
222,동의대,2026-02-13,금,승차,6076,494,746,,359,360
222,동의대,2026-02-13,금,하차,5231,161,444,,506,507
222,동의대,2026-02-14,토,승차,4201,211,273,,233,234
222,동의대,2026-02-14,토,하차,3548,71,115,,230,231
222,동의대,2026-02-15,일,승차,3371,142,148,,132,133
222,동의대,2026-02-15,일,하차,2889,61,116,,214,215
222,동의대,2026-02-16,월,승차,2475,100,144,,143,144
222,동의대,2026-02-16,월,하차,2143,50,42,,180,181
222,동의대,2026-02-17,화,승차,2174,71,110,,145,146
222,동의대,2026-02-17,화,하차,1927,38,74,,161,162
222,동의대,2026-02-18,수,승차,2678,104,128,,136,137
222,동의대,2026-02-18,수,하차,2480,44,50,,220,221
222,동의대,2026-02-19,목,승차,5783,471,695,,366,367
222,동의대,2026-02-19,목,하차,5399,144,417,,611,612
222,동의대,2026-02-20,금,승차,5868,508,661,,393,394
222,동의대,2026-02-20,금,하차,5255,150,420,,614,615
222,동의대,2026-02-21,토,승차,4243,215,308,,190,191
222,동의대,2026-02-21,토,하차,3812,73,144,,315,316
222,동의대,2026-02-22,일,승차,3303,117,190,,134,135
222,동의대,2026-02-22,일,하차,3010,60,135,,231,232
222,동의대,2026-02-23,월,승차,6145,518,736,,367,368
222,동의대,2026-02-23,월,하차,5778,154,532,,657,658
222,동의대,2026-02-24,화,승차,5384,556,731,,318,319
222,동의대,2026-02-24,화,하차,4919,155,509,,597,598
222,동의대,2026-02-25,수,승차,6908,510,718,,404,405
222,동의대,2026-02-25,수,하차,6430,200,1005,,628,629
222,동의대,2026-02-26,목,승차,7049,543,716,,388,389
222,동의대,2026-02-26,목,하차,6483,197,1070,,627,628
222,동의대,2026-02-27,금,승차,5868,514,658,,405,406
222,동의대,2026-02-27,금,하차,5215,134,445,,633,634
222,동의대,2026-02-28,토,승차,4618,231,340,,220,221
222,동의대,2026-02-28,토,하차,4001,81,108,,324,325
222,동의대,2026-03-01,일,승차,3907,121,212,,215,216
222,동의대,2026-03-01,일,하차,3521,70,108,,255,256
222,동의대,2026-03-02,월,승차,3253,147,199,,179,180
222,동의대,2026-03-02,월,하차,3130,47,62,,287,288
222,동의대,2026-03-03,화,승차,10114,623,748,,540,541
222,동의대,2026-03-03,화,하차,9292,224,1204,,724,725
222,동의대,2026-03-04,수,승차,9776,637,762,,550,551
222,동의대,2026-03-04,수,하차,9152,196,1103,,710,711
222,동의대,2026-03-05,목,승차,9691,605,763,,524,525
222,동의대,2026-03-05,목,하차,8819,208,1063,,687,688
222,동의대,2026-03-06,금,승차,9996,592,765,,579,580
222,동의대,2026-03-06,금,하차,8263,193,1045,,624,625
222,동의대,2026-03-07,토,승차,5083,225,352,,228,229
222,동의대,2026-03-07,토,하차,4282,67,162,,335,336
222,동의대,2026-03-08,일,승차,3863,129,196,,147,148
222,동의대,2026-03-08,일,하차,4050,76,118,,314,315
222,동의대,2026-03-09,월,승차,9735,619,803,,514,515
222,동의대,2026-03-09,월,하차,9114,227,1247,,737,738
222,동의대,2026-03-10,화,승차,10038,647,766,,631,632
222,동의대,2026-03-10,화,하차,9364,188,1229,,736,737
222,동의대,2026-03-11,수,승차,9804,624,799,,576,577
222,동의대,2026-03-11,수,하차,9067,172,1201,,672,673
222,동의대,2026-03-12,목,승차,9447,640,797,,532,533
222,동의대,2026-03-12,목,하차,8726,212,1096,,667,668
222,동의대,2026-03-13,금,승차,10250,605,736,,566,567
222,동의대,2026-03-13,금,하차,8222,208,1024,,677,678
222,동의대,2026-03-14,토,승차,5358,235,344,,277,278
222,동의대,2026-03-14,토,하차,4423,93,167,,402,403
222,동의대,2026-03-15,일,승차,3784,140,188,,176,177
222,동의대,2026-03-15,일,하차,4045,79,113,,337,338
222,동의대,2026-03-16,월,승차,9679,651,786,,590,591
222,동의대,2026-03-16,월,하차,9030,240,1181,,736,737
222,동의대,2026-03-17,화,승차,9971,653,810,,578,579
222,동의대,2026-03-17,화,하차,9198,220,1157,,747,748
222,동의대,2026-03-18,수,승차,9119,601,753,,592,593
222,동의대,2026-03-18,수,하차,8544,230,1070,,674,675
222,동의대,2026-03-19,목,승차,9870,641,838,,593,594
222,동의대,2026-03-19,목,하차,9078,210,1100,,737,738
222,동의대,2026-03-20,금,승차,10314,601,784,,580,581
222,동의대,2026-03-20,금,하차,8445,184,1105,,679,680
222,동의대,2026-03-21,토,승차,5410,249,371,,306,307
222,동의대,2026-03-21,토,하차,4579,95,184,,348,349
222,동의대,2026-03-22,일,승차,4012,118,210,,180,181
222,동의대,2026-03-22,일,하차,4189,82,121,,329,330
222,동의대,2026-03-23,월,승차,9754,643,793,,596,597
222,동의대,2026-03-23,월,하차,9183,230,1209,,776,777
222,동의대,2026-03-24,화,승차,9586,651,811,,538,539
222,동의대,2026-03-24,화,하차,8995,237,1124,,748,749
222,동의대,2026-03-25,수,승차,9387,622,788,,567,568
222,동의대,2026-03-25,수,하차,8654,213,1072,,701,702
222,동의대,2026-03-26,목,승차,9553,617,810,,530,531
222,동의대,2026-03-26,목,하차,8815,216,1004,,785,786
222,동의대,2026-03-27,금,승차,10319,614,816,,603,604
222,동의대,2026-03-27,금,하차,8524,201,887,,834,835
222,동의대,2026-03-28,토,승차,5556,290,414,,253,254
222,동의대,2026-03-28,토,하차,4720,107,200,,346,347
222,동의대,2026-03-29,일,승차,4142,123,237,,227,228
222,동의대,2026-03-29,일,하차,4308,89,143,,338,339
222,동의대,2026-03-30,월,승차,9241,593,809,,538,539
222,동의대,2026-03-30,월,하차,8902,258,1161,,707,708
222,동의대,2026-03-31,화,승차,9494,607,831,,493,494
222,동의대,2026-03-31,화,하차,8852,202,1104,,776,777
222,동의대,2026-04-01,수,승차,9797,642,799,,614,615
222,동의대,2026-04-01,수,하차,9026,234,1117,,747,748
222,동의대,2026-04-02,목,승차,9887,617,964,,590,591
222,동의대,2026-04-02,목,하차,9196,226,1062,,763,764
222,동의대,2026-04-03,금,승차,10290,631,775,,605,606
222,동의대,2026-04-03,금,하차,8673,236,1031,,770,771
222,동의대,2026-04-04,토,승차,4825,196,288,,245,246
222,동의대,2026-04-04,토,하차,3875,92,241,,312,313
222,동의대,2026-04-05,일,승차,4386,223,255,,197,198
222,동의대,2026-04-05,일,하차,4534,91,158,,338,339
222,동의대,2026-04-06,월,승차,9322,622,801,,532,533
222,동의대,2026-04-06,월,하차,8621,262,1258,,684,685
222,동의대,2026-04-07,화,승차,9733,647,833,,589,590
222,동의대,2026-04-07,화,하차,9091,238,1119,,755,756
222,동의대,2026-04-08,수,승차,9889,657,805,,635,636
222,동의대,2026-04-08,수,하차,9007,234,1115,,752,753
222,동의대,2026-04-09,목,승차,8604,608,761,,598,599
222,동의대,2026-04-09,목,하차,7936,215,1025,,676,677
222,동의대,2026-04-10,금,승차,10035,584,775,,552,553
222,동의대,2026-04-10,금,하차,8381,211,984,,714,715
222,동의대,2026-04-11,토,승차,5292,254,353,,214,215
222,동의대,2026-04-11,토,하차,4559,107,193,,328,329
222,동의대,2026-04-12,일,승차,4049,156,265,,148,149
222,동의대,2026-04-12,일,하차,4233,72,133,,329,330
222,동의대,2026-04-13,월,승차,9398,653,823,,569,570
222,동의대,2026-04-13,월,하차,8861,253,1150,,790,791
222,동의대,2026-04-14,화,승차,9516,632,821,,570,571
222,동의대,2026-04-14,화,하차,8734,223,1078,,729,730
222,동의대,2026-04-15,수,승차,9628,646,781,,552,553
222,동의대,2026-04-15,수,하차,9059,233,1111,,727,728
222,동의대,2026-04-16,목,승차,9393,630,822,,499,500
222,동의대,2026-04-16,목,하차,8643,238,985,,743,744
222,동의대,2026-04-17,금,승차,9251,602,822,,491,492
222,동의대,2026-04-17,금,하차,7955,217,1031,,617,618
222,동의대,2026-04-18,토,승차,5063,205,374,,226,227
222,동의대,2026-04-18,토,하차,4478,112,188,,353,354
222,동의대,2026-04-19,일,승차,4083,142,237,,166,167
222,동의대,2026-04-19,일,하차,4040,101,185,,275,276
222,동의대,2026-04-20,월,승차,8991,640,826,,551,552
222,동의대,2026-04-20,월,하차,8431,250,972,,746,747
222,동의대,2026-04-21,화,승차,9067,673,822,,438,439
222,동의대,2026-04-21,화,하차,8419,290,916,,734,735
222,동의대,2026-04-22,수,승차,8997,610,799,,428,429
222,동의대,2026-04-22,수,하차,8336,293,920,,709,710
222,동의대,2026-04-23,목,승차,9191,618,774,,500,501
222,동의대,2026-04-23,목,하차,8082,266,816,,635,636
222,동의대,2026-04-24,금,승차,9348,622,811,,521,522
222,동의대,2026-04-24,금,하차,7772,254,726,,675,676
222,동의대,2026-04-25,토,승차,5202,236,377,,272,273
222,동의대,2026-04-25,토,하차,4551,122,199,,331,332
222,동의대,2026-04-26,일,승차,3999,151,239,,171,172
222,동의대,2026-04-26,일,하차,4135,82,161,,303,304
222,동의대,2026-04-27,월,승차,9458,645,859,,554,555
222,동의대,2026-04-27,월,하차,8745,283,896,,753,754
222,동의대,2026-04-28,화,승차,9905,636,862,,570,571
222,동의대,2026-04-28,화,하차,9092,235,1027,,740,741
222,동의대,2026-04-29,수,승차,9898,616,827,,619,620
222,동의대,2026-04-29,수,하차,9192,228,1089,,769,770
222,동의대,2026-04-30,목,승차,10459,594,852,,652,653
222,동의대,2026-04-30,목,하차,8760,227,1007,,676,677
222,동의대,2026-05-01,금,승차,4924,193,291,,256,257
222,동의대,2026-05-01,금,하차,3877,90,117,,340,341
222,동의대,2026-05-02,토,승차,4761,221,332,,240,241
222,동의대,2026-05-02,토,하차,4031,89,140,,296,297
222,동의대,2026-05-03,일,승차,3132,95,172,,120,121
222,동의대,2026-05-03,일,하차,3013,79,135,,195,196
222,동의대,2026-05-04,월,승차,6160,505,713,,396,397
222,동의대,2026-05-04,월,하차,5547,150,324,,659,660
222,동의대,2026-05-05,화,승차,4167,175,263,,202,203
222,동의대,2026-05-05,화,하차,4437,76,116,,353,354
222,동의대,2026-05-06,수,승차,9786,636,835,,580,581
222,동의대,2026-05-06,수,하차,9308,267,1174,,787,788
222,동의대,2026-05-07,목,승차,9772,671,834,,626,627
222,동의대,2026-05-07,목,하차,8928,242,1071,,775,776
222,동의대,2026-05-08,금,승차,10157,650,837,,580,581
222,동의대,2026-05-08,금,하차,8393,238,983,,732,733
222,동의대,2026-05-09,토,승차,5437,236,366,,277,278
222,동의대,2026-05-09,토,하차,4673,115,171,,320,321
222,동의대,2026-05-10,일,승차,4201,176,262,,134,135
222,동의대,2026-05-10,일,하차,4261,96,147,,272,273
222,동의대,2026-05-11,월,승차,9545,670,864,,666,667
222,동의대,2026-05-11,월,하차,9043,256,1120,,776,777
222,동의대,2026-05-12,화,승차,9541,614,836,,537,538
222,동의대,2026-05-12,화,하차,8748,224,1036,,692,693
222,동의대,2026-05-13,수,승차,9827,639,822,,546,547
222,동의대,2026-05-13,수,하차,9104,228,1136,,701,702
222,동의대,2026-05-14,목,승차,9666,632,813,,609,610
222,동의대,2026-05-14,목,하차,8678,224,999,,704,705
222,동의대,2026-05-15,금,승차,9697,605,790,,524,525
222,동의대,2026-05-15,금,하차,8225,227,939,,677,678
222,동의대,2026-05-16,토,승차,5759,212,408,,305,306
222,동의대,2026-05-16,토,하차,4856,103,191,,352,353
222,동의대,2026-05-17,일,승차,4304,157,269,,180,181
222,동의대,2026-05-17,일,하차,4251,98,167,,254,255
222,동의대,2026-05-18,월,승차,9337,613,842,,657,658
222,동의대,2026-05-18,월,하차,8879,282,1157,,732,733
222,동의대,2026-05-19,화,승차,9756,623,796,,628,629
222,동의대,2026-05-19,화,하차,9005,241,1041,,700,701
222,동의대,2026-05-20,수,승차,8836,613,790,,541,542
222,동의대,2026-05-20,수,하차,8149,212,1123,,653,654
222,동의대,2026-05-21,목,승차,9582,607,826,,545,546
222,동의대,2026-05-21,목,하차,8574,222,996,,731,732
222,동의대,2026-05-22,금,승차,10200,620,860,,570,571
222,동의대,2026-05-22,금,하차,8237,232,889,,670,671
222,동의대,2026-05-23,토,승차,5277,238,389,,268,269
222,동의대,2026-05-23,토,하차,4570,126,205,,359,360
222,동의대,2026-05-24,일,승차,4341,170,281,,190,191
222,동의대,2026-05-24,일,하차,3864,89,170,,255,256
222,동의대,2026-05-25,월,승차,4051,177,264,,223,224
222,동의대,2026-05-25,월,하차,4294,83,103,,334,335
222,동의대,2026-05-26,화,승차,10030,625,817,,511,512
222,동의대,2026-05-26,화,하차,9619,263,1084,,874,875
222,동의대,2026-05-27,수,승차,9245,593,791,,468,469
222,동의대,2026-05-27,수,하차,8898,197,966,,919,920
222,동의대,2026-05-28,목,승차,9575,605,812,,508,509
222,동의대,2026-05-28,목,하차,8470,210,957,,706,707
222,동의대,2026-05-29,금,승차,9720,624,769,,571,572
222,동의대,2026-05-29,금,하차,8126,211,936,,726,727
222,동의대,2026-05-30,토,승차,5197,247,406,,248,249
222,동의대,2026-05-30,토,하차,4502,98,228,,330,331
222,동의대,2026-05-31,일,승차,3911,113,246,,149,150
222,동의대,2026-05-31,일,하차,4114,74,146,,295,296
222,동의대,2026-06-01,월,승차,8968,631,822,,555,556
222,동의대,2026-06-01,월,하차,8497,276,1061,,771,772
222,동의대,2026-06-02,화,승차,8782,566,794,,549,550
222,동의대,2026-06-02,화,하차,8003,215,960,,694,695
222,동의대,2026-06-03,수,승차,4611,209,282,,224,225
222,동의대,2026-06-03,수,하차,3981,99,114,,307,308
222,동의대,2026-06-04,목,승차,9297,614,759,,526,527
222,동의대,2026-06-04,목,하차,8495,243,986,,701,702
222,동의대,2026-06-05,금,승차,9236,624,777,,508,509
222,동의대,2026-06-05,금,하차,7847,209,811,,698,699
222,동의대,2026-06-06,토,승차,4525,182,267,,207,208
222,동의대,2026-06-06,토,하차,3783,76,124,,265,266
222,동의대,2026-06-07,일,승차,3749,136,214,,168,169
222,동의대,2026-06-07,일,하차,3783,85,128,,269,270
222,동의대,2026-06-08,월,승차,8791,604,762,,554,555
222,동의대,2026-06-08,월,하차,8412,244,1019,,682,683
222,동의대,2026-06-09,화,승차,8839,658,829,,487,488
222,동의대,2026-06-09,화,하차,8151,223,853,,745,746
222,동의대,2026-06-10,수,승차,9029,645,837,,488,489
222,동의대,2026-06-10,수,하차,8338,211,885,,671,672
222,동의대,2026-06-11,목,승차,8271,615,770,,480,481
222,동의대,2026-06-11,목,하차,7564,206,714,,671,672
222,동의대,2026-06-12,금,승차,8124,632,770,,491,492
222,동의대,2026-06-12,금,하차,6948,206,717,,676,677
222,동의대,2026-06-13,토,승차,5177,250,346,,214,215
222,동의대,2026-06-13,토,하차,4672,99,241,,360,361
222,동의대,2026-06-14,일,승차,3808,150,227,,135,136
222,동의대,2026-06-14,일,하차,3618,86,117,,257,258
222,동의대,2026-06-15,월,승차,7407,668,796,,413,414
222,동의대,2026-06-15,월,하차,7013,225,624,,730,731
222,동의대,2026-06-16,화,승차,8896,626,809,,531,532
222,동의대,2026-06-16,화,하차,8248,261,860,,725,726
222,동의대,2026-06-17,수,승차,9010,647,769,,456,457
222,동의대,2026-06-17,수,하차,8408,293,918,,688,689
222,동의대,2026-06-18,목,승차,8815,612,773,,479,480
222,동의대,2026-06-18,목,하차,7982,268,757,,677,678
222,동의대,2026-06-19,금,승차,8456,605,767,,505,506
222,동의대,2026-06-19,금,하차,7351,257,681,,734,735
222,동의대,2026-06-20,토,승차,4591,197,264,,217,218
222,동의대,2026-06-20,토,하차,3905,88,154,,345,346
222,동의대,2026-06-21,일,승차,3733,137,240,,149,150
222,동의대,2026-06-21,일,하차,3625,84,132,,279,280
222,동의대,2026-06-22,월,승차,8774,599,757,,495,496
222,동의대,2026-06-22,월,하차,7955,263,734,,733,734
222,동의대,2026-06-23,화,승차,6719,643,786,,400,401
222,동의대,2026-06-23,화,하차,5953,202,518,,723,724
222,동의대,2026-06-24,수,승차,6249,651,719,,402,403
222,동의대,2026-06-24,수,하차,5566,183,478,,687,688
222,동의대,2026-06-25,목,승차,6027,621,774,,410,411
222,동의대,2026-06-25,목,하차,5431,185,431,,628,629
222,동의대,2026-06-26,금,승차,6516,624,779,,433,434
222,동의대,2026-06-26,금,하차,5603,178,445,,668,669
222,동의대,2026-06-27,토,승차,5070,226,382,,208,209
222,동의대,2026-06-27,토,하차,4199,83,146,,320,321
222,동의대,2026-06-28,일,승차,3832,143,241,,152,153
222,동의대,2026-06-28,일,하차,3416,83,113,,215,216
222,동의대,2026-06-29,월,승차,6148,624,826,,370,371
222,동의대,2026-06-29,월,하차,5660,184,442,,703,704
222,동의대,2026-06-30,화,승차,6159,638,809,,364,365
222,동의대,2026-06-30,화,하차,5445,165,407,,647,648
223,개금,2026-01-01,목,승차,3943,139,201,,156,157
223,개금,2026-01-01,목,하차,3773,59,222,,289,290
223,개금,2026-01-02,금,승차,8253,687,1028,,521,522
223,개금,2026-01-02,금,하차,7830,323,607,,987,988
223,개금,2026-01-03,토,승차,5815,255,385,,236,237
223,개금,2026-01-03,토,하차,5479,78,211,,414,415
223,개금,2026-01-04,일,승차,4112,163,238,,178,179
223,개금,2026-01-04,일,하차,4000,51,111,,355,356
223,개금,2026-01-05,월,승차,9418,810,1206,,476,477
223,개금,2026-01-05,월,하차,9139,368,781,,1174,1175
223,개금,2026-01-06,화,승차,9378,843,1195,,516,517
223,개금,2026-01-06,화,하차,9002,396,727,,1211,1212
223,개금,2026-01-07,수,승차,9404,796,1202,,493,494
223,개금,2026-01-07,수,하차,9038,367,731,,1203,1204
223,개금,2026-01-08,목,승차,9263,803,1210,,525,526
223,개금,2026-01-08,목,하차,8806,373,697,,1190,1191
223,개금,2026-01-09,금,승차,9726,800,1199,,617,618
223,개금,2026-01-09,금,하차,9247,376,696,,1125,1126
223,개금,2026-01-10,토,승차,6782,303,449,,282,283
223,개금,2026-01-10,토,하차,6204,121,255,,458,459
223,개금,2026-01-11,일,승차,4196,170,287,,180,181
223,개금,2026-01-11,일,하차,3967,55,85,,351,352
223,개금,2026-01-12,월,승차,9158,794,1176,,480,481
223,개금,2026-01-12,월,하차,8863,387,727,,1229,1230
223,개금,2026-01-13,화,승차,9471,825,1205,,535,536
223,개금,2026-01-13,화,하차,9299,414,703,,1185,1186
223,개금,2026-01-14,수,승차,9392,816,1195,,521,522
223,개금,2026-01-14,수,하차,8973,361,650,,1147,1148
223,개금,2026-01-15,목,승차,9342,773,1198,,532,533
223,개금,2026-01-15,목,하차,8971,358,691,,1189,1190
223,개금,2026-01-16,금,승차,9642,778,1194,,568,569
223,개금,2026-01-16,금,하차,9184,356,705,,1096,1097
223,개금,2026-01-17,토,승차,6774,289,469,,351,352
223,개금,2026-01-17,토,하차,6233,97,269,,486,487
223,개금,2026-01-18,일,승차,4577,164,297,,185,186
223,개금,2026-01-18,일,하차,4362,55,100,,383,384
223,개금,2026-01-19,월,승차,9479,799,1191,,500,501
223,개금,2026-01-19,월,하차,9278,407,762,,1158,1159
223,개금,2026-01-20,화,승차,9379,831,1204,,497,498
223,개금,2026-01-20,화,하차,9094,384,715,,1127,1128
223,개금,2026-01-21,수,승차,8995,783,1182,,509,510
223,개금,2026-01-21,수,하차,8680,367,679,,1120,1121
223,개금,2026-01-22,목,승차,8592,728,1161,,472,473
223,개금,2026-01-22,목,하차,8272,355,637,,1099,1100
223,개금,2026-01-23,금,승차,9374,760,1180,,563,564
223,개금,2026-01-23,금,하차,8953,329,660,,1102,1103
223,개금,2026-01-24,토,승차,6385,282,450,,270,271
223,개금,2026-01-24,토,하차,5979,117,258,,458,459
223,개금,2026-01-25,일,승차,4301,158,266,,185,186
223,개금,2026-01-25,일,하차,4180,65,88,,352,353
223,개금,2026-01-26,월,승차,9460,773,1195,,502,503
223,개금,2026-01-26,월,하차,9144,387,786,,1185,1186
223,개금,2026-01-27,화,승차,9335,813,1209,,515,516
223,개금,2026-01-27,화,하차,8997,385,696,,1145,1146
223,개금,2026-01-28,수,승차,9391,802,1184,,562,563
223,개금,2026-01-28,수,하차,9070,389,711,,1165,1166
223,개금,2026-01-29,목,승차,9315,758,1213,,481,482
223,개금,2026-01-29,목,하차,8993,357,723,,1126,1127
223,개금,2026-01-30,금,승차,9281,779,1172,,566,567
223,개금,2026-01-30,금,하차,8847,360,682,,1068,1069
223,개금,2026-01-31,토,승차,6376,292,479,,308,309
223,개금,2026-01-31,토,하차,5962,123,281,,485,486
223,개금,2026-02-01,일,승차,4361,166,290,,183,184
223,개금,2026-02-01,일,하차,4224,59,93,,383,384
223,개금,2026-02-02,월,승차,9123,841,1194,,492,493
223,개금,2026-02-02,월,하차,8954,428,769,,1171,1172
223,개금,2026-02-03,화,승차,9336,855,1235,,491,492
223,개금,2026-02-03,화,하차,9136,410,745,,1213,1214
223,개금,2026-02-04,수,승차,9519,859,1198,,507,508
223,개금,2026-02-04,수,하차,9151,390,713,,1186,1187
223,개금,2026-02-05,목,승차,9532,805,1244,,515,516
223,개금,2026-02-05,목,하차,9139,379,748,,1148,1149
223,개금,2026-02-06,금,승차,9881,824,1189,,607,608
223,개금,2026-02-06,금,하차,9250,402,747,,1106,1107
223,개금,2026-02-07,토,승차,6540,308,481,,322,323
223,개금,2026-02-07,토,하차,6150,109,274,,513,514
223,개금,2026-02-08,일,승차,4117,178,240,,157,158
223,개금,2026-02-08,일,하차,3997,71,97,,309,310
223,개금,2026-02-09,월,승차,9481,819,1160,,478,479
223,개금,2026-02-09,월,하차,9189,403,752,,1168,1169
223,개금,2026-02-10,화,승차,9489,832,1204,,502,503
223,개금,2026-02-10,화,하차,9050,434,729,,1128,1129
223,개금,2026-02-11,수,승차,9769,828,1212,,558,559
223,개금,2026-02-11,수,하차,9296,376,766,,1148,1149
223,개금,2026-02-12,목,승차,9820,807,1267,,546,547
223,개금,2026-02-12,목,하차,9287,372,765,,1145,1146
223,개금,2026-02-13,금,승차,10558,838,1260,,649,650
223,개금,2026-02-13,금,하차,9730,363,730,,992,993
223,개금,2026-02-14,토,승차,6826,298,447,,337,338
223,개금,2026-02-14,토,하차,6258,117,275,,406,407
223,개금,2026-02-15,일,승차,5051,152,266,,261,262
223,개금,2026-02-15,일,하차,4464,47,117,,416,417
223,개금,2026-02-16,월,승차,3913,137,209,,196,197
223,개금,2026-02-16,월,하차,3655,72,105,,312,313
223,개금,2026-02-17,화,승차,3130,126,154,,191,192
223,개금,2026-02-17,화,하차,2991,67,83,,253,254
223,개금,2026-02-18,수,승차,4075,120,218,,212,213
223,개금,2026-02-18,수,하차,4041,84,83,,377,378
223,개금,2026-02-19,목,승차,8912,725,1087,,502,503
223,개금,2026-02-19,목,하차,8701,348,673,,1144,1145
223,개금,2026-02-20,금,승차,9738,769,1152,,588,589
223,개금,2026-02-20,금,하차,9290,328,746,,1096,1097
223,개금,2026-02-21,토,승차,6575,323,459,,303,304
223,개금,2026-02-21,토,하차,6131,126,255,,422,423
223,개금,2026-02-22,일,승차,4526,161,284,,200,201
223,개금,2026-02-22,일,하차,4433,74,92,,380,381
223,개금,2026-02-23,월,승차,9929,791,1244,,570,571
223,개금,2026-02-23,월,하차,9613,420,815,,1203,1204
223,개금,2026-02-24,화,승차,8909,788,1214,,483,484
223,개금,2026-02-24,화,하차,8526,399,776,,1055,1056
223,개금,2026-02-25,수,승차,9801,809,1151,,562,563
223,개금,2026-02-25,수,하차,9507,358,700,,1174,1175
223,개금,2026-02-26,목,승차,9714,829,1202,,543,544
223,개금,2026-02-26,목,하차,9354,376,726,,1153,1154
223,개금,2026-02-27,금,승차,9396,758,1098,,631,632
223,개금,2026-02-27,금,하차,9030,390,702,,1057,1058
223,개금,2026-02-28,토,승차,7103,316,525,,311,312
223,개금,2026-02-28,토,하차,6543,122,247,,535,536
223,개금,2026-03-01,일,승차,4945,203,295,,195,196
223,개금,2026-03-01,일,하차,4618,88,88,,417,418
223,개금,2026-03-02,월,승차,4402,238,285,,221,222
223,개금,2026-03-02,월,하차,4283,86,176,,382,383
223,개금,2026-03-03,화,승차,10086,907,1318,,520,521
223,개금,2026-03-03,화,하차,9924,432,802,,1191,1192
223,개금,2026-03-04,수,승차,9916,952,1317,,480,481
223,개금,2026-03-04,수,하차,9634,432,755,,1216,1217
223,개금,2026-03-05,목,승차,9987,964,1259,,522,523
223,개금,2026-03-05,목,하차,9736,442,819,,1197,1198
223,개금,2026-03-06,금,승차,10085,893,1264,,582,583
223,개금,2026-03-06,금,하차,9568,425,770,,1178,1179
223,개금,2026-03-07,토,승차,7042,324,505,,313,314
223,개금,2026-03-07,토,하차,6504,108,239,,569,570
223,개금,2026-03-08,일,승차,4739,199,275,,174,175
223,개금,2026-03-08,일,하차,4754,68,98,,459,460
223,개금,2026-03-09,월,승차,9888,954,1212,,496,497
223,개금,2026-03-09,월,하차,9672,427,862,,1273,1274
223,개금,2026-03-10,화,승차,10099,978,1333,,537,538
223,개금,2026-03-10,화,하차,9975,421,806,,1235,1236
223,개금,2026-03-11,수,승차,10116,935,1325,,572,573
223,개금,2026-03-11,수,하차,9879,418,804,,1274,1275
223,개금,2026-03-12,목,승차,10047,971,1311,,545,546
223,개금,2026-03-12,목,하차,9609,435,773,,1277,1278
223,개금,2026-03-13,금,승차,10506,949,1262,,669,670
223,개금,2026-03-13,금,하차,9756,417,786,,1161,1162
223,개금,2026-03-14,토,승차,7464,351,482,,350,351
223,개금,2026-03-14,토,하차,6817,145,251,,538,539
223,개금,2026-03-15,일,승차,4793,206,307,,155,156
223,개금,2026-03-15,일,하차,4680,78,85,,398,399
223,개금,2026-03-16,월,승차,9845,981,1243,,533,534
223,개금,2026-03-16,월,하차,9573,434,825,,1280,1281
223,개금,2026-03-17,화,승차,10238,979,1340,,477,478
223,개금,2026-03-17,화,하차,9962,451,851,,1266,1267
223,개금,2026-03-18,수,승차,9276,913,1249,,510,511
223,개금,2026-03-18,수,하차,8959,422,742,,1154,1155
223,개금,2026-03-19,목,승차,10087,954,1334,,562,563
223,개금,2026-03-19,목,하차,9654,468,762,,1268,1269
223,개금,2026-03-20,금,승차,10404,927,1254,,642,643
223,개금,2026-03-20,금,하차,9907,413,760,,1244,1245
223,개금,2026-03-21,토,승차,7369,386,534,,342,343
223,개금,2026-03-21,토,하차,6756,118,271,,586,587
223,개금,2026-03-22,일,승차,4875,218,326,,175,176
223,개금,2026-03-22,일,하차,4785,62,103,,446,447
223,개금,2026-03-23,월,승차,10180,960,1277,,573,574
223,개금,2026-03-23,월,하차,9977,435,832,,1322,1323
223,개금,2026-03-24,화,승차,10180,972,1317,,520,521
223,개금,2026-03-24,화,하차,9843,464,805,,1226,1227
223,개금,2026-03-25,수,승차,9740,944,1268,,545,546
223,개금,2026-03-25,수,하차,9344,416,767,,1202,1203
223,개금,2026-03-26,목,승차,10214,947,1371,,534,535
223,개금,2026-03-26,목,하차,9833,417,763,,1275,1276
223,개금,2026-03-27,금,승차,10561,940,1305,,607,608
223,개금,2026-03-27,금,하차,9878,426,768,,1137,1138
223,개금,2026-03-28,토,승차,7777,368,592,,342,343
223,개금,2026-03-28,토,하차,7189,135,275,,543,544
223,개금,2026-03-29,일,승차,5248,184,378,,247,248
223,개금,2026-03-29,일,하차,5230,86,139,,427,428
223,개금,2026-03-30,월,승차,9693,951,1281,,485,486
223,개금,2026-03-30,월,하차,9563,438,793,,1182,1183
223,개금,2026-03-31,화,승차,9892,950,1281,,552,553
223,개금,2026-03-31,화,하차,9663,427,804,,1194,1195
223,개금,2026-04-01,수,승차,10078,951,1283,,498,499
223,개금,2026-04-01,수,하차,9871,466,780,,1281,1282
223,개금,2026-04-02,목,승차,10525,993,1350,,579,580
223,개금,2026-04-02,목,하차,10247,463,814,,1296,1297
223,개금,2026-04-03,금,승차,10760,966,1288,,658,659
223,개금,2026-04-03,금,하차,10270,429,757,,1224,1225
223,개금,2026-04-04,토,승차,6126,289,391,,313,314
223,개금,2026-04-04,토,하차,5858,103,222,,538,539
223,개금,2026-04-05,일,승차,5791,252,375,,269,270
223,개금,2026-04-05,일,하차,5812,71,109,,514,515
223,개금,2026-04-06,월,승차,9734,985,1299,,556,557
223,개금,2026-04-06,월,하차,9531,467,860,,1256,1257
223,개금,2026-04-07,화,승차,10221,1016,1323,,552,553
223,개금,2026-04-07,화,하차,9882,457,850,,1297,1298
223,개금,2026-04-08,수,승차,10500,998,1336,,544,545
223,개금,2026-04-08,수,하차,10007,447,817,,1281,1282
223,개금,2026-04-09,목,승차,8897,940,1293,,437,438
223,개금,2026-04-09,목,하차,8510,441,733,,1117,1118
223,개금,2026-04-10,금,승차,10429,925,1240,,611,612
223,개금,2026-04-10,금,하차,9851,418,724,,1231,1232
223,개금,2026-04-11,토,승차,7221,390,541,,273,274
223,개금,2026-04-11,토,하차,6676,134,301,,530,531
223,개금,2026-04-12,일,승차,4951,203,365,,171,172
223,개금,2026-04-12,일,하차,4964,88,130,,471,472
223,개금,2026-04-13,월,승차,9963,982,1320,,538,539
223,개금,2026-04-13,월,하차,9811,477,820,,1268,1269
223,개금,2026-04-14,화,승차,10184,968,1340,,491,492
223,개금,2026-04-14,화,하차,9867,430,829,,1258,1259
223,개금,2026-04-15,수,승차,10200,1015,1311,,505,506
223,개금,2026-04-15,수,하차,9833,455,817,,1260,1261
223,개금,2026-04-16,목,승차,9980,943,1329,,553,554
223,개금,2026-04-16,목,하차,9704,476,782,,1288,1289
223,개금,2026-04-17,금,승차,9762,897,1292,,522,523
223,개금,2026-04-17,금,하차,9299,448,764,,1122,1123
223,개금,2026-04-18,토,승차,7029,337,536,,306,307
223,개금,2026-04-18,토,하차,6583,115,278,,544,545
223,개금,2026-04-19,일,승차,4819,234,332,,167,168
223,개금,2026-04-19,일,하차,4805,87,105,,453,454
223,개금,2026-04-20,월,승차,9869,992,1287,,502,503
223,개금,2026-04-20,월,하차,9635,463,816,,1232,1233
223,개금,2026-04-21,화,승차,10197,991,1326,,501,502
223,개금,2026-04-21,화,하차,9899,484,841,,1257,1258
223,개금,2026-04-22,수,승차,9911,958,1289,,490,491
223,개금,2026-04-22,수,하차,9431,484,757,,1150,1151
223,개금,2026-04-23,목,승차,9844,987,1264,,485,486
223,개금,2026-04-23,목,하차,9683,456,797,,1202,1203
223,개금,2026-04-24,금,승차,10585,929,1272,,628,629
223,개금,2026-04-24,금,하차,10017,424,781,,1223,1224
223,개금,2026-04-25,토,승차,7458,406,550,,336,337
223,개금,2026-04-25,토,하차,6825,156,311,,508,509
223,개금,2026-04-26,일,승차,4976,214,338,,228,229
223,개금,2026-04-26,일,하차,5010,72,122,,432,433
223,개금,2026-04-27,월,승차,10243,961,1302,,536,537
223,개금,2026-04-27,월,하차,10087,472,864,,1261,1262
223,개금,2026-04-28,화,승차,10709,1083,1428,,522,523
223,개금,2026-04-28,화,하차,10270,477,859,,1223,1224
223,개금,2026-04-29,수,승차,10161,971,1300,,480,481
223,개금,2026-04-29,수,하차,9858,427,844,,1241,1242
223,개금,2026-04-30,목,승차,10527,933,1369,,595,596
223,개금,2026-04-30,목,하차,10061,390,814,,1213,1214
223,개금,2026-05-01,금,승차,6338,282,442,,295,296
223,개금,2026-05-01,금,하차,5949,102,190,,570,571
223,개금,2026-05-02,토,승차,6833,353,484,,298,299
223,개금,2026-05-02,토,하차,6386,128,253,,489,490
223,개금,2026-05-03,일,승차,4012,172,239,,178,179
223,개금,2026-05-03,일,하차,3850,68,96,,341,342
223,개금,2026-05-04,월,승차,9925,804,1124,,556,557
223,개금,2026-05-04,월,하차,9567,396,768,,1148,1149
223,개금,2026-05-05,화,승차,5456,279,365,,240,241
223,개금,2026-05-05,화,하차,5367,114,142,,540,541
223,개금,2026-05-06,수,승차,10392,1023,1344,,505,506
223,개금,2026-05-06,수,하차,10122,468,823,,1290,1291
223,개금,2026-05-07,목,승차,10339,1044,1386,,560,561
223,개금,2026-05-07,목,하차,10100,468,820,,1305,1306
223,개금,2026-05-08,금,승차,10561,955,1326,,586,587
223,개금,2026-05-08,금,하차,10003,474,775,,1207,1208
223,개금,2026-05-09,토,승차,7249,371,532,,302,303
223,개금,2026-05-09,토,하차,6782,136,293,,515,516
223,개금,2026-05-10,일,승차,5083,245,332,,210,211
223,개금,2026-05-10,일,하차,5137,86,124,,447,448
223,개금,2026-05-11,월,승차,10263,947,1335,,520,521
223,개금,2026-05-11,월,하차,10068,475,872,,1264,1265
223,개금,2026-05-12,화,승차,9888,970,1350,,484,485
223,개금,2026-05-12,화,하차,9686,479,826,,1186,1187
223,개금,2026-05-13,수,승차,10245,983,1347,,517,518
223,개금,2026-05-13,수,하차,10055,477,805,,1255,1256
223,개금,2026-05-14,목,승차,10127,972,1517,,495,496
223,개금,2026-05-14,목,하차,9843,453,818,,1141,1142
223,개금,2026-05-15,금,승차,10359,951,1275,,589,590
223,개금,2026-05-15,금,하차,9938,446,763,,1231,1232
223,개금,2026-05-16,토,승차,7218,399,568,,303,304
223,개금,2026-05-16,토,하차,6771,156,256,,548,549
223,개금,2026-05-17,일,승차,5044,240,383,,178,179
223,개금,2026-05-17,일,하차,5061,85,98,,434,435
223,개금,2026-05-18,월,승차,10001,986,1300,,518,519
223,개금,2026-05-18,월,하차,9799,475,816,,1327,1328
223,개금,2026-05-19,화,승차,10122,981,1334,,503,504
223,개금,2026-05-19,화,하차,9904,467,811,,1260,1261
223,개금,2026-05-20,수,승차,9098,918,1286,,517,518
223,개금,2026-05-20,수,하차,8767,437,793,,1128,1129
223,개금,2026-05-21,목,승차,9929,894,1329,,462,463
223,개금,2026-05-21,목,하차,9572,428,817,,1235,1236
223,개금,2026-05-22,금,승차,10580,916,1306,,575,576
223,개금,2026-05-22,금,하차,9935,412,798,,1194,1195
223,개금,2026-05-23,토,승차,7219,391,591,,302,303
223,개금,2026-05-23,토,하차,6460,161,295,,519,520
223,개금,2026-05-24,일,승차,5242,220,373,,223,224
223,개금,2026-05-24,일,하차,4974,104,144,,411,412
223,개금,2026-05-25,월,승차,5869,304,405,,269,270
223,개금,2026-05-25,월,하차,5768,163,221,,518,519
223,개금,2026-05-26,화,승차,9942,935,1395,,487,488
223,개금,2026-05-26,화,하차,9754,505,827,,1160,1161
223,개금,2026-05-27,수,승차,9362,908,1222,,465,466
223,개금,2026-05-27,수,하차,9010,379,757,,1150,1151
223,개금,2026-05-28,목,승차,10212,977,1308,,538,539
223,개금,2026-05-28,목,하차,9927,433,837,,1209,1210
223,개금,2026-05-29,금,승차,10628,968,1262,,616,617
223,개금,2026-05-29,금,하차,10098,428,802,,1243,1244
223,개금,2026-05-30,토,승차,7090,371,514,,297,298
223,개금,2026-05-30,토,하차,6396,146,265,,469,470
223,개금,2026-05-31,일,승차,4758,220,334,,172,173
223,개금,2026-05-31,일,하차,4501,69,116,,438,439
223,개금,2026-06-01,월,승차,9697,986,1320,,501,502
223,개금,2026-06-01,월,하차,9441,458,779,,1225,1226
223,개금,2026-06-02,화,승차,9215,933,1279,,495,496
223,개금,2026-06-02,화,하차,8797,425,774,,1142,1143
223,개금,2026-06-03,수,승차,5951,331,454,,267,268
223,개금,2026-06-03,수,하차,5755,125,199,,420,421
223,개금,2026-06-04,목,승차,9886,948,1325,,505,506
223,개금,2026-06-04,목,하차,9488,459,757,,1193,1194
223,개금,2026-06-05,금,승차,10279,957,1247,,567,568
223,개금,2026-06-05,금,하차,9611,413,759,,1163,1164
223,개금,2026-06-06,토,승차,6090,258,354,,281,282
223,개금,2026-06-06,토,하차,5551,104,184,,491,492
223,개금,2026-06-07,일,승차,4303,191,272,,166,167
223,개금,2026-06-07,일,하차,4249,80,117,,311,312
223,개금,2026-06-08,월,승차,9567,978,1257,,506,507
223,개금,2026-06-08,월,하차,9334,428,785,,1279,1280
223,개금,2026-06-09,화,승차,10119,962,1343,,497,498
223,개금,2026-06-09,화,하차,9806,435,826,,1213,1214
223,개금,2026-06-10,수,승차,10085,955,1341,,519,520
223,개금,2026-06-10,수,하차,9877,428,803,,1223,1224
223,개금,2026-06-11,목,승차,9910,977,1298,,513,514
223,개금,2026-06-11,목,하차,9622,415,784,,1143,1144
223,개금,2026-06-12,금,승차,10179,930,1277,,593,594
223,개금,2026-06-12,금,하차,9621,440,755,,1178,1179
223,개금,2026-06-13,토,승차,7308,386,559,,344,345
223,개금,2026-06-13,토,하차,6865,136,284,,483,484
223,개금,2026-06-14,일,승차,4751,203,291,,220,221
223,개금,2026-06-14,일,하차,4587,87,117,,405,406
223,개금,2026-06-15,월,승차,9630,971,1307,,507,508
223,개금,2026-06-15,월,하차,9543,462,812,,1221,1222
223,개금,2026-06-16,화,승차,9781,1017,1337,,456,457
223,개금,2026-06-16,화,하차,9530,447,782,,1184,1185
223,개금,2026-06-17,수,승차,9821,974,1298,,475,476
223,개금,2026-06-17,수,하차,9566,431,762,,1160,1161
223,개금,2026-06-18,목,승차,10006,984,1274,,475,476
223,개금,2026-06-18,목,하차,9423,425,725,,1156,1157
223,개금,2026-06-19,금,승차,9683,906,1312,,548,549
223,개금,2026-06-19,금,하차,9230,424,757,,1112,1113
223,개금,2026-06-20,토,승차,6050,307,390,,285,286
223,개금,2026-06-20,토,하차,5586,105,209,,435,436
223,개금,2026-06-21,일,승차,4571,197,320,,202,203
223,개금,2026-06-21,일,하차,4516,96,114,,415,416
223,개금,2026-06-22,월,승차,9813,951,1212,,506,507
223,개금,2026-06-22,월,하차,9578,464,847,,1190,1191
223,개금,2026-06-23,화,승차,10042,973,1257,,502,503
223,개금,2026-06-23,화,하차,9591,411,801,,1175,1176
223,개금,2026-06-24,수,승차,9609,988,1272,,495,496
223,개금,2026-06-24,수,하차,9268,437,784,,1124,1125
223,개금,2026-06-25,목,승차,9721,961,1242,,487,488
223,개금,2026-06-25,목,하차,9315,398,741,,1156,1157
223,개금,2026-06-26,금,승차,10308,926,1269,,585,586
223,개금,2026-06-26,금,하차,9787,426,771,,1166,1167
223,개금,2026-06-27,토,승차,7224,351,537,,354,355
223,개금,2026-06-27,토,하차,6585,136,271,,468,469
223,개금,2026-06-28,일,승차,4759,189,325,,172,173
223,개금,2026-06-28,일,하차,4615,72,112,,358,359
223,개금,2026-06-29,월,승차,9754,956,1261,,478,479
223,개금,2026-06-29,월,하차,9487,461,812,,1268,1269
223,개금,2026-06-30,화,승차,9826,980,1257,,502,503
223,개금,2026-06-30,화,하차,9642,435,770,,1183,1184
224,냉정,2026-01-01,목,승차,2614,96,141,,135,136
224,냉정,2026-01-01,목,하차,2459,73,181,,153,154
224,냉정,2026-01-02,금,승차,4594,313,528,,370,371
224,냉정,2026-01-02,금,하차,4036,151,288,,469,470
224,냉정,2026-01-03,토,승차,3864,160,255,,210,211
224,냉정,2026-01-03,토,하차,3319,79,137,,194,195
224,냉정,2026-01-04,일,승차,3036,97,160,,139,140
224,냉정,2026-01-04,일,하차,2760,44,68,,227,228
224,냉정,2026-01-05,월,승차,5473,413,605,,436,437
224,냉정,2026-01-05,월,하차,5159,162,624,,570,571
224,냉정,2026-01-06,화,승차,5475,408,597,,373,374
224,냉정,2026-01-06,화,하차,5228,173,674,,568,569
224,냉정,2026-01-07,수,승차,5551,406,619,,414,415
224,냉정,2026-01-07,수,하차,5181,150,665,,614,615
224,냉정,2026-01-08,목,승차,5235,397,607,,336,337
224,냉정,2026-01-08,목,하차,4889,136,660,,564,565
224,냉정,2026-01-09,금,승차,5582,394,606,,393,394
224,냉정,2026-01-09,금,하차,4996,148,593,,504,505
224,냉정,2026-01-10,토,승차,4288,169,283,,235,236
224,냉정,2026-01-10,토,하차,3720,93,139,,255,256
224,냉정,2026-01-11,일,승차,2992,126,196,,137,138
224,냉정,2026-01-11,일,하차,2683,55,57,,208,209
224,냉정,2026-01-12,월,승차,5488,414,621,,393,394
224,냉정,2026-01-12,월,하차,5007,161,633,,546,547
224,냉정,2026-01-13,화,승차,5507,416,628,,366,367
224,냉정,2026-01-13,화,하차,5120,147,654,,595,596
224,냉정,2026-01-14,수,승차,5499,409,601,,388,389
224,냉정,2026-01-14,수,하차,5198,156,673,,624,625
224,냉정,2026-01-15,목,승차,5445,391,634,,365,366
224,냉정,2026-01-15,목,하차,5031,154,615,,587,588
224,냉정,2026-01-16,금,승차,5719,401,605,,428,429
224,냉정,2026-01-16,금,하차,5082,154,623,,576,577
224,냉정,2026-01-17,토,승차,4633,187,312,,239,240
224,냉정,2026-01-17,토,하차,3915,88,294,,276,277
224,냉정,2026-01-18,일,승차,3136,108,187,,166,167
224,냉정,2026-01-18,일,하차,2783,47,60,,200,201
224,냉정,2026-01-19,월,승차,5246,408,636,,396,397
224,냉정,2026-01-19,월,하차,4990,151,605,,609,610
224,냉정,2026-01-20,화,승차,5275,425,606,,352,353
224,냉정,2026-01-20,화,하차,4944,150,587,,620,621
224,냉정,2026-01-21,수,승차,5118,418,604,,371,372
224,냉정,2026-01-21,수,하차,4782,165,575,,558,559
224,냉정,2026-01-22,목,승차,4948,414,591,,391,392
224,냉정,2026-01-22,목,하차,4677,152,540,,578,579
224,냉정,2026-01-23,금,승차,5485,418,658,,387,388
224,냉정,2026-01-23,금,하차,4892,163,567,,549,550
224,냉정,2026-01-24,토,승차,4092,174,279,,213,214
224,냉정,2026-01-24,토,하차,3402,84,157,,225,226
224,냉정,2026-01-25,일,승차,2972,99,191,,139,140
224,냉정,2026-01-25,일,하차,2645,45,71,,186,187
224,냉정,2026-01-26,월,승차,5210,401,634,,377,378
224,냉정,2026-01-26,월,하차,4945,162,585,,623,624
224,냉정,2026-01-27,화,승차,5184,418,671,,340,341
224,냉정,2026-01-27,화,하차,4818,151,585,,567,568
224,냉정,2026-01-28,수,승차,5172,404,640,,372,373
224,냉정,2026-01-28,수,하차,4827,152,569,,566,567
224,냉정,2026-01-29,목,승차,4992,379,608,,340,341
224,냉정,2026-01-29,목,하차,4674,151,530,,543,544
224,냉정,2026-01-30,금,승차,5488,379,628,,426,427
224,냉정,2026-01-30,금,하차,4858,165,528,,546,547
224,냉정,2026-01-31,토,승차,4047,151,300,,197,198
224,냉정,2026-01-31,토,하차,3516,94,143,,252,253
224,냉정,2026-02-01,일,승차,2938,79,175,,144,145
224,냉정,2026-02-01,일,하차,2612,42,51,,181,182
224,냉정,2026-02-02,월,승차,5297,431,644,,383,384
224,냉정,2026-02-02,월,하차,4931,156,635,,608,609
224,냉정,2026-02-03,화,승차,5378,409,619,,381,382
224,냉정,2026-02-03,화,하차,4968,157,612,,600,601
224,냉정,2026-02-04,수,승차,5304,412,655,,382,383
224,냉정,2026-02-04,수,하차,5021,150,654,,586,587
224,냉정,2026-02-05,목,승차,5342,403,624,,349,350
224,냉정,2026-02-05,목,하차,4988,175,623,,550,551
224,냉정,2026-02-06,금,승차,5496,387,678,,389,390
224,냉정,2026-02-06,금,하차,5031,158,588,,534,535
224,냉정,2026-02-07,토,승차,4315,197,283,,240,241
224,냉정,2026-02-07,토,하차,3615,82,182,,231,232
224,냉정,2026-02-08,일,승차,2830,100,170,,129,130
224,냉정,2026-02-08,일,하차,2551,48,57,,180,181
224,냉정,2026-02-09,월,승차,5254,438,598,,399,400
224,냉정,2026-02-09,월,하차,4873,152,582,,558,559
224,냉정,2026-02-10,화,승차,5204,418,639,,354,355
224,냉정,2026-02-10,화,하차,4840,180,568,,547,548
224,냉정,2026-02-11,수,승차,5454,425,591,,375,376
224,냉정,2026-02-11,수,하차,5059,164,629,,553,554
224,냉정,2026-02-12,목,승차,5937,436,598,,376,377
224,냉정,2026-02-12,목,하차,5590,143,634,,561,562
224,냉정,2026-02-13,금,승차,6173,379,626,,404,405
224,냉정,2026-02-13,금,하차,5587,166,579,,501,502
224,냉정,2026-02-14,토,승차,4253,174,273,,220,221
224,냉정,2026-02-14,토,하차,3467,97,142,,253,254
224,냉정,2026-02-15,일,승차,3308,95,165,,158,159
224,냉정,2026-02-15,일,하차,2687,36,59,,192,193
224,냉정,2026-02-16,월,승차,2665,84,129,,138,139
224,냉정,2026-02-16,월,하차,2143,38,52,,175,176
224,냉정,2026-02-17,화,승차,2288,63,115,,162,163
224,냉정,2026-02-17,화,하차,2003,32,61,,146,147
224,냉정,2026-02-18,수,승차,2700,66,125,,156,157
224,냉정,2026-02-18,수,하차,2547,43,59,,203,204
224,냉정,2026-02-19,목,승차,4931,377,553,,353,354
224,냉정,2026-02-19,목,하차,4722,134,554,,518,519
224,냉정,2026-02-20,금,승차,5378,365,595,,373,374
224,냉정,2026-02-20,금,하차,4851,146,533,,526,527
224,냉정,2026-02-21,토,승차,4278,176,321,,228,229
224,냉정,2026-02-21,토,하차,3646,82,170,,264,265
224,냉정,2026-02-22,일,승차,3114,104,190,,173,174
224,냉정,2026-02-22,일,하차,2852,51,64,,196,197
224,냉정,2026-02-23,월,승차,5423,448,573,,435,436
224,냉정,2026-02-23,월,하차,5188,159,575,,609,610
224,냉정,2026-02-24,화,승차,5755,399,615,,357,358
224,냉정,2026-02-24,화,하차,5350,149,571,,564,565
224,냉정,2026-02-25,수,승차,6246,401,639,,380,381
224,냉정,2026-02-25,수,하차,5827,178,968,,588,589
224,냉정,2026-02-26,목,승차,5797,458,690,,387,388
224,냉정,2026-02-26,목,하차,5483,155,571,,848,849
224,냉정,2026-02-27,금,승차,5500,370,593,,451,452
224,냉정,2026-02-27,금,하차,4968,132,500,,550,551
224,냉정,2026-02-28,토,승차,4922,180,318,,255,256
224,냉정,2026-02-28,토,하차,4071,85,216,,255,256
224,냉정,2026-03-01,일,승차,3629,103,185,,200,201
224,냉정,2026-03-01,일,하차,3075,50,76,,238,239
224,냉정,2026-03-02,월,승차,3184,127,200,,156,157
224,냉정,2026-03-02,월,하차,3003,77,107,,237,238
224,냉정,2026-03-03,화,승차,8894,536,700,,486,487
224,냉정,2026-03-03,화,하차,8338,301,1000,,712,713
224,냉정,2026-03-04,수,승차,8541,496,679,,540,541
224,냉정,2026-03-04,수,하차,8112,217,1148,,701,702
224,냉정,2026-03-05,목,승차,8620,496,676,,547,548
224,냉정,2026-03-05,목,하차,7981,216,1036,,624,625
224,냉정,2026-03-06,금,승차,7258,448,634,,452,453
224,냉정,2026-03-06,금,하차,6526,211,787,,570,571
224,냉정,2026-03-07,토,승차,4912,182,335,,261,262
224,냉정,2026-03-07,토,하차,4198,77,307,,335,336
224,냉정,2026-03-08,일,승차,3577,119,201,,206,207
224,냉정,2026-03-08,일,하차,3324,60,80,,288,289
224,냉정,2026-03-09,월,승차,8026,505,664,,569,570
224,냉정,2026-03-09,월,하차,7851,233,927,,696,697
224,냉정,2026-03-10,화,승차,8665,504,690,,696,697
224,냉정,2026-03-10,화,하차,8198,265,1001,,657,658
224,냉정,2026-03-11,수,승차,8381,473,681,,826,827
224,냉정,2026-03-11,수,하차,8018,240,1188,,676,677
224,냉정,2026-03-12,목,승차,8329,481,702,,620,621
224,냉정,2026-03-12,목,하차,7910,211,1042,,617,618
224,냉정,2026-03-13,금,승차,7588,461,715,,530,531
224,냉정,2026-03-13,금,하차,6679,218,782,,659,660
224,냉정,2026-03-14,토,승차,5206,194,323,,283,284
224,냉정,2026-03-14,토,하차,4375,138,312,,297,298
224,냉정,2026-03-15,일,승차,3630,105,195,,204,205
224,냉정,2026-03-15,일,하차,3468,58,73,,281,282
224,냉정,2026-03-16,월,승차,7962,497,681,,718,719
224,냉정,2026-03-16,월,하차,7788,239,932,,696,697
224,냉정,2026-03-17,화,승차,8522,487,717,,694,695
224,냉정,2026-03-17,화,하차,8121,225,990,,629,630
224,냉정,2026-03-18,수,승차,8044,455,706,,843,844
224,냉정,2026-03-18,수,하차,7706,229,1127,,684,685
224,냉정,2026-03-19,목,승차,8367,486,722,,655,656
224,냉정,2026-03-19,목,하차,7883,235,996,,655,656
224,냉정,2026-03-20,금,승차,7357,443,721,,571,572
224,냉정,2026-03-20,금,하차,6669,202,766,,597,598
224,냉정,2026-03-21,토,승차,5509,199,338,,295,296
224,냉정,2026-03-21,토,하차,4453,131,405,,278,279
224,냉정,2026-03-22,일,승차,3555,130,215,,178,179
224,냉정,2026-03-22,일,하차,3404,48,94,,276,277
224,냉정,2026-03-23,월,승차,7926,477,680,,768,769
224,냉정,2026-03-23,월,하차,7751,218,900,,710,711
224,냉정,2026-03-24,화,승차,8462,462,698,,662,663
224,냉정,2026-03-24,화,하차,8105,221,1028,,675,676
224,냉정,2026-03-25,수,승차,8198,452,698,,747,748
224,냉정,2026-03-25,수,하차,7835,200,1061,,618,619
224,냉정,2026-03-26,목,승차,8729,465,673,,728,729
224,냉정,2026-03-26,목,하차,8294,216,1013,,746,747
224,냉정,2026-03-27,금,승차,7425,460,689,,586,587
224,냉정,2026-03-27,금,하차,6686,209,782,,632,633
224,냉정,2026-03-28,토,승차,5807,199,389,,338,339
224,냉정,2026-03-28,토,하차,4747,117,305,,298,299
224,냉정,2026-03-29,일,승차,4100,92,235,,248,249
224,냉정,2026-03-29,일,하차,3878,54,81,,277,278
224,냉정,2026-03-30,월,승차,7827,500,674,,650,651
224,냉정,2026-03-30,월,하차,7775,225,992,,630,631
224,냉정,2026-03-31,화,승차,8597,462,655,,641,642
224,냉정,2026-03-31,화,하차,8168,198,1073,,646,647
224,냉정,2026-04-01,수,승차,8744,478,699,,750,751
224,냉정,2026-04-01,수,하차,8259,232,1245,,635,636
224,냉정,2026-04-02,목,승차,8905,486,702,,734,735
224,냉정,2026-04-02,목,하차,8316,244,1035,,688,689
224,냉정,2026-04-03,금,승차,8022,467,690,,636,637
224,냉정,2026-04-03,금,하차,7157,243,918,,616,617
224,냉정,2026-04-04,토,승차,5029,160,284,,368,369
224,냉정,2026-04-04,토,하차,4145,95,244,,290,291
224,냉정,2026-04-05,일,승차,4861,150,262,,249,250
224,냉정,2026-04-05,일,하차,4264,61,86,,333,334
224,냉정,2026-04-06,월,승차,7753,486,652,,638,639
224,냉정,2026-04-06,월,하차,7681,238,959,,680,681
224,냉정,2026-04-07,화,승차,8598,466,700,,725,726
224,냉정,2026-04-07,화,하차,8315,224,1059,,719,720
224,냉정,2026-04-08,수,승차,8690,490,720,,699,700
224,냉정,2026-04-08,수,하차,8265,244,1117,,689,690
224,냉정,2026-04-09,목,승차,7455,456,644,,502,503
224,냉정,2026-04-09,목,하차,7042,213,980,,601,602
224,냉정,2026-04-10,금,승차,7490,469,653,,553,554
224,냉정,2026-04-10,금,하차,6707,257,808,,623,624
224,냉정,2026-04-11,토,승차,5356,201,363,,251,252
224,냉정,2026-04-11,토,하차,4529,150,332,,347,348
224,냉정,2026-04-12,일,승차,3648,141,268,,173,174
224,냉정,2026-04-12,일,하차,3490,51,73,,264,265
224,냉정,2026-04-13,월,승차,7852,523,674,,659,660
224,냉정,2026-04-13,월,하차,7592,239,916,,698,699
224,냉정,2026-04-14,화,승차,8149,503,674,,598,599
224,냉정,2026-04-14,화,하차,7930,262,948,,695,696
224,냉정,2026-04-15,수,승차,8292,492,659,,682,683
224,냉정,2026-04-15,수,하차,8022,252,1082,,679,680
224,냉정,2026-04-16,목,승차,8134,491,666,,588,589
224,냉정,2026-04-16,목,하차,7761,225,1000,,652,653
224,냉정,2026-04-17,금,승차,6879,457,703,,481,482
224,냉정,2026-04-17,금,하차,6213,246,796,,555,556
224,냉정,2026-04-18,토,승차,4898,194,357,,246,247
224,냉정,2026-04-18,토,하차,4195,107,291,,300,301
224,냉정,2026-04-19,일,승차,3617,111,240,,159,160
224,냉정,2026-04-19,일,하차,3378,41,84,,286,287
224,냉정,2026-04-20,월,승차,7640,502,674,,549,550
224,냉정,2026-04-20,월,하차,7413,284,923,,644,645
224,냉정,2026-04-21,화,승차,8258,487,674,,556,557
224,냉정,2026-04-21,화,하차,7782,282,1064,,683,684
224,냉정,2026-04-22,수,승차,8050,469,704,,527,528
224,냉정,2026-04-22,수,하차,7646,250,1020,,646,647
224,냉정,2026-04-23,목,승차,7885,468,687,,499,500
224,냉정,2026-04-23,목,하차,7274,227,921,,585,586
224,냉정,2026-04-24,금,승차,7377,446,671,,522,523
224,냉정,2026-04-24,금,하차,6464,244,770,,537,538
224,냉정,2026-04-25,토,승차,5163,240,364,,276,277
224,냉정,2026-04-25,토,하차,4387,109,278,,329,330
224,냉정,2026-04-26,일,승차,3613,146,228,,208,209
224,냉정,2026-04-26,일,하차,3329,50,73,,274,275
224,냉정,2026-04-27,월,승차,7912,498,668,,632,633
224,냉정,2026-04-27,월,하차,7519,222,867,,666,667
224,냉정,2026-04-28,화,승차,8385,495,716,,662,663
224,냉정,2026-04-28,화,하차,8055,203,1011,,652,653
224,냉정,2026-04-29,수,승차,8305,469,684,,722,723
224,냉정,2026-04-29,수,하차,7835,215,1099,,677,678
224,냉정,2026-04-30,목,승차,9022,473,678,,741,742
224,냉정,2026-04-30,목,하차,8046,238,1038,,615,616
224,냉정,2026-05-01,금,승차,4539,154,249,,248,249
224,냉정,2026-05-01,금,하차,3695,69,99,,259,260
224,냉정,2026-05-02,토,승차,4875,188,350,,278,279
224,냉정,2026-05-02,토,하차,4103,101,240,,281,282
224,냉정,2026-05-03,일,승차,3012,96,185,,169,170
224,냉정,2026-05-03,일,하차,2837,48,53,,198,199
224,냉정,2026-05-04,월,승차,7723,448,573,,649,650
224,냉정,2026-05-04,월,하차,7030,199,772,,569,570
224,냉정,2026-05-05,화,승차,4152,151,241,,222,223
224,냉정,2026-05-05,화,하차,3866,58,104,,339,340
224,냉정,2026-05-06,수,승차,8363,511,677,,693,694
224,냉정,2026-05-06,수,하차,7951,251,1035,,678,679
224,냉정,2026-05-07,목,승차,8354,500,689,,613,614
224,냉정,2026-05-07,목,하차,7678,237,978,,671,672
224,냉정,2026-05-08,금,승차,7610,494,711,,599,600
224,냉정,2026-05-08,금,하차,6635,240,825,,614,615
224,냉정,2026-05-09,토,승차,5022,201,326,,292,293
224,냉정,2026-05-09,토,하차,4400,125,306,,342,343
224,냉정,2026-05-10,일,승차,3754,131,216,,171,172
224,냉정,2026-05-10,일,하차,3559,62,69,,262,263
224,냉정,2026-05-11,월,승차,8025,519,697,,693,694
224,냉정,2026-05-11,월,하차,7701,234,952,,722,723
224,냉정,2026-05-12,화,승차,8059,484,681,,679,680
224,냉정,2026-05-12,화,하차,7710,243,948,,644,645
224,냉정,2026-05-13,수,승차,8448,500,690,,659,660
224,냉정,2026-05-13,수,하차,8006,254,1089,,710,711
224,냉정,2026-05-14,목,승차,7877,511,724,,560,561
224,냉정,2026-05-14,목,하차,7362,239,1015,,647,648
224,냉정,2026-05-15,금,승차,7526,520,698,,561,562
224,냉정,2026-05-15,금,하차,6659,241,806,,618,619
224,냉정,2026-05-16,토,승차,5491,222,351,,312,313
224,냉정,2026-05-16,토,하차,4576,115,343,,323,324
224,냉정,2026-05-17,일,승차,3756,138,262,,160,161
224,냉정,2026-05-17,일,하차,3489,39,72,,269,270
224,냉정,2026-05-18,월,승차,7914,612,683,,712,713
224,냉정,2026-05-18,월,하차,7617,242,911,,685,686
224,냉정,2026-05-19,화,승차,8235,551,680,,735,736
224,냉정,2026-05-19,화,하차,7807,243,897,,689,690
224,냉정,2026-05-20,수,승차,7517,502,634,,582,583
224,냉정,2026-05-20,수,하차,7240,278,868,,682,683
224,냉정,2026-05-21,목,승차,7918,475,701,,585,586
224,냉정,2026-05-21,목,하차,7430,229,963,,647,648
224,냉정,2026-05-22,금,승차,7760,483,740,,536,537
224,냉정,2026-05-22,금,하차,6786,251,869,,594,595
224,냉정,2026-05-23,토,승차,5242,219,383,,279,280
224,냉정,2026-05-23,토,하차,4262,108,291,,325,326
224,냉정,2026-05-24,일,승차,3854,151,250,,213,214
224,냉정,2026-05-24,일,하차,3349,51,94,,220,221
224,냉정,2026-05-25,월,승차,4047,175,261,,177,178
224,냉정,2026-05-25,월,하차,3801,83,130,,328,329
224,냉정,2026-05-26,화,승차,8110,515,679,,660,661
224,냉정,2026-05-26,화,하차,7825,223,915,,667,668
224,냉정,2026-05-27,수,승차,8285,465,659,,642,643
224,냉정,2026-05-27,수,하차,7861,225,979,,785,786
224,냉정,2026-05-28,목,승차,6014,485,722,,399,400
224,냉정,2026-05-28,목,하차,5350,192,428,,616,617
224,냉정,2026-05-29,금,승차,7301,473,688,,528,529
224,냉정,2026-05-29,금,하차,6504,220,703,,558,559
224,냉정,2026-05-30,토,승차,5111,235,376,,316,317
224,냉정,2026-05-30,토,하차,4257,114,284,,269,270
224,냉정,2026-05-31,일,승차,3403,119,242,,191,192
224,냉정,2026-05-31,일,하차,3230,45,78,,244,245
224,냉정,2026-06-01,월,승차,7722,508,663,,668,669
224,냉정,2026-06-01,월,하차,7481,228,904,,683,684
224,냉정,2026-06-02,화,승차,7910,446,657,,662,663
224,냉정,2026-06-02,화,하차,7350,241,980,,555,556
224,냉정,2026-06-03,수,승차,4340,168,250,,222,223
224,냉정,2026-06-03,수,하차,3868,98,164,,254,255
224,냉정,2026-06-04,목,승차,8149,559,673,,594,595
224,냉정,2026-06-04,목,하차,7562,240,1018,,644,645
224,냉정,2026-06-05,금,승차,7406,479,670,,551,552
224,냉정,2026-06-05,금,하차,6522,264,777,,539,540
224,냉정,2026-06-06,토,승차,4364,175,259,,226,227
224,냉정,2026-06-06,토,하차,3600,71,145,,273,274
224,냉정,2026-06-07,일,승차,3306,118,204,,150,151
224,냉정,2026-06-07,일,하차,3146,47,67,,195,196
224,냉정,2026-06-08,월,승차,7360,478,663,,568,569
224,냉정,2026-06-08,월,하차,7223,202,890,,684,685
224,냉정,2026-06-09,화,승차,7862,530,712,,505,506
224,냉정,2026-06-09,화,하차,7528,248,905,,628,629
224,냉정,2026-06-10,수,승차,7807,493,702,,652,653
224,냉정,2026-06-10,수,하차,7315,234,974,,647,648
224,냉정,2026-06-11,목,승차,7685,491,689,,552,553
224,냉정,2026-06-11,목,하차,7135,221,938,,654,655
224,냉정,2026-06-12,금,승차,6920,480,751,,524,525
224,냉정,2026-06-12,금,하차,6209,226,717,,634,635
224,냉정,2026-06-13,토,승차,5134,221,360,,301,302
224,냉정,2026-06-13,토,하차,4455,156,283,,280,281
224,냉정,2026-06-14,일,승차,3495,127,209,,172,173
224,냉정,2026-06-14,일,하차,3381,63,74,,271,272
224,냉정,2026-06-15,월,승차,7335,503,690,,528,529
224,냉정,2026-06-15,월,하차,7111,253,792,,644,645
224,냉정,2026-06-16,화,승차,8010,505,676,,495,496
224,냉정,2026-06-16,화,하차,7560,256,926,,624,625
224,냉정,2026-06-17,수,승차,7976,516,704,,578,579
224,냉정,2026-06-17,수,하차,7516,252,922,,571,572
224,냉정,2026-06-18,목,승차,7907,471,677,,523,524
224,냉정,2026-06-18,목,하차,7258,244,865,,599,600
224,냉정,2026-06-19,금,승차,6730,474,668,,473,474
224,냉정,2026-06-19,금,하차,6109,226,655,,599,600
224,냉정,2026-06-20,토,승차,4433,175,293,,246,247
224,냉정,2026-06-20,토,하차,3567,70,166,,256,257
224,냉정,2026-06-21,일,승차,3493,131,216,,176,177
224,냉정,2026-06-21,일,하차,3105,41,84,,231,232
224,냉정,2026-06-22,월,승차,7033,492,648,,510,511
224,냉정,2026-06-22,월,하차,6640,244,824,,663,664
224,냉정,2026-06-23,화,승차,6121,526,660,,385,386
224,냉정,2026-06-23,화,하차,5685,232,721,,604,605
224,냉정,2026-06-24,수,승차,5781,507,653,,399,400
224,냉정,2026-06-24,수,하차,5277,211,652,,605,606
224,냉정,2026-06-25,목,승차,5942,505,668,,499,500
224,냉정,2026-06-25,목,하차,5495,203,709,,577,578
224,냉정,2026-06-26,금,승차,6039,478,654,,459,460
224,냉정,2026-06-26,금,하차,5349,204,708,,552,553
224,냉정,2026-06-27,토,승차,4560,205,369,,232,233
224,냉정,2026-06-27,토,하차,3848,106,169,,236,237
224,냉정,2026-06-28,일,승차,3477,116,219,,159,160
224,냉정,2026-06-28,일,하차,3075,48,72,,246,247
224,냉정,2026-06-29,월,승차,5836,501,632,,433,434
224,냉정,2026-06-29,월,하차,5409,214,717,,602,603
224,냉정,2026-06-30,화,승차,5690,512,675,,373,374
224,냉정,2026-06-30,화,하차,5261,191,638,,581,582
225,주례,2026-01-01,목,승차,3128,102,147,,155,156
225,주례,2026-01-01,목,하차,2828,63,149,,190,191
225,주례,2026-01-02,금,승차,6993,505,689,,694,695
225,주례,2026-01-02,금,하차,6251,335,510,,675,676
225,주례,2026-01-03,토,승차,5336,187,323,,331,332
225,주례,2026-01-03,토,하차,4559,103,210,,296,297
225,주례,2026-01-04,일,승차,3714,97,182,,273,274
225,주례,2026-01-04,일,하차,3448,82,107,,250,251
225,주례,2026-01-05,월,승차,7714,632,802,,673,674
225,주례,2026-01-05,월,하차,6860,426,623,,677,678
225,주례,2026-01-06,화,승차,7767,625,860,,657,658
225,주례,2026-01-06,화,하차,6829,431,590,,709,710
225,주례,2026-01-07,수,승차,7909,633,793,,716,717
225,주례,2026-01-07,수,하차,6916,424,605,,744,745
225,주례,2026-01-08,목,승차,7495,602,844,,672,673
225,주례,2026-01-08,목,하차,6642,439,592,,669,670
225,주례,2026-01-09,금,승차,8348,623,813,,843,844
225,주례,2026-01-09,금,하차,7170,410,648,,724,725
225,주례,2026-01-10,토,승차,5896,222,379,,355,356
225,주례,2026-01-10,토,하차,4897,128,237,,348,349
225,주례,2026-01-11,일,승차,3724,114,197,,274,275
225,주례,2026-01-11,일,하차,3398,58,128,,286,287
225,주례,2026-01-12,월,승차,7509,577,841,,681,682
225,주례,2026-01-12,월,하차,6761,400,602,,730,731
225,주례,2026-01-13,화,승차,7890,622,897,,677,678
225,주례,2026-01-13,화,하차,6992,430,587,,758,759
225,주례,2026-01-14,수,승차,7921,608,826,,713,714
225,주례,2026-01-14,수,하차,6976,417,594,,726,727
225,주례,2026-01-15,목,승차,7828,600,834,,684,685
225,주례,2026-01-15,목,하차,6759,414,574,,724,725
225,주례,2026-01-16,금,승차,8263,569,835,,820,821
225,주례,2026-01-16,금,하차,7201,418,600,,742,743
225,주례,2026-01-17,토,승차,6100,237,339,,356,357
225,주례,2026-01-17,토,하차,4917,102,226,,341,342
225,주례,2026-01-18,일,승차,4171,137,194,,269,270
225,주례,2026-01-18,일,하차,3710,71,130,,264,265
225,주례,2026-01-19,월,승차,7727,638,837,,721,722
225,주례,2026-01-19,월,하차,6912,444,613,,740,741
225,주례,2026-01-20,화,승차,7897,602,863,,666,667
225,주례,2026-01-20,화,하차,6979,447,664,,722,723
225,주례,2026-01-21,수,승차,7457,594,864,,707,708
225,주례,2026-01-21,수,하차,6620,419,632,,722,723
225,주례,2026-01-22,목,승차,6989,575,832,,673,674
225,주례,2026-01-22,목,하차,6221,431,539,,708,709
225,주례,2026-01-23,금,승차,8327,593,840,,875,876
225,주례,2026-01-23,금,하차,7223,447,629,,724,725
225,주례,2026-01-24,토,승차,5865,199,333,,377,378
225,주례,2026-01-24,토,하차,4865,130,217,,349,350
225,주례,2026-01-25,일,승차,3827,98,188,,259,260
225,주례,2026-01-25,일,하차,3570,74,125,,218,219
225,주례,2026-01-26,월,승차,7745,604,831,,669,670
225,주례,2026-01-26,월,하차,6842,415,625,,731,732
225,주례,2026-01-27,화,승차,7639,578,867,,666,667
225,주례,2026-01-27,화,하차,6895,417,608,,699,700
225,주례,2026-01-28,수,승차,7856,598,852,,738,739
225,주례,2026-01-28,수,하차,6967,440,583,,756,757
225,주례,2026-01-29,목,승차,7579,568,858,,687,688
225,주례,2026-01-29,목,하차,6670,421,571,,735,736
225,주례,2026-01-30,금,승차,7978,569,852,,758,759
225,주례,2026-01-30,금,하차,6987,400,650,,739,740
225,주례,2026-01-31,토,승차,5714,197,345,,325,326
225,주례,2026-01-31,토,하차,4821,104,236,,348,349
225,주례,2026-02-01,일,승차,3901,97,205,,257,258
225,주례,2026-02-01,일,하차,3555,93,111,,235,236
225,주례,2026-02-02,월,승차,7709,630,894,,667,668
225,주례,2026-02-02,월,하차,6963,434,608,,724,725
225,주례,2026-02-03,화,승차,7820,622,884,,660,661
225,주례,2026-02-03,화,하차,7020,429,639,,747,748
225,주례,2026-02-04,수,승차,7831,622,909,,685,686
225,주례,2026-02-04,수,하차,7085,431,628,,751,752
225,주례,2026-02-05,목,승차,7876,594,916,,680,681
225,주례,2026-02-05,목,하차,6958,426,610,,730,731
225,주례,2026-02-06,금,승차,8527,623,874,,819,820
225,주례,2026-02-06,금,하차,7288,428,629,,732,733
225,주례,2026-02-07,토,승차,6072,205,348,,333,334
225,주례,2026-02-07,토,하차,5130,133,268,,333,334
225,주례,2026-02-08,일,승차,3836,130,192,,261,262
225,주례,2026-02-08,일,하차,3389,51,123,,208,209
225,주례,2026-02-09,월,승차,7593,628,838,,665,666
225,주례,2026-02-09,월,하차,6785,404,595,,706,707
225,주례,2026-02-10,화,승차,7721,598,927,,648,649
225,주례,2026-02-10,화,하차,6891,428,635,,691,692
225,주례,2026-02-11,수,승차,8102,631,905,,759,760
225,주례,2026-02-11,수,하차,7084,432,636,,765,766
225,주례,2026-02-12,목,승차,7981,615,876,,645,646
225,주례,2026-02-12,목,하차,6948,453,614,,671,672
225,주례,2026-02-13,금,승차,8903,613,867,,816,817
225,주례,2026-02-13,금,하차,7618,411,653,,686,687
225,주례,2026-02-14,토,승차,5998,201,343,,407,408
225,주례,2026-02-14,토,하차,4942,113,228,,381,382
225,주례,2026-02-15,일,승차,4280,103,194,,353,354
225,주례,2026-02-15,일,하차,3622,55,134,,238,239
225,주례,2026-02-16,월,승차,3157,89,141,,193,194
225,주례,2026-02-16,월,하차,2660,47,71,,210,211
225,주례,2026-02-17,화,승차,2747,79,113,,212,213
225,주례,2026-02-17,화,하차,2340,52,83,,184,185
225,주례,2026-02-18,수,승차,3273,81,139,,160,161
225,주례,2026-02-18,수,하차,2878,52,61,,232,233
225,주례,2026-02-19,목,승차,7535,559,804,,613,614
225,주례,2026-02-19,목,하차,6727,356,601,,681,682
225,주례,2026-02-20,금,승차,8075,580,839,,748,749
225,주례,2026-02-20,금,하차,7128,398,627,,697,698
225,주례,2026-02-21,토,승차,5943,278,424,,263,264
225,주례,2026-02-21,토,하차,5052,151,209,,399,400
225,주례,2026-02-22,일,승차,3973,117,206,,206,207
225,주례,2026-02-22,일,하차,3468,70,89,,310,311
225,주례,2026-02-23,월,승차,7987,635,812,,735,736
225,주례,2026-02-23,월,하차,7269,435,671,,732,733
225,주례,2026-02-24,화,승차,7103,613,871,,624,625
225,주례,2026-02-24,화,하차,6539,416,626,,712,713
225,주례,2026-02-25,수,승차,8478,592,844,,750,751
225,주례,2026-02-25,수,하차,7369,415,663,,775,776
225,주례,2026-02-26,목,승차,7959,608,895,,688,689
225,주례,2026-02-26,목,하차,7041,416,614,,743,744
225,주례,2026-02-27,금,승차,8051,582,784,,860,861
225,주례,2026-02-27,금,하차,7000,374,592,,722,723
225,주례,2026-02-28,토,승차,6361,219,401,,349,350
225,주례,2026-02-28,토,하차,5371,119,235,,383,384
225,주례,2026-03-01,일,승차,4609,128,240,,359,360
225,주례,2026-03-01,일,하차,4071,93,125,,312,313
225,주례,2026-03-02,월,승차,3882,159,224,,238,239
225,주례,2026-03-02,월,하차,3670,117,163,,269,270
225,주례,2026-03-03,화,승차,8712,726,1017,,729,730
225,주례,2026-03-03,화,하차,7837,459,703,,794,795
225,주례,2026-03-04,수,승차,8763,746,916,,768,769
225,주례,2026-03-04,수,하차,7728,444,650,,789,790
225,주례,2026-03-05,목,승차,8730,751,1023,,710,711
225,주례,2026-03-05,목,하차,7587,454,655,,777,778
225,주례,2026-03-06,금,승차,8844,702,943,,851,852
225,주례,2026-03-06,금,하차,7688,441,671,,792,793
225,주례,2026-03-07,토,승차,6407,233,434,,378,379
225,주례,2026-03-07,토,하차,5495,146,289,,444,445
225,주례,2026-03-08,일,승차,4379,142,249,,317,318
225,주례,2026-03-08,일,하차,4009,56,137,,283,284
225,주례,2026-03-09,월,승차,8471,757,946,,699,700
225,주례,2026-03-09,월,하차,7544,429,662,,824,825
225,주례,2026-03-10,화,승차,8826,749,997,,730,731
225,주례,2026-03-10,화,하차,7626,469,668,,784,785
225,주례,2026-03-11,수,승차,8840,753,997,,746,747
225,주례,2026-03-11,수,하차,7737,467,673,,813,814
225,주례,2026-03-12,목,승차,8687,727,922,,733,734
225,주례,2026-03-12,목,하차,7603,463,654,,823,824
225,주례,2026-03-13,금,승차,9111,683,963,,901,902
225,주례,2026-03-13,금,하차,7821,456,683,,816,817
225,주례,2026-03-14,토,승차,6652,228,436,,397,398
225,주례,2026-03-14,토,하차,5580,164,248,,400,401
225,주례,2026-03-15,일,승차,4467,139,215,,301,302
225,주례,2026-03-15,일,하차,4145,88,131,,307,308
225,주례,2026-03-16,월,승차,8312,744,921,,658,659
225,주례,2026-03-16,월,하차,7443,467,674,,771,772
225,주례,2026-03-17,화,승차,8796,758,957,,755,756
225,주례,2026-03-17,화,하차,7570,483,673,,771,772
225,주례,2026-03-18,수,승차,8032,703,948,,772,773
225,주례,2026-03-18,수,하차,7023,440,667,,732,733
225,주례,2026-03-19,목,승차,8913,761,988,,791,792
225,주례,2026-03-19,목,하차,7634,466,686,,800,801
225,주례,2026-03-20,금,승차,9255,699,945,,849,850
225,주례,2026-03-20,금,하차,8031,449,663,,767,768
225,주례,2026-03-21,토,승차,6722,245,427,,409,410
225,주례,2026-03-21,토,하차,5681,126,257,,422,423
225,주례,2026-03-22,일,승차,4707,175,221,,324,325
225,주례,2026-03-22,일,하차,4233,79,132,,299,300
225,주례,2026-03-23,월,승차,8579,752,986,,681,682
225,주례,2026-03-23,월,하차,7647,450,694,,798,799
225,주례,2026-03-24,화,승차,8568,759,991,,764,765
225,주례,2026-03-24,화,하차,7571,466,689,,812,813
225,주례,2026-03-25,수,승차,8703,738,953,,751,752
225,주례,2026-03-25,수,하차,7563,449,678,,741,742
225,주례,2026-03-26,목,승차,8954,769,989,,802,803
225,주례,2026-03-26,목,하차,7661,462,651,,787,788
225,주례,2026-03-27,금,승차,9357,778,934,,850,851
225,주례,2026-03-27,금,하차,7969,486,665,,757,758
225,주례,2026-03-28,토,승차,6907,280,446,,399,400
225,주례,2026-03-28,토,하차,5782,154,255,,451,452
225,주례,2026-03-29,일,승차,4644,145,251,,319,320
225,주례,2026-03-29,일,하차,4347,67,146,,343,344
225,주례,2026-03-30,월,승차,8349,802,921,,693,694
225,주례,2026-03-30,월,하차,7416,450,698,,773,774
225,주례,2026-03-31,화,승차,8594,774,934,,754,755
225,주례,2026-03-31,화,하차,7526,496,687,,802,803
225,주례,2026-04-01,수,승차,8858,764,1024,,808,809
225,주례,2026-04-01,수,하차,7775,485,721,,776,777
225,주례,2026-04-02,목,승차,9012,798,1073,,772,773
225,주례,2026-04-02,목,하차,7797,481,673,,752,753
225,주례,2026-04-03,금,승차,9537,708,991,,807,808
225,주례,2026-04-03,금,하차,8072,472,683,,793,794
225,주례,2026-04-04,토,승차,5582,185,349,,350,351
225,주례,2026-04-04,토,하차,4724,126,222,,360,361
225,주례,2026-04-05,일,승차,4957,249,273,,319,320
225,주례,2026-04-05,일,하차,4608,111,148,,356,357
225,주례,2026-04-06,월,승차,8364,738,1006,,695,696
225,주례,2026-04-06,월,하차,7383,452,724,,760,761
225,주례,2026-04-07,화,승차,8990,768,1009,,762,763
225,주례,2026-04-07,화,하차,7897,486,695,,832,833
225,주례,2026-04-08,수,승차,9265,782,1021,,824,825
225,주례,2026-04-08,수,하차,7948,490,728,,797,798
225,주례,2026-04-09,목,승차,7758,736,991,,723,724
225,주례,2026-04-09,목,하차,6809,496,640,,732,733
225,주례,2026-04-10,금,승차,9428,684,993,,875,876
225,주례,2026-04-10,금,하차,8121,461,720,,835,836
225,주례,2026-04-11,토,승차,6687,247,487,,409,410
225,주례,2026-04-11,토,하차,5784,159,314,,423,424
225,주례,2026-04-12,일,승차,4486,177,306,,352,353
225,주례,2026-04-12,일,하차,4140,84,156,,305,306
225,주례,2026-04-13,월,승차,8731,768,980,,723,724
225,주례,2026-04-13,월,하차,7753,518,700,,843,844
225,주례,2026-04-14,화,승차,8703,734,983,,747,748
225,주례,2026-04-14,화,하차,7671,505,698,,800,801
225,주례,2026-04-15,수,승차,9006,761,1021,,829,830
225,주례,2026-04-15,수,하차,7813,547,684,,799,800
225,주례,2026-04-16,목,승차,8974,728,1008,,813,814
225,주례,2026-04-16,목,하차,7738,514,671,,772,773
225,주례,2026-04-17,금,승차,8820,728,995,,757,758
225,주례,2026-04-17,금,하차,7610,472,692,,739,740
225,주례,2026-04-18,토,승차,6500,260,417,,381,382
225,주례,2026-04-18,토,하차,5499,140,291,,363,364
225,주례,2026-04-19,일,승차,4507,152,274,,303,304
225,주례,2026-04-19,일,하차,4110,107,159,,336,337
225,주례,2026-04-20,월,승차,8662,753,956,,738,739
225,주례,2026-04-20,월,하차,7804,534,678,,743,744
225,주례,2026-04-21,화,승차,8788,743,1020,,681,682
225,주례,2026-04-21,화,하차,7725,552,732,,773,774
225,주례,2026-04-22,수,승차,8546,755,984,,686,687
225,주례,2026-04-22,수,하차,7536,498,741,,718,719
225,주례,2026-04-23,목,승차,8663,714,992,,748,749
225,주례,2026-04-23,목,하차,7461,529,643,,735,736
225,주례,2026-04-24,금,승차,9482,768,938,,829,830
225,주례,2026-04-24,금,하차,8071,507,697,,771,772
225,주례,2026-04-25,토,승차,6789,257,501,,409,410
225,주례,2026-04-25,토,하차,5691,130,282,,379,380
225,주례,2026-04-26,일,승차,4460,152,255,,317,318
225,주례,2026-04-26,일,하차,4177,107,159,,309,310
225,주례,2026-04-27,월,승차,8695,767,1002,,700,701
225,주례,2026-04-27,월,하차,7889,525,730,,798,799
225,주례,2026-04-28,화,승차,9089,741,1079,,753,754
225,주례,2026-04-28,화,하차,7838,484,702,,795,796
225,주례,2026-04-29,수,승차,9124,727,1010,,859,860
225,주례,2026-04-29,수,하차,7923,510,651,,800,801
225,주례,2026-04-30,목,승차,9438,720,997,,793,794
225,주례,2026-04-30,목,하차,7802,509,645,,734,735
225,주례,2026-05-01,금,승차,5872,188,386,,407,408
225,주례,2026-05-01,금,하차,4852,99,185,,322,323
225,주례,2026-05-02,토,승차,6218,225,396,,353,354
225,주례,2026-05-02,토,하차,5280,123,233,,364,365
225,주례,2026-05-03,일,승차,3545,134,164,,285,286
225,주례,2026-05-03,일,하차,3388,72,121,,273,274
225,주례,2026-05-04,월,승차,8577,597,877,,723,724
225,주례,2026-05-04,월,하차,7473,423,592,,755,756
225,주례,2026-05-05,화,승차,4941,189,275,,213,214
225,주례,2026-05-05,화,하차,4401,132,151,,328,329
225,주례,2026-05-06,수,승차,9099,770,1024,,839,840
225,주례,2026-05-06,수,하차,8104,557,727,,790,791
225,주례,2026-05-07,목,승차,8970,778,1054,,785,786
225,주례,2026-05-07,목,하차,7743,524,662,,812,813
225,주례,2026-05-08,금,승차,9534,734,1070,,850,851
225,주례,2026-05-08,금,하차,8183,484,697,,797,798
225,주례,2026-05-09,토,승차,6676,281,419,,378,379
225,주례,2026-05-09,토,하차,5614,177,274,,422,423
225,주례,2026-05-10,일,승차,4712,184,253,,335,336
225,주례,2026-05-10,일,하차,4421,74,159,,311,312
225,주례,2026-05-11,월,승차,8802,767,1005,,733,734
225,주례,2026-05-11,월,하차,7941,514,697,,836,837
225,주례,2026-05-12,화,승차,8741,703,1028,,714,715
225,주례,2026-05-12,화,하차,7655,507,666,,767,768
225,주례,2026-05-13,수,승차,9124,765,1026,,789,790
225,주례,2026-05-13,수,하차,7923,493,675,,807,808
225,주례,2026-05-14,목,승차,8824,745,1027,,748,749
225,주례,2026-05-14,목,하차,7646,499,677,,793,794
225,주례,2026-05-15,금,승차,9323,742,996,,857,858
225,주례,2026-05-15,금,하차,7928,480,705,,776,777
225,주례,2026-05-16,토,승차,7004,284,478,,435,436
225,주례,2026-05-16,토,하차,5740,155,298,,394,395
225,주례,2026-05-17,일,승차,4773,177,346,,274,275
225,주례,2026-05-17,일,하차,4418,102,155,,313,314
225,주례,2026-05-18,월,승차,8815,805,992,,754,755
225,주례,2026-05-18,월,하차,7852,475,698,,832,833
225,주례,2026-05-19,화,승차,8933,775,1045,,784,785
225,주례,2026-05-19,화,하차,7754,481,662,,814,815
225,주례,2026-05-20,수,승차,7993,740,1045,,713,714
225,주례,2026-05-20,수,하차,7138,473,669,,757,758
225,주례,2026-05-21,목,승차,8658,734,999,,741,742
225,주례,2026-05-21,목,하차,7512,452,679,,740,741
225,주례,2026-05-22,금,승차,9620,742,973,,828,829
225,주례,2026-05-22,금,하차,8297,480,761,,789,790
225,주례,2026-05-23,토,승차,6593,250,453,,371,372
225,주례,2026-05-23,토,하차,5376,133,285,,385,386
225,주례,2026-05-24,일,승차,4949,166,331,,374,375
225,주례,2026-05-24,일,하차,4319,81,161,,302,303
225,주례,2026-05-25,월,승차,4984,216,303,,234,235
225,주례,2026-05-25,월,하차,4546,173,153,,362,363
225,주례,2026-05-26,화,승차,8638,752,976,,761,762
225,주례,2026-05-26,화,하차,7709,503,709,,798,799
225,주례,2026-05-27,수,승차,8096,685,949,,679,680
225,주례,2026-05-27,수,하차,7107,458,642,,742,743
225,주례,2026-05-28,목,승차,8888,772,993,,759,760
225,주례,2026-05-28,목,하차,7691,474,630,,765,766
225,주례,2026-05-29,금,승차,9168,691,972,,885,886
225,주례,2026-05-29,금,하차,8026,492,670,,783,784
225,주례,2026-05-30,토,승차,6538,262,498,,353,354
225,주례,2026-05-30,토,하차,5345,143,310,,379,380
225,주례,2026-05-31,일,승차,4425,154,275,,355,356
225,주례,2026-05-31,일,하차,4096,85,150,,272,273
225,주례,2026-06-01,월,승차,8504,783,954,,703,704
225,주례,2026-06-01,월,하차,7562,511,689,,797,798
225,주례,2026-06-02,화,승차,8089,672,955,,700,701
225,주례,2026-06-02,화,하차,6912,437,620,,726,727
225,주례,2026-06-03,수,승차,5322,244,335,,261,262
225,주례,2026-06-03,수,하차,4796,157,171,,343,344
225,주례,2026-06-04,목,승차,8495,705,968,,718,719
225,주례,2026-06-04,목,하차,7411,499,650,,777,778
225,주례,2026-06-05,금,승차,9311,696,956,,873,874
225,주례,2026-06-05,금,하차,7948,460,706,,736,737
225,주례,2026-06-06,토,승차,5597,202,336,,314,315
225,주례,2026-06-06,토,하차,4730,117,189,,355,356
225,주례,2026-06-07,일,승차,4208,194,225,,271,272
225,주례,2026-06-07,일,하차,3853,88,142,,247,248
225,주례,2026-06-08,월,승차,8237,718,1014,,681,682
225,주례,2026-06-08,월,하차,7359,435,688,,832,833
225,주례,2026-06-09,화,승차,8760,727,1014,,713,714
225,주례,2026-06-09,화,하차,7628,472,678,,772,773
225,주례,2026-06-10,수,승차,8893,760,997,,771,772
225,주례,2026-06-10,수,하차,7788,491,657,,790,791
225,주례,2026-06-11,목,승차,8561,785,941,,704,705
225,주례,2026-06-11,목,하차,7444,466,669,,779,780
225,주례,2026-06-12,금,승차,9019,735,948,,778,779
225,주례,2026-06-12,금,하차,7843,473,717,,810,811
225,주례,2026-06-13,토,승차,6813,250,484,,419,420
225,주례,2026-06-13,토,하차,5765,140,311,,455,456
225,주례,2026-06-14,일,승차,4341,137,220,,268,269
225,주례,2026-06-14,일,하차,4059,70,125,,284,285
225,주례,2026-06-15,월,승차,8438,803,981,,669,670
225,주례,2026-06-15,월,하차,7542,487,714,,803,804
225,주례,2026-06-16,화,승차,8506,774,959,,673,674
225,주례,2026-06-16,화,하차,7403,460,711,,754,755
225,주례,2026-06-17,수,승차,8717,802,966,,754,755
225,주례,2026-06-17,수,하차,7555,505,674,,799,800
225,주례,2026-06-18,목,승차,8556,733,969,,667,668
225,주례,2026-06-18,목,하차,7519,469,601,,829,830
225,주례,2026-06-19,금,승차,8710,728,924,,812,813
225,주례,2026-06-19,금,하차,7545,458,703,,738,739
225,주례,2026-06-20,토,승차,5656,202,334,,374,375
225,주례,2026-06-20,토,하차,4885,104,222,,373,374
225,주례,2026-06-21,일,승차,4433,161,259,,314,315
225,주례,2026-06-21,일,하차,3945,95,154,,286,287
225,주례,2026-06-22,월,승차,8323,703,941,,703,704
225,주례,2026-06-22,월,하차,7423,469,665,,771,772
225,주례,2026-06-23,화,승차,8494,699,972,,686,687
225,주례,2026-06-23,화,하차,7564,472,663,,782,783
225,주례,2026-06-24,수,승차,8171,775,932,,696,697
225,주례,2026-06-24,수,하차,7167,470,597,,752,753
225,주례,2026-06-25,목,승차,8115,713,951,,701,702
225,주례,2026-06-25,목,하차,7108,453,603,,747,748
225,주례,2026-06-26,금,승차,8746,682,903,,797,798
225,주례,2026-06-26,금,하차,7642,466,642,,789,790
225,주례,2026-06-27,토,승차,6218,236,446,,344,345
225,주례,2026-06-27,토,하차,5235,134,262,,390,391
225,주례,2026-06-28,일,승차,4438,126,249,,290,291
225,주례,2026-06-28,일,하차,3857,75,127,,287,288
225,주례,2026-06-29,월,승차,8058,740,898,,654,655
225,주례,2026-06-29,월,하차,7186,479,618,,773,774
225,주례,2026-06-30,화,승차,8100,731,902,,645,646
225,주례,2026-06-30,화,하차,7164,479,604,,761,762
226,감전,2026-01-01,목,승차,1553,45,74,,68,69
226,감전,2026-01-01,목,하차,1409,46,140,,80,81
226,감전,2026-01-02,금,승차,4165,177,248,,830,831
226,감전,2026-01-02,금,하차,3994,398,954,,280,281
226,감전,2026-01-03,토,승차,2496,94,131,,116,117
226,감전,2026-01-03,토,하차,2057,128,141,,122,123
226,감전,2026-01-04,일,승차,1797,52,87,,78,79
226,감전,2026-01-04,일,하차,1691,42,67,,126,127
226,감전,2026-01-05,월,승차,4910,189,298,,995,996
226,감전,2026-01-05,월,하차,4401,538,1168,,218,219
226,감전,2026-01-06,화,승차,4994,216,268,,941,942
226,감전,2026-01-06,화,하차,4563,565,1159,,219,220
226,감전,2026-01-07,수,승차,5003,212,279,,1041,1042
226,감전,2026-01-07,수,하차,4506,552,1180,,208,209
226,감전,2026-01-08,목,승차,4879,212,277,,990,991
226,감전,2026-01-08,목,하차,4457,532,1156,,195,196
226,감전,2026-01-09,금,승차,4981,191,279,,1009,1010
226,감전,2026-01-09,금,하차,4621,524,1139,,248,249
226,감전,2026-01-10,토,승차,2596,92,151,,138,139
226,감전,2026-01-10,토,하차,2256,120,150,,100,101
226,감전,2026-01-11,일,승차,1686,60,69,,104,105
226,감전,2026-01-11,일,하차,1520,37,53,,100,101
226,감전,2026-01-12,월,승차,5080,201,290,,956,957
226,감전,2026-01-12,월,하차,4685,560,1165,,245,246
226,감전,2026-01-13,화,승차,5191,179,287,,978,979
226,감전,2026-01-13,화,하차,4744,565,1206,,227,228
226,감전,2026-01-14,수,승차,4983,186,290,,951,952
226,감전,2026-01-14,수,하차,4649,574,1183,,244,245
226,감전,2026-01-15,목,승차,5254,220,283,,964,965
226,감전,2026-01-15,목,하차,4763,563,1180,,223,224
226,감전,2026-01-16,금,승차,5006,192,268,,942,943
226,감전,2026-01-16,금,하차,4651,530,1165,,225,226
226,감전,2026-01-17,토,승차,2540,107,141,,143,144
226,감전,2026-01-17,토,하차,2338,125,171,,112,113
226,감전,2026-01-18,일,승차,1714,47,97,,98,99
226,감전,2026-01-18,일,하차,1583,44,70,,120,121
226,감전,2026-01-19,월,승차,5130,208,296,,995,996
226,감전,2026-01-19,월,하차,4699,522,1185,,216,217
226,감전,2026-01-20,화,승차,5173,208,299,,1021,1022
226,감전,2026-01-20,화,하차,4771,543,1173,,244,245
226,감전,2026-01-21,수,승차,4861,174,282,,985,986
226,감전,2026-01-21,수,하차,4412,519,1196,,214,215
226,감전,2026-01-22,목,승차,4831,194,256,,990,991
226,감전,2026-01-22,목,하차,4370,509,1136,,213,214
226,감전,2026-01-23,금,승차,4868,193,267,,957,958
226,감전,2026-01-23,금,하차,4519,496,1167,,245,246
226,감전,2026-01-24,토,승차,2500,82,145,,161,162
226,감전,2026-01-24,토,하차,2199,132,168,,125,126
226,감전,2026-01-25,일,승차,1668,57,64,,88,89
226,감전,2026-01-25,일,하차,1514,30,71,,120,121
226,감전,2026-01-26,월,승차,5078,198,275,,1006,1007
226,감전,2026-01-26,월,하차,4679,524,1276,,219,220
226,감전,2026-01-27,화,승차,4863,198,278,,982,983
226,감전,2026-01-27,화,하차,4506,539,1174,,207,208
226,감전,2026-01-28,수,승차,4933,198,293,,1034,1035
226,감전,2026-01-28,수,하차,4518,517,1196,,216,217
226,감전,2026-01-29,목,승차,4687,195,277,,940,941
226,감전,2026-01-29,목,하차,4404,528,1208,,199,200
226,감전,2026-01-30,금,승차,4837,188,285,,969,970
226,감전,2026-01-30,금,하차,4385,485,1215,,217,218
226,감전,2026-01-31,토,승차,2377,81,146,,124,125
226,감전,2026-01-31,토,하차,2145,154,173,,133,134
226,감전,2026-02-01,일,승차,1947,51,97,,86,87
226,감전,2026-02-01,일,하차,1773,36,125,,112,113
226,감전,2026-02-02,월,승차,4935,183,305,,939,940
226,감전,2026-02-02,월,하차,4579,534,1241,,224,225
226,감전,2026-02-03,화,승차,4971,216,315,,972,973
226,감전,2026-02-03,화,하차,4618,532,1200,,219,220
226,감전,2026-02-04,수,승차,5018,204,288,,993,994
226,감전,2026-02-04,수,하차,4651,544,1173,,226,227
226,감전,2026-02-05,목,승차,4893,221,302,,980,981
226,감전,2026-02-05,목,하차,4494,543,1186,,226,227
226,감전,2026-02-06,금,승차,4936,181,306,,994,995
226,감전,2026-02-06,금,하차,4580,530,1167,,215,216
226,감전,2026-02-07,토,승차,2534,81,121,,149,150
226,감전,2026-02-07,토,하차,2287,133,143,,128,129
226,감전,2026-02-08,일,승차,1633,61,82,,72,73
226,감전,2026-02-08,일,하차,1507,38,73,,117,118
226,감전,2026-02-09,월,승차,4946,200,278,,946,947
226,감전,2026-02-09,월,하차,4515,526,1160,,235,236
226,감전,2026-02-10,화,승차,4986,188,299,,974,975
226,감전,2026-02-10,화,하차,4589,548,1195,,217,218
226,감전,2026-02-11,수,승차,4866,189,309,,955,956
226,감전,2026-02-11,수,하차,4562,556,1178,,239,240
226,감전,2026-02-12,목,승차,4843,198,288,,886,887
226,감전,2026-02-12,목,하차,4485,548,1209,,237,238
226,감전,2026-02-13,금,승차,4964,183,291,,691,692
226,감전,2026-02-13,금,하차,4622,521,1135,,216,217
226,감전,2026-02-14,토,승차,2492,90,144,,103,104
226,감전,2026-02-14,토,하차,2246,119,161,,130,131
226,감전,2026-02-15,일,승차,1679,58,75,,106,107
226,감전,2026-02-15,일,하차,1478,42,55,,90,91
226,감전,2026-02-16,월,승차,1334,46,80,,47,48
226,감전,2026-02-16,월,하차,1241,22,45,,87,88
226,감전,2026-02-17,화,승차,1251,52,80,,81,82
226,감전,2026-02-17,화,하차,1098,29,35,,62,63
226,감전,2026-02-18,수,승차,1536,36,70,,103,104
226,감전,2026-02-18,수,하차,1371,32,41,,127,128
226,감전,2026-02-19,목,승차,4586,172,276,,898,899
226,감전,2026-02-19,목,하차,4197,436,1075,,234,235
226,감전,2026-02-20,금,승차,4831,178,284,,925,926
226,감전,2026-02-20,금,하차,4425,474,1155,,220,221
226,감전,2026-02-21,토,승차,2713,91,148,,147,148
226,감전,2026-02-21,토,하차,2487,127,215,,147,148
226,감전,2026-02-22,일,승차,1854,60,89,,86,87
226,감전,2026-02-22,일,하차,1800,42,69,,106,107
226,감전,2026-02-23,월,승차,4867,184,291,,931,932
226,감전,2026-02-23,월,하차,4499,558,1170,,226,227
226,감전,2026-02-24,화,승차,4682,209,282,,921,922
226,감전,2026-02-24,화,하차,4318,564,1166,,188,189
226,감전,2026-02-25,수,승차,5055,201,297,,968,969
226,감전,2026-02-25,수,하차,4529,550,1181,,262,263
226,감전,2026-02-26,목,승차,4991,178,301,,915,916
226,감전,2026-02-26,목,하차,4592,571,1205,,264,265
226,감전,2026-02-27,금,승차,4788,165,249,,902,903
226,감전,2026-02-27,금,하차,4403,517,1121,,234,235
226,감전,2026-02-28,토,승차,2846,96,148,,132,133
226,감전,2026-02-28,토,하차,2566,149,172,,126,127
226,감전,2026-03-01,일,승차,2068,59,90,,119,120
226,감전,2026-03-01,일,하차,1797,57,130,,114,115
226,감전,2026-03-02,월,승차,1902,76,113,,88,89
226,감전,2026-03-02,월,하차,1746,156,155,,109,110
226,감전,2026-03-03,화,승차,4948,247,293,,918,919
226,감전,2026-03-03,화,하차,4681,581,1164,,233,234
226,감전,2026-03-04,수,승차,5208,245,306,,945,946
226,감전,2026-03-04,수,하차,4797,575,1228,,271,272
226,감전,2026-03-05,목,승차,5209,245,329,,953,954
226,감전,2026-03-05,목,하차,4759,575,1235,,252,253
226,감전,2026-03-06,금,승차,5123,239,312,,908,909
226,감전,2026-03-06,금,하차,4770,547,1232,,211,212
226,감전,2026-03-07,토,승차,2699,95,175,,145,146
226,감전,2026-03-07,토,하차,2473,153,164,,154,155
226,감전,2026-03-08,일,승차,1881,76,104,,90,91
226,감전,2026-03-08,일,하차,1747,49,72,,136,137
226,감전,2026-03-09,월,승차,5245,239,319,,984,985
226,감전,2026-03-09,월,하차,4845,625,1230,,217,218
226,감전,2026-03-10,화,승차,5298,257,316,,973,974
226,감전,2026-03-10,화,하차,4921,594,1286,,217,218
226,감전,2026-03-11,수,승차,5223,243,305,,993,994
226,감전,2026-03-11,수,하차,4916,606,1261,,238,239
226,감전,2026-03-12,목,승차,5245,246,296,,982,983
226,감전,2026-03-12,목,하차,4855,602,1243,,264,265
226,감전,2026-03-13,금,승차,5110,234,320,,962,963
226,감전,2026-03-13,금,하차,4740,576,1181,,240,241
226,감전,2026-03-14,토,승차,2842,82,165,,196,197
226,감전,2026-03-14,토,하차,2590,173,165,,156,157
226,감전,2026-03-15,일,승차,1959,70,99,,124,125
226,감전,2026-03-15,일,하차,1845,59,93,,127,128
226,감전,2026-03-16,월,승차,5184,255,311,,941,942
226,감전,2026-03-16,월,하차,4857,611,1209,,262,263
226,감전,2026-03-17,화,승차,5132,267,308,,957,958
226,감전,2026-03-17,화,하차,4721,580,1238,,257,258
226,감전,2026-03-18,수,승차,4924,226,309,,962,963
226,감전,2026-03-18,수,하차,4606,584,1229,,221,222
226,감전,2026-03-19,목,승차,5167,257,335,,953,954
226,감전,2026-03-19,목,하차,4775,594,1238,,252,253
226,감전,2026-03-20,금,승차,5181,230,328,,951,952
226,감전,2026-03-20,금,하차,4785,581,1157,,271,272
226,감전,2026-03-21,토,승차,2991,100,173,,156,157
226,감전,2026-03-21,토,하차,2719,154,156,,168,169
226,감전,2026-03-22,일,승차,1850,71,109,,104,105
226,감전,2026-03-22,일,하차,1686,41,82,,141,142
226,감전,2026-03-23,월,승차,5153,238,298,,991,992
226,감전,2026-03-23,월,하차,4735,604,1228,,232,233
226,감전,2026-03-24,화,승차,5133,257,310,,984,985
226,감전,2026-03-24,화,하차,4808,621,1259,,217,218
226,감전,2026-03-25,수,승차,5194,258,301,,958,959
226,감전,2026-03-25,수,하차,4813,589,1262,,252,253
226,감전,2026-03-26,목,승차,5279,247,307,,982,983
226,감전,2026-03-26,목,하차,4884,611,1220,,241,242
226,감전,2026-03-27,금,승차,5171,230,297,,936,937
226,감전,2026-03-27,금,하차,4896,588,1296,,258,259
226,감전,2026-03-28,토,승차,2808,104,179,,159,160
226,감전,2026-03-28,토,하차,2533,165,173,,157,158
226,감전,2026-03-29,일,승차,1930,55,93,,93,94
226,감전,2026-03-29,일,하차,1756,38,59,,146,147
226,감전,2026-03-30,월,승차,5032,248,307,,1004,1005
226,감전,2026-03-30,월,하차,4682,599,1237,,257,258
226,감전,2026-03-31,화,승차,4957,263,290,,954,955
226,감전,2026-03-31,화,하차,4682,588,1244,,240,241
226,감전,2026-04-01,수,승차,5218,256,323,,1010,1011
226,감전,2026-04-01,수,하차,4893,628,1274,,247,248
226,감전,2026-04-02,목,승차,5228,247,319,,1057,1058
226,감전,2026-04-02,목,하차,4829,626,1226,,234,235
226,감전,2026-04-03,금,승차,5139,232,327,,958,959
226,감전,2026-04-03,금,하차,4862,596,1237,,237,238
226,감전,2026-04-04,토,승차,2441,93,117,,147,148
226,감전,2026-04-04,토,하차,2216,126,158,,155,156
226,감전,2026-04-05,일,승차,2150,78,97,,120,121
226,감전,2026-04-05,일,하차,1960,58,143,,155,156
226,감전,2026-04-06,월,승차,4968,241,279,,980,981
226,감전,2026-04-06,월,하차,4709,585,1222,,257,258
226,감전,2026-04-07,화,승차,5282,261,326,,1065,1066
226,감전,2026-04-07,화,하차,4895,636,1251,,245,246
226,감전,2026-04-08,수,승차,5317,263,311,,998,999
226,감전,2026-04-08,수,하차,5019,628,1284,,261,262
226,감전,2026-04-09,목,승차,4523,242,309,,952,953
226,감전,2026-04-09,목,하차,4253,607,1191,,201,202
226,감전,2026-04-10,금,승차,5140,254,317,,970,971
226,감전,2026-04-10,금,하차,4754,577,1200,,229,230
226,감전,2026-04-11,토,승차,2770,113,180,,167,168
226,감전,2026-04-11,토,하차,2482,167,157,,144,145
226,감전,2026-04-12,일,승차,1881,71,104,,112,113
226,감전,2026-04-12,일,하차,1674,51,65,,137,138
226,감전,2026-04-13,월,승차,5136,262,284,,1007,1008
226,감전,2026-04-13,월,하차,4865,628,1268,,248,249
226,감전,2026-04-14,화,승차,5149,267,318,,987,988
226,감전,2026-04-14,화,하차,4734,636,1221,,218,219
226,감전,2026-04-15,수,승차,5228,254,334,,1007,1008
226,감전,2026-04-15,수,하차,4879,633,1269,,264,265
226,감전,2026-04-16,목,승차,5161,256,313,,959,960
226,감전,2026-04-16,목,하차,4916,637,1221,,266,267
226,감전,2026-04-17,금,승차,5080,237,348,,955,956
226,감전,2026-04-17,금,하차,4813,615,1173,,212,213
226,감전,2026-04-18,토,승차,2750,104,161,,183,184
226,감전,2026-04-18,토,하차,2510,153,163,,144,145
226,감전,2026-04-19,일,승차,2061,58,111,,103,104
226,감전,2026-04-19,일,하차,1908,54,68,,110,111
226,감전,2026-04-20,월,승차,5108,247,326,,1044,1045
226,감전,2026-04-20,월,하차,4689,606,1253,,228,229
226,감전,2026-04-21,화,승차,5030,261,359,,975,976
226,감전,2026-04-21,화,하차,4647,647,1251,,213,214
226,감전,2026-04-22,수,승차,5044,240,349,,1019,1020
226,감전,2026-04-22,수,하차,4713,600,1251,,220,221
226,감전,2026-04-23,목,승차,4969,234,308,,974,975
226,감전,2026-04-23,목,하차,4555,585,1225,,243,244
226,감전,2026-04-24,금,승차,5220,243,328,,956,957
226,감전,2026-04-24,금,하차,4837,604,1170,,223,224
226,감전,2026-04-25,토,승차,2686,110,188,,148,149
226,감전,2026-04-25,토,하차,2443,168,171,,151,152
226,감전,2026-04-26,일,승차,1846,66,99,,90,91
226,감전,2026-04-26,일,하차,1652,53,68,,130,131
226,감전,2026-04-27,월,승차,5313,246,313,,1066,1067
226,감전,2026-04-27,월,하차,4867,638,1286,,214,215
226,감전,2026-04-28,화,승차,5165,248,324,,939,940
226,감전,2026-04-28,화,하차,4796,603,1232,,222,223
226,감전,2026-04-29,수,승차,5254,229,326,,1040,1041
226,감전,2026-04-29,수,하차,4875,624,1258,,226,227
226,감전,2026-04-30,목,승차,5079,250,311,,1017,1018
226,감전,2026-04-30,목,하차,4701,600,1174,,236,237
226,감전,2026-05-01,금,승차,2714,80,135,,131,132
226,감전,2026-05-01,금,하차,2454,132,148,,119,120
226,감전,2026-05-02,토,승차,2706,104,122,,134,135
226,감전,2026-05-02,토,하차,2489,121,171,,125,126
226,감전,2026-05-03,일,승차,1582,53,87,,79,80
226,감전,2026-05-03,일,하차,1438,42,123,,96,97
226,감전,2026-05-04,월,승차,4957,165,290,,865,866
226,감전,2026-05-04,월,하차,4614,429,1007,,211,212
226,감전,2026-05-05,화,승차,2361,81,107,,163,164
226,감전,2026-05-05,화,하차,2167,142,132,,116,117
226,감전,2026-05-06,수,승차,5728,281,343,,1043,1044
226,감전,2026-05-06,수,하차,5293,636,1312,,219,220
226,감전,2026-05-07,목,승차,5650,250,351,,987,988
226,감전,2026-05-07,목,하차,5210,658,1256,,232,233
226,감전,2026-05-08,금,승차,5480,266,331,,999,1000
226,감전,2026-05-08,금,하차,5041,630,1224,,206,207
226,감전,2026-05-09,토,승차,2837,117,180,,179,180
226,감전,2026-05-09,토,하차,2591,157,199,,147,148
226,감전,2026-05-10,일,승차,2074,84,102,,130,131
226,감전,2026-05-10,일,하차,1892,40,110,,130,131
226,감전,2026-05-11,월,승차,5580,248,323,,1035,1036
226,감전,2026-05-11,월,하차,5140,632,1271,,218,219
226,감전,2026-05-12,화,승차,5456,257,337,,965,966
226,감전,2026-05-12,화,하차,5008,613,1327,,214,215
226,감전,2026-05-13,수,승차,5606,260,325,,988,989
226,감전,2026-05-13,수,하차,5150,631,1296,,231,232
226,감전,2026-05-14,목,승차,5209,261,310,,996,997
226,감전,2026-05-14,목,하차,4870,633,1262,,219,220
226,감전,2026-05-15,금,승차,5402,264,319,,958,959
226,감전,2026-05-15,금,하차,5046,642,1228,,228,229
226,감전,2026-05-16,토,승차,2888,113,176,,145,146
226,감전,2026-05-16,토,하차,2574,147,205,,141,142
226,감전,2026-05-17,일,승차,2016,90,126,,122,123
226,감전,2026-05-17,일,하차,1835,51,92,,129,130
226,감전,2026-05-18,월,승차,5338,257,320,,976,977
226,감전,2026-05-18,월,하차,5029,611,1269,,216,217
226,감전,2026-05-19,화,승차,5408,261,336,,974,975
226,감전,2026-05-19,화,하차,5025,640,1270,,246,247
226,감전,2026-05-20,수,승차,5007,249,326,,996,997
226,감전,2026-05-20,수,하차,4685,602,1237,,225,226
226,감전,2026-05-21,목,승차,5367,246,344,,1005,1006
226,감전,2026-05-21,목,하차,5043,637,1242,,236,237
226,감전,2026-05-22,금,승차,5473,268,316,,958,959
226,감전,2026-05-22,금,하차,5077,608,1212,,224,225
226,감전,2026-05-23,토,승차,2873,114,170,,173,174
226,감전,2026-05-23,토,하차,2490,159,173,,136,137
226,감전,2026-05-24,일,승차,2250,65,110,,94,95
226,감전,2026-05-24,일,하차,2098,54,125,,122,123
226,감전,2026-05-25,월,승차,2244,83,126,,135,136
226,감전,2026-05-25,월,하차,2099,138,142,,132,133
226,감전,2026-05-26,화,승차,5342,283,318,,931,932
226,감전,2026-05-26,화,하차,4892,628,1195,,233,234
226,감전,2026-05-27,수,승차,5017,254,289,,966,967
226,감전,2026-05-27,수,하차,4598,602,1226,,230,231
226,감전,2026-05-28,목,승차,5346,263,344,,948,949
226,감전,2026-05-28,목,하차,4965,614,1227,,269,270
226,감전,2026-05-29,금,승차,5331,245,321,,937,938
226,감전,2026-05-29,금,하차,4917,610,1195,,242,243
226,감전,2026-05-30,토,승차,2736,106,168,,161,162
226,감전,2026-05-30,토,하차,2421,154,172,,118,119
226,감전,2026-05-31,일,승차,1780,63,95,,98,99
226,감전,2026-05-31,일,하차,1586,35,81,,133,134
226,감전,2026-06-01,월,승차,5207,273,330,,925,926
226,감전,2026-06-01,월,하차,4906,640,1268,,230,231
226,감전,2026-06-02,화,승차,4649,251,319,,894,895
226,감전,2026-06-02,화,하차,4321,615,1202,,205,206
226,감전,2026-06-03,수,승차,2362,98,133,,137,138
226,감전,2026-06-03,수,하차,2153,174,137,,116,117
226,감전,2026-06-04,목,승차,4923,284,331,,955,956
226,감전,2026-06-04,목,하차,4610,601,1156,,230,231
226,감전,2026-06-05,금,승차,5024,268,300,,945,946
226,감전,2026-06-05,금,하차,4686,649,1180,,236,237
226,감전,2026-06-06,토,승차,2352,83,122,,140,141
226,감전,2026-06-06,토,하차,2012,97,111,,122,123
226,감전,2026-06-07,일,승차,1839,68,105,,101,102
226,감전,2026-06-07,일,하차,1645,46,135,,129,130
226,감전,2026-06-08,월,승차,4926,248,317,,1025,1026
226,감전,2026-06-08,월,하차,4611,598,1236,,227,228
226,감전,2026-06-09,화,승차,5198,278,316,,956,957
226,감전,2026-06-09,화,하차,4792,643,1230,,242,243
226,감전,2026-06-10,수,승차,5089,274,311,,1032,1033
226,감전,2026-06-10,수,하차,4758,660,1267,,239,240
226,감전,2026-06-11,목,승차,5047,258,308,,978,979
226,감전,2026-06-11,목,하차,4677,641,1228,,236,237
226,감전,2026-06-12,금,승차,5115,261,341,,999,1000
226,감전,2026-06-12,금,하차,4724,670,1187,,232,233
226,감전,2026-06-13,토,승차,2793,112,162,,152,153
226,감전,2026-06-13,토,하차,2464,159,171,,115,116
226,감전,2026-06-14,일,승차,1851,53,104,,97,98
226,감전,2026-06-14,일,하차,1687,44,72,,111,112
226,감전,2026-06-15,월,승차,5162,256,323,,982,983
226,감전,2026-06-15,월,하차,4817,660,1230,,229,230
226,감전,2026-06-16,화,승차,5106,294,344,,990,991
226,감전,2026-06-16,화,하차,4741,626,1261,,247,248
226,감전,2026-06-17,수,승차,5226,257,327,,979,980
226,감전,2026-06-17,수,하차,4778,657,1237,,230,231
226,감전,2026-06-18,목,승차,5068,259,328,,956,957
226,감전,2026-06-18,목,하차,4813,681,1212,,251,252
226,감전,2026-06-19,금,승차,5058,268,351,,938,939
226,감전,2026-06-19,금,하차,4688,629,1152,,222,223
226,감전,2026-06-20,토,승차,2454,77,145,,172,173
226,감전,2026-06-20,토,하차,2136,126,153,,137,138
226,감전,2026-06-21,일,승차,2054,82,97,,114,115
226,감전,2026-06-21,일,하차,1942,55,87,,124,125
226,감전,2026-06-22,월,승차,4997,246,327,,974,975
226,감전,2026-06-22,월,하차,4637,628,1214,,249,250
226,감전,2026-06-23,화,승차,5104,263,312,,979,980
226,감전,2026-06-23,화,하차,4665,657,1203,,203,204
226,감전,2026-06-24,수,승차,4936,247,310,,962,963
226,감전,2026-06-24,수,하차,4670,625,1239,,191,192
226,감전,2026-06-25,목,승차,4977,266,311,,938,939
226,감전,2026-06-25,목,하차,4683,619,1207,,267,268
226,감전,2026-06-26,금,승차,5108,248,338,,907,908
226,감전,2026-06-26,금,하차,4718,606,1138,,247,248
226,감전,2026-06-27,토,승차,2681,101,142,,156,157
226,감전,2026-06-27,토,하차,2389,181,165,,155,156
226,감전,2026-06-28,일,승차,1795,67,113,,97,98
226,감전,2026-06-28,일,하차,1675,43,98,,147,148
226,감전,2026-06-29,월,승차,5136,242,308,,973,974
226,감전,2026-06-29,월,하차,4752,602,1193,,258,259
226,감전,2026-06-30,화,승차,5126,250,321,,923,924
226,감전,2026-06-30,화,하차,4697,628,1226,,237,238
227,사상,2026-01-01,목,승차,15280,392,437,,913,914
227,사상,2026-01-01,목,하차,16214,469,935,,1191,1192
227,사상,2026-01-02,금,승차,22572,883,1391,,2170,2171
227,사상,2026-01-02,금,하차,22201,1073,1675,,2367,2368
227,사상,2026-01-03,토,승차,21764,413,861,,1225,1226
227,사상,2026-01-03,토,하차,21718,539,819,,1715,1716
227,사상,2026-01-04,일,승차,16813,231,473,,1080,1081
227,사상,2026-01-04,일,하차,17849,470,574,,1431,1432
227,사상,2026-01-05,월,승차,21845,968,1617,,2251,2252
227,사상,2026-01-05,월,하차,21373,1438,1996,,1992,1993
227,사상,2026-01-06,화,승차,21630,894,1593,,2264,2265
227,사상,2026-01-06,화,하차,21258,1363,1970,,2005,2006
227,사상,2026-01-07,수,승차,21580,912,1523,,2225,2226
227,사상,2026-01-07,수,하차,21178,1391,1987,,1911,1912
227,사상,2026-01-08,목,승차,21488,894,1535,,2248,2249
227,사상,2026-01-08,목,하차,21173,1329,1989,,2004,2005
227,사상,2026-01-09,금,승차,25024,829,1438,,2539,2540
227,사상,2026-01-09,금,하차,23988,1357,1993,,2656,2657
227,사상,2026-01-10,토,승차,25649,637,1240,,1340,1341
227,사상,2026-01-10,토,하차,24884,593,912,,2054,2055
227,사상,2026-01-11,일,승차,17793,404,663,,1064,1065
227,사상,2026-01-11,일,하차,18940,409,543,,1756,1757
227,사상,2026-01-12,월,승차,21312,940,1581,,2175,2176
227,사상,2026-01-12,월,하차,21153,1343,1972,,2003,2004
227,사상,2026-01-13,화,승차,22124,908,1537,,2312,2313
227,사상,2026-01-13,화,하차,21760,1349,1991,,2102,2103
227,사상,2026-01-14,수,승차,21722,885,1542,,2220,2221
227,사상,2026-01-14,수,하차,21594,1308,1949,,2108,2109
227,사상,2026-01-15,목,승차,22302,846,1558,,2301,2302
227,사상,2026-01-15,목,하차,21937,1401,1935,,2061,2062
227,사상,2026-01-16,금,승차,24801,960,1528,,2533,2534
227,사상,2026-01-16,금,하차,24374,1335,1938,,2624,2625
227,사상,2026-01-17,토,승차,25711,538,1010,,1482,1483
227,사상,2026-01-17,토,하차,24354,831,834,,1974,1975
227,사상,2026-01-18,일,승차,18059,299,611,,1155,1156
227,사상,2026-01-18,일,하차,19019,485,608,,1633,1634
227,사상,2026-01-19,월,승차,21909,898,1639,,2225,2226
227,사상,2026-01-19,월,하차,21649,1357,1998,,2019,2020
227,사상,2026-01-20,화,승차,21754,919,1610,,2213,2214
227,사상,2026-01-20,화,하차,21609,1368,2001,,2109,2110
227,사상,2026-01-21,수,승차,20914,855,1514,,2252,2253
227,사상,2026-01-21,수,하차,20820,1295,1879,,2010,2011
227,사상,2026-01-22,목,승차,20482,868,1439,,2235,2236
227,사상,2026-01-22,목,하차,20215,1240,1879,,1990,1991
227,사상,2026-01-23,금,승차,24105,862,1507,,2503,2504
227,사상,2026-01-23,금,하차,23520,1277,1934,,2638,2639
227,사상,2026-01-24,토,승차,24270,510,986,,1430,1431
227,사상,2026-01-24,토,하차,23376,545,816,,1834,1835
227,사상,2026-01-25,일,승차,17368,282,606,,1069,1070
227,사상,2026-01-25,일,하차,18052,470,539,,1435,1436
227,사상,2026-01-26,월,승차,21713,905,1643,,2112,2113
227,사상,2026-01-26,월,하차,21275,1311,2016,,2048,2049
227,사상,2026-01-27,화,승차,22131,865,1525,,2214,2215
227,사상,2026-01-27,화,하차,21632,1367,2032,,2079,2080
227,사상,2026-01-28,수,승차,21775,838,1510,,2254,2255
227,사상,2026-01-28,수,하차,21617,1319,1942,,2073,2074
227,사상,2026-01-29,목,승차,21375,825,1426,,2210,2211
227,사상,2026-01-29,목,하차,21449,1310,2019,,2120,2121
227,사상,2026-01-30,금,승차,24109,870,1482,,2659,2660
227,사상,2026-01-30,금,하차,23574,1269,1954,,2598,2599
227,사상,2026-01-31,토,승차,23833,480,953,,1451,1452
227,사상,2026-01-31,토,하차,22598,539,846,,1904,1905
227,사상,2026-02-01,일,승차,17082,286,514,,1110,1111
227,사상,2026-02-01,일,하차,18020,456,617,,1477,1478
227,사상,2026-02-02,월,승차,21384,940,1576,,2235,2236
227,사상,2026-02-02,월,하차,20856,1354,1992,,1966,1967
227,사상,2026-02-03,화,승차,21897,882,1640,,2282,2283
227,사상,2026-02-03,화,하차,21273,1294,1986,,1995,1996
227,사상,2026-02-04,수,승차,21951,866,1599,,2257,2258
227,사상,2026-02-04,수,하차,21491,1393,1994,,2084,2085
227,사상,2026-02-05,목,승차,22225,876,1585,,2200,2201
227,사상,2026-02-05,목,하차,21833,1354,2016,,2118,2119
227,사상,2026-02-06,금,승차,25172,874,1557,,2589,2590
227,사상,2026-02-06,금,하차,23777,1313,1974,,2501,2502
227,사상,2026-02-07,토,승차,25060,537,1158,,1353,1354
227,사상,2026-02-07,토,하차,23890,586,872,,1973,1974
227,사상,2026-02-08,일,승차,16898,303,614,,1037,1038
227,사상,2026-02-08,일,하차,17952,390,638,,1530,1531
227,사상,2026-02-09,월,승차,22096,995,1636,,2220,2221
227,사상,2026-02-09,월,하차,21886,1346,1979,,2042,2043
227,사상,2026-02-10,화,승차,22254,963,1621,,2166,2167
227,사상,2026-02-10,화,하차,22158,1373,2001,,2136,2137
227,사상,2026-02-11,수,승차,23496,971,1547,,2404,2405
227,사상,2026-02-11,수,하차,23115,1352,2046,,2224,2225
227,사상,2026-02-12,목,승차,24085,982,1645,,2398,2399
227,사상,2026-02-12,목,하차,23775,1409,2009,,2321,2322
227,사상,2026-02-13,금,승차,26811,981,1624,,2334,2335
227,사상,2026-02-13,금,하차,26361,1347,1985,,2748,2749
227,사상,2026-02-14,토,승차,24501,516,956,,1397,1398
227,사상,2026-02-14,토,하차,25450,572,917,,1966,1967
227,사상,2026-02-15,일,승차,18537,261,603,,1087,1088
227,사상,2026-02-15,일,하차,21781,509,773,,1783,1784
227,사상,2026-02-16,월,승차,14712,301,472,,828,829
227,사상,2026-02-16,월,하차,17365,499,726,,1370,1371
227,사상,2026-02-17,화,승차,15469,297,421,,1132,1133
227,사상,2026-02-17,화,하차,13679,443,553,,1068,1069
227,사상,2026-02-18,수,승차,19267,266,486,,1344,1345
227,사상,2026-02-18,수,하차,16339,324,494,,1362,1363
227,사상,2026-02-19,목,승차,25147,863,1621,,2243,2244
227,사상,2026-02-19,목,하차,22831,1302,1964,,2160,2161
227,사상,2026-02-20,금,승차,27018,866,1566,,2497,2498
227,사상,2026-02-20,금,하차,25642,1273,1971,,2657,2658
227,사상,2026-02-21,토,승차,26727,556,1128,,1362,1363
227,사상,2026-02-21,토,하차,25259,799,929,,2257,2258
227,사상,2026-02-22,일,승차,19268,371,654,,1077,1078
227,사상,2026-02-22,일,하차,19772,480,622,,1904,1905
227,사상,2026-02-23,월,승차,24391,1010,1762,,2411,2412
227,사상,2026-02-23,월,하차,23816,1426,2139,,2285,2286
227,사상,2026-02-24,화,승차,21970,929,1628,,2082,2083
227,사상,2026-02-24,화,하차,21799,1412,2039,,2030,2031
227,사상,2026-02-25,수,승차,23871,971,1803,,2366,2367
227,사상,2026-02-25,수,하차,23355,1335,1997,,2176,2177
227,사상,2026-02-26,목,승차,24539,1047,1830,,2328,2329
227,사상,2026-02-26,목,하차,24208,1483,2061,,2387,2388
227,사상,2026-02-27,금,승차,25304,898,1493,,2604,2605
227,사상,2026-02-27,금,하차,24276,1309,1980,,2549,2550
227,사상,2026-02-28,토,승차,26928,577,1080,,1502,1503
227,사상,2026-02-28,토,하차,26001,745,1059,,2124,2125
227,사상,2026-03-01,일,승차,20267,333,579,,1267,1268
227,사상,2026-03-01,일,하차,20415,715,717,,1661,1662
227,사상,2026-03-02,월,승차,15302,367,580,,1007,1008
227,사상,2026-03-02,월,하차,15890,484,685,,1374,1375
227,사상,2026-03-03,화,승차,23191,1113,2044,,2415,2416
227,사상,2026-03-03,화,하차,23019,1514,2260,,1942,1943
227,사상,2026-03-04,수,승차,22792,1066,1945,,2366,2367
227,사상,2026-03-04,수,하차,22334,1402,2189,,1975,1976
227,사상,2026-03-05,목,승차,23303,1042,1849,,2245,2246
227,사상,2026-03-05,목,하차,23379,1447,2209,,2074,2075
227,사상,2026-03-06,금,승차,25901,1141,1727,,2739,2740
227,사상,2026-03-06,금,하차,26478,1351,2135,,2757,2758
227,사상,2026-03-07,토,승차,24987,534,1167,,1519,1520
227,사상,2026-03-07,토,하차,24621,655,933,,2006,2007
227,사상,2026-03-08,일,승차,19786,377,619,,1357,1358
227,사상,2026-03-08,일,하차,19172,513,618,,1622,1623
227,사상,2026-03-09,월,승차,23152,1167,2055,,2330,2331
227,사상,2026-03-09,월,하차,22985,1544,2242,,1978,1979
227,사상,2026-03-10,화,승차,23669,1154,2025,,2277,2278
227,사상,2026-03-10,화,하차,23067,1516,2281,,2047,2048
227,사상,2026-03-11,수,승차,23618,1119,2009,,2436,2437
227,사상,2026-03-11,수,하차,23413,1506,2177,,2130,2131
227,사상,2026-03-12,목,승차,23506,1115,1935,,2352,2353
227,사상,2026-03-12,목,하차,23894,1490,2131,,2221,2222
227,사상,2026-03-13,금,승차,27043,1109,1807,,2794,2795
227,사상,2026-03-13,금,하차,27613,1446,2126,,2839,2840
227,사상,2026-03-14,토,승차,27243,587,1137,,1558,1559
227,사상,2026-03-14,토,하차,26953,763,1045,,2180,2181
227,사상,2026-03-15,일,승차,20731,418,607,,1381,1382
227,사상,2026-03-15,일,하차,20094,619,672,,1788,1789
227,사상,2026-03-16,월,승차,23536,1224,1930,,2414,2415
227,사상,2026-03-16,월,하차,23435,1536,2325,,2080,2081
227,사상,2026-03-17,화,승차,23497,1153,1946,,2387,2388
227,사상,2026-03-17,화,하차,23616,1482,2313,,2168,2169
227,사상,2026-03-18,수,승차,21746,1077,1868,,2304,2305
227,사상,2026-03-18,수,하차,21796,1411,2102,,2090,2091
227,사상,2026-03-19,목,승차,24526,1046,2003,,2500,2501
227,사상,2026-03-19,목,하차,24335,1459,2229,,2219,2220
227,사상,2026-03-20,금,승차,27827,1096,1720,,2823,2824
227,사상,2026-03-20,금,하차,28086,1445,2222,,2808,2809
227,사상,2026-03-21,토,승차,27674,608,1150,,1656,1657
227,사상,2026-03-21,토,하차,27579,1028,1095,,2146,2147
227,사상,2026-03-22,일,승차,20637,343,700,,1326,1327
227,사상,2026-03-22,일,하차,20515,547,681,,1751,1752
227,사상,2026-03-23,월,승차,24199,1180,2024,,2361,2362
227,사상,2026-03-23,월,하차,23726,1571,2322,,2089,2090
227,사상,2026-03-24,화,승차,23427,1078,2060,,2352,2353
227,사상,2026-03-24,화,하차,23256,1517,2282,,2159,2160
227,사상,2026-03-25,수,승차,23567,1145,2007,,2421,2422
227,사상,2026-03-25,수,하차,23382,1471,2239,,2258,2259
227,사상,2026-03-26,목,승차,24855,1108,1962,,2505,2506
227,사상,2026-03-26,목,하차,25052,1560,2242,,2244,2245
227,사상,2026-03-27,금,승차,28408,1025,1772,,2934,2935
227,사상,2026-03-27,금,하차,29419,1541,2279,,3010,3011
227,사상,2026-03-28,토,승차,30581,690,1324,,1874,1875
227,사상,2026-03-28,토,하차,30293,937,1271,,2360,2361
227,사상,2026-03-29,일,승차,24376,415,748,,1855,1856
227,사상,2026-03-29,일,하차,24086,560,867,,1811,1812
227,사상,2026-03-30,월,승차,24228,1199,2088,,2352,2353
227,사상,2026-03-30,월,하차,23715,1572,2362,,1981,1982
227,사상,2026-03-31,화,승차,23879,1099,2064,,2406,2407
227,사상,2026-03-31,화,하차,24198,1536,2304,,2159,2160
227,사상,2026-04-01,수,승차,24341,1151,2006,,2481,2482
227,사상,2026-04-01,수,하차,24019,1582,2309,,2091,2092
227,사상,2026-04-02,목,승차,25936,1145,1926,,2671,2672
227,사상,2026-04-02,목,하차,26607,1620,2359,,2421,2422
227,사상,2026-04-03,금,승차,29324,1027,1828,,3125,3126
227,사상,2026-04-03,금,하차,30401,1556,2319,,2870,2871
227,사상,2026-04-04,토,승차,24724,507,1027,,1540,1541
227,사상,2026-04-04,토,하차,24166,648,954,,1765,1766
227,사상,2026-04-05,일,승차,25005,506,784,,1709,1710
227,사상,2026-04-05,일,하차,25026,712,960,,1850,1851
227,사상,2026-04-06,월,승차,23102,1154,2120,,2319,2320
227,사상,2026-04-06,월,하차,22973,1575,2324,,1986,1987
227,사상,2026-04-07,화,승차,24076,1155,2075,,2440,2441
227,사상,2026-04-07,화,하차,24137,1576,2396,,2161,2162
227,사상,2026-04-08,수,승차,24379,1185,1973,,2552,2553
227,사상,2026-04-08,수,하차,24696,1569,2380,,2269,2270
227,사상,2026-04-09,목,승차,20556,1139,1933,,2015,2016
227,사상,2026-04-09,목,하차,20935,1396,2087,,2011,2012
227,사상,2026-04-10,금,승차,26925,1195,1878,,2789,2790
227,사상,2026-04-10,금,하차,27638,1414,2172,,2783,2784
227,사상,2026-04-11,토,승차,26963,684,1371,,1707,1708
227,사상,2026-04-11,토,하차,26890,926,1213,,1912,1913
227,사상,2026-04-12,일,승차,21043,440,725,,1475,1476
227,사상,2026-04-12,일,하차,20608,655,957,,1725,1726
227,사상,2026-04-13,월,승차,23802,1233,2085,,2334,2335
227,사상,2026-04-13,월,하차,23580,1545,2300,,2142,2143
227,사상,2026-04-14,화,승차,23112,1213,2013,,2401,2402
227,사상,2026-04-14,화,하차,23325,1553,2280,,2064,2065
227,사상,2026-04-15,수,승차,23431,1244,1927,,2475,2476
227,사상,2026-04-15,수,하차,23629,1488,2237,,2171,2172
227,사상,2026-04-16,목,승차,23418,1195,1884,,2486,2487
227,사상,2026-04-16,목,하차,23901,1494,2219,,2258,2259
227,사상,2026-04-17,금,승차,25351,1076,1849,,2592,2593
227,사상,2026-04-17,금,하차,25528,1527,2175,,2654,2655
227,사상,2026-04-18,토,승차,25612,637,1243,,1460,1461
227,사상,2026-04-18,토,하차,25375,1047,1097,,1872,1873
227,사상,2026-04-19,일,승차,19674,374,658,,1336,1337
227,사상,2026-04-19,일,하차,20143,751,794,,1569,1570
227,사상,2026-04-20,월,승차,22919,1292,1930,,2310,2311
227,사상,2026-04-20,월,하차,22893,1527,2300,,1932,1933
227,사상,2026-04-21,화,승차,23234,1147,1996,,2408,2409
227,사상,2026-04-21,화,하차,23358,1571,2259,,2150,2151
227,사상,2026-04-22,수,승차,22441,1247,1877,,2371,2372
227,사상,2026-04-22,수,하차,22646,1456,2247,,1982,1983
227,사상,2026-04-23,목,승차,23210,1114,1921,,2331,2332
227,사상,2026-04-23,목,하차,23723,1479,2172,,2124,2125
227,사상,2026-04-24,금,승차,27133,1129,1798,,2768,2769
227,사상,2026-04-24,금,하차,27941,1542,2257,,2690,2691
227,사상,2026-04-25,토,승차,27327,754,1224,,1566,1567
227,사상,2026-04-25,토,하차,26894,920,1195,,2038,2039
227,사상,2026-04-26,일,승차,21329,449,768,,1459,1460
227,사상,2026-04-26,일,하차,20839,607,717,,1741,1742
227,사상,2026-04-27,월,승차,23767,1203,2056,,2421,2422
227,사상,2026-04-27,월,하차,23487,1545,2299,,2021,2022
227,사상,2026-04-28,화,승차,24042,1153,2084,,2472,2473
227,사상,2026-04-28,화,하차,24133,1528,2314,,2213,2214
227,사상,2026-04-29,수,승차,24442,1209,1976,,2402,2403
227,사상,2026-04-29,수,하차,24506,1563,2210,,2128,2129
227,사상,2026-04-30,목,승차,28577,1163,1957,,2785,2786
227,사상,2026-04-30,목,하차,29022,1547,2110,,3034,3035
227,사상,2026-05-01,금,승차,26278,531,898,,1525,1526
227,사상,2026-05-01,금,하차,26332,751,1072,,2147,2148
227,사상,2026-05-02,토,승차,28613,689,1296,,1628,1629
227,사상,2026-05-02,토,하차,27667,771,1036,,2225,2226
227,사상,2026-05-03,일,승차,20197,362,597,,1354,1355
227,사상,2026-05-03,일,하차,18524,539,588,,1465,1466
227,사상,2026-05-04,월,승차,27037,1102,1806,,2390,2391
227,사상,2026-05-04,월,하차,27586,1308,1933,,2761,2762
227,사상,2026-05-05,화,승차,20494,428,573,,1334,1335
227,사상,2026-05-05,화,하차,21395,753,861,,1726,1727
227,사상,2026-05-06,수,승차,24456,1287,2172,,2523,2524
227,사상,2026-05-06,수,하차,24436,1579,2337,,2182,2183
227,사상,2026-05-07,목,승차,24094,1199,1950,,2403,2404
227,사상,2026-05-07,목,하차,24480,1458,2303,,2373,2374
227,사상,2026-05-08,금,승차,26803,1176,1774,,2768,2769
227,사상,2026-05-08,금,하차,28300,1508,2169,,2817,2818
227,사상,2026-05-09,토,승차,27017,665,1314,,1553,1554
227,사상,2026-05-09,토,하차,26402,874,1225,,1943,1944
227,사상,2026-05-10,일,승차,21876,474,735,,1452,1453
227,사상,2026-05-10,일,하차,21311,577,700,,1807,1808
227,사상,2026-05-11,월,승차,24111,1304,1959,,2442,2443
227,사상,2026-05-11,월,하차,23779,1516,2367,,2073,2074
227,사상,2026-05-12,화,승차,22799,1195,2033,,2407,2408
227,사상,2026-05-12,화,하차,22967,1522,2252,,2004,2005
227,사상,2026-05-13,수,승차,23970,1271,1936,,2522,2523
227,사상,2026-05-13,수,하차,24018,1537,2244,,2037,2038
227,사상,2026-05-14,목,승차,24106,1183,1800,,2374,2375
227,사상,2026-05-14,목,하차,24085,1569,2207,,2051,2052
227,사상,2026-05-15,금,승차,27312,1097,1794,,2972,2973
227,사상,2026-05-15,금,하차,27856,1551,2262,,2593,2594
227,사상,2026-05-16,토,승차,29691,880,1495,,2038,2039
227,사상,2026-05-16,토,하차,28489,1131,1155,,2155,2156
227,사상,2026-05-17,일,승차,22373,545,893,,1353,1354
227,사상,2026-05-17,일,하차,22698,646,767,,1886,1887
227,사상,2026-05-18,월,승차,23583,1259,2100,,2426,2427
227,사상,2026-05-18,월,하차,23600,1595,2322,,2140,2141
227,사상,2026-05-19,화,승차,23157,1275,1962,,2474,2475
227,사상,2026-05-19,화,하차,23483,1586,2320,,2089,2090
227,사상,2026-05-20,수,승차,21028,1218,1843,,2164,2165
227,사상,2026-05-20,수,하차,21437,1465,2267,,1961,1962
227,사상,2026-05-21,목,승차,22775,1150,2014,,2292,2293
227,사상,2026-05-21,목,하차,23198,1376,2175,,2148,2149
227,사상,2026-05-22,금,승차,27225,1107,1880,,2831,2832
227,사상,2026-05-22,금,하차,28538,1500,2252,,2716,2717
227,사상,2026-05-23,토,승차,27080,735,1246,,1673,1674
227,사상,2026-05-23,토,하차,26641,823,1232,,2128,2129
227,사상,2026-05-24,일,승차,22205,499,904,,1321,1322
227,사상,2026-05-24,일,하차,21622,599,816,,1998,1999
227,사상,2026-05-25,월,승차,21433,487,742,,1487,1488
227,사상,2026-05-25,월,하차,20811,639,846,,1654,1655
227,사상,2026-05-26,화,승차,22996,1257,2093,,2235,2236
227,사상,2026-05-26,화,하차,22756,1539,2257,,1950,1951
227,사상,2026-05-27,수,승차,21654,1231,1776,,2179,2180
227,사상,2026-05-27,수,하차,21511,1353,2050,,2005,2006
227,사상,2026-05-28,목,승차,24056,1115,1797,,2335,2336
227,사상,2026-05-28,목,하차,23999,1531,2317,,2068,2069
227,사상,2026-05-29,금,승차,26568,1179,1778,,2886,2887
227,사상,2026-05-29,금,하차,27524,1534,2206,,2617,2618
227,사상,2026-05-30,토,승차,25282,625,1221,,1338,1339
227,사상,2026-05-30,토,하차,24699,786,1016,,1809,1810
227,사상,2026-05-31,일,승차,19430,426,712,,1384,1385
227,사상,2026-05-31,일,하차,19174,475,657,,1571,1572
227,사상,2026-06-01,월,승차,22978,1288,2083,,2255,2256
227,사상,2026-06-01,월,하차,22619,1525,2323,,1922,1923
227,사상,2026-06-02,화,승차,21559,1075,1821,,2413,2414
227,사상,2026-06-02,화,하차,22112,1383,2140,,2282,2283
227,사상,2026-06-03,수,승차,18928,554,884,,1026,1027
227,사상,2026-06-03,수,하차,18445,638,825,,1317,1318
227,사상,2026-06-04,목,승차,23382,1318,1926,,2351,2352
227,사상,2026-06-04,목,하차,23462,1502,2210,,2133,2134
227,사상,2026-06-05,금,승차,26811,1159,1699,,2811,2812
227,사상,2026-06-05,금,하차,27054,1477,2135,,2688,2689
227,사상,2026-06-06,토,승차,23480,598,972,,1300,1301
227,사상,2026-06-06,토,하차,23124,745,950,,1752,1753
227,사상,2026-06-07,일,승차,18585,410,657,,1196,1197
227,사상,2026-06-07,일,하차,18228,584,677,,1374,1375
227,사상,2026-06-08,월,승차,22199,1188,1914,,2215,2216
227,사상,2026-06-08,월,하차,22138,1524,2179,,1960,1961
227,사상,2026-06-09,화,승차,23038,1220,1924,,2337,2338
227,사상,2026-06-09,화,하차,22898,1556,2257,,1899,1900
227,사상,2026-06-10,수,승차,24130,1368,1902,,2502,2503
227,사상,2026-06-10,수,하차,23323,1508,2269,,2129,2130
227,사상,2026-06-11,목,승차,26678,1181,1871,,2672,2673
227,사상,2026-06-11,목,하차,23729,1528,2161,,2020,2021
227,사상,2026-06-12,금,승차,28665,1300,1958,,2903,2904
227,사상,2026-06-12,금,하차,26321,1410,2182,,2575,2576
227,사상,2026-06-13,토,승차,26571,899,1273,,1548,1549
227,사상,2026-06-13,토,하차,26242,868,1081,,1877,1878
227,사상,2026-06-14,일,승차,19331,446,711,,1249,1250
227,사상,2026-06-14,일,하차,21181,777,814,,1529,1530
227,사상,2026-06-15,월,승차,22945,1313,1940,,2360,2361
227,사상,2026-06-15,월,하차,23562,1655,2282,,1960,1961
227,사상,2026-06-16,화,승차,23232,1172,1882,,2328,2329
227,사상,2026-06-16,화,하차,23179,1537,2162,,2051,2052
227,사상,2026-06-17,수,승차,23105,1184,1932,,2395,2396
227,사상,2026-06-17,수,하차,22898,1552,2165,,2019,2020
227,사상,2026-06-18,목,승차,23495,1135,1873,,2386,2387
227,사상,2026-06-18,목,하차,23334,1445,2173,,2014,2015
227,사상,2026-06-19,금,승차,26360,1215,1791,,2890,2891
227,사상,2026-06-19,금,하차,25744,1421,2211,,2644,2645
227,사상,2026-06-20,토,승차,22824,429,797,,1419,1420
227,사상,2026-06-20,토,하차,22651,755,900,,1726,1727
227,사상,2026-06-21,일,승차,19191,466,655,,1274,1275
227,사상,2026-06-21,일,하차,19635,638,725,,1647,1648
227,사상,2026-06-22,월,승차,23416,1215,1945,,2293,2294
227,사상,2026-06-22,월,하차,23471,1538,2195,,1984,1985
227,사상,2026-06-23,화,승차,23507,1185,1680,,2317,2318
227,사상,2026-06-23,화,하차,23806,1539,2231,,2158,2159
227,사상,2026-06-24,수,승차,22817,1119,1575,,2330,2331
227,사상,2026-06-24,수,하차,22918,1498,2175,,2041,2042
227,사상,2026-06-25,목,승차,23031,1083,1632,,2354,2355
227,사상,2026-06-25,목,하차,23228,1472,2111,,2152,2153
227,사상,2026-06-26,금,승차,27355,1047,1699,,2863,2864
227,사상,2026-06-26,금,하차,27100,1495,2139,,2663,2664
227,사상,2026-06-27,토,승차,27423,634,1256,,1500,1501
227,사상,2026-06-27,토,하차,26536,782,1106,,1937,1938
227,사상,2026-06-28,일,승차,20557,421,698,,1178,1179
227,사상,2026-06-28,일,하차,20933,593,741,,1592,1593
227,사상,2026-06-29,월,승차,23126,1218,1702,,2363,2364
227,사상,2026-06-29,월,하차,23456,1623,2244,,1905,1906
227,사상,2026-06-30,화,승차,22450,1105,1573,,2260,2261
227,사상,2026-06-30,화,하차,22865,1533,2159,,1975,1976
228,덕포,2026-01-01,목,승차,2064,63,105,,84,85
228,덕포,2026-01-01,목,하차,1954,40,127,,126,127
228,덕포,2026-01-02,금,승차,4510,257,434,,405,406
228,덕포,2026-01-02,금,하차,4132,287,393,,345,346
228,덕포,2026-01-03,토,승차,3385,126,204,,165,166
228,덕포,2026-01-03,토,하차,3205,77,153,,172,173
228,덕포,2026-01-04,일,승차,2444,61,124,,121,122
228,덕포,2026-01-04,일,하차,2366,58,85,,139,140
228,덕포,2026-01-05,월,승차,5000,350,508,,484,485
228,덕포,2026-01-05,월,하차,4680,428,484,,418,419
228,덕포,2026-01-06,화,승차,5249,348,526,,571,572
228,덕포,2026-01-06,화,하차,4966,443,531,,437,438
228,덕포,2026-01-07,수,승차,5281,350,499,,541,542
228,덕포,2026-01-07,수,하차,5001,452,524,,468,469
228,덕포,2026-01-08,목,승차,5222,347,491,,528,529
228,덕포,2026-01-08,목,하차,4885,437,514,,401,402
228,덕포,2026-01-09,금,승차,5303,318,517,,560,561
228,덕포,2026-01-09,금,하차,4982,406,523,,461,462
228,덕포,2026-01-10,토,승차,3692,117,247,,182,183
228,덕포,2026-01-10,토,하차,3410,114,167,,236,237
228,덕포,2026-01-11,일,승차,2446,79,115,,171,172
228,덕포,2026-01-11,일,하차,2382,126,80,,149,150
228,덕포,2026-01-12,월,승차,4918,368,502,,484,485
228,덕포,2026-01-12,월,하차,4604,445,504,,409,410
228,덕포,2026-01-13,화,승차,5340,333,572,,565,566
228,덕포,2026-01-13,화,하차,5108,444,530,,431,432
228,덕포,2026-01-14,수,승차,5222,338,514,,598,599
228,덕포,2026-01-14,수,하차,4930,433,546,,406,407
228,덕포,2026-01-15,목,승차,5252,334,552,,586,587
228,덕포,2026-01-15,목,하차,4976,440,547,,416,417
228,덕포,2026-01-16,금,승차,5258,339,508,,564,565
228,덕포,2026-01-16,금,하차,4951,409,512,,418,419
228,덕포,2026-01-17,토,승차,3822,125,233,,217,218
228,덕포,2026-01-17,토,하차,3483,134,146,,201,202
228,덕포,2026-01-18,일,승차,2746,69,139,,157,158
228,덕포,2026-01-18,일,하차,2701,96,98,,152,153
228,덕포,2026-01-19,월,승차,5008,353,549,,499,500
228,덕포,2026-01-19,월,하차,4824,448,500,,433,434
228,덕포,2026-01-20,화,승차,5320,335,530,,585,586
228,덕포,2026-01-20,화,하차,4970,427,535,,467,468
228,덕포,2026-01-21,수,승차,5068,340,505,,550,551
228,덕포,2026-01-21,수,하차,4794,453,542,,393,394
228,덕포,2026-01-22,목,승차,4858,341,503,,506,507
228,덕포,2026-01-22,목,하차,4674,430,536,,375,376
228,덕포,2026-01-23,금,승차,5303,335,522,,581,582
228,덕포,2026-01-23,금,하차,4918,426,557,,410,411
228,덕포,2026-01-24,토,승차,3522,139,219,,200,201
228,덕포,2026-01-24,토,하차,3246,95,168,,213,214
228,덕포,2026-01-25,일,승차,2547,64,96,,155,156
228,덕포,2026-01-25,일,하차,2453,61,73,,147,148
228,덕포,2026-01-26,월,승차,4970,338,529,,532,533
228,덕포,2026-01-26,월,하차,4688,429,555,,418,419
228,덕포,2026-01-27,화,승차,5286,338,535,,563,564
228,덕포,2026-01-27,화,하차,5030,433,562,,427,428
228,덕포,2026-01-28,수,승차,5391,342,520,,579,580
228,덕포,2026-01-28,수,하차,5068,449,610,,428,429
228,덕포,2026-01-29,목,승차,5227,343,511,,567,568
228,덕포,2026-01-29,목,하차,4877,429,549,,419,420
228,덕포,2026-01-30,금,승차,5166,321,510,,543,544
228,덕포,2026-01-30,금,하차,4865,426,583,,413,414
228,덕포,2026-01-31,토,승차,3765,124,250,,208,209
228,덕포,2026-01-31,토,하차,3362,105,174,,221,222
228,덕포,2026-02-01,일,승차,2479,65,119,,156,157
228,덕포,2026-02-01,일,하차,2476,53,81,,146,147
228,덕포,2026-02-02,월,승차,4995,375,543,,496,497
228,덕포,2026-02-02,월,하차,4731,455,610,,411,412
228,덕포,2026-02-03,화,승차,5403,347,593,,531,532
228,덕포,2026-02-03,화,하차,5226,459,588,,429,430
228,덕포,2026-02-04,수,승차,5451,353,521,,571,572
228,덕포,2026-02-04,수,하차,5200,462,627,,430,431
228,덕포,2026-02-05,목,승차,5264,337,550,,573,574
228,덕포,2026-02-05,목,하차,5051,443,626,,401,402
228,덕포,2026-02-06,금,승차,5366,344,523,,551,552
228,덕포,2026-02-06,금,하차,5125,436,588,,396,397
228,덕포,2026-02-07,토,승차,3733,137,238,,188,189
228,덕포,2026-02-07,토,하차,3414,98,158,,217,218
228,덕포,2026-02-08,일,승차,2461,73,108,,139,140
228,덕포,2026-02-08,일,하차,2375,129,96,,117,118
228,덕포,2026-02-09,월,승차,5089,348,513,,539,540
228,덕포,2026-02-09,월,하차,4741,443,587,,430,431
228,덕포,2026-02-10,화,승차,5208,333,528,,499,500
228,덕포,2026-02-10,화,하차,4962,446,593,,409,410
228,덕포,2026-02-11,수,승차,5494,330,542,,570,571
228,덕포,2026-02-11,수,하차,5220,457,639,,431,432
228,덕포,2026-02-12,목,승차,5362,339,542,,491,492
228,덕포,2026-02-12,목,하차,5195,463,647,,438,439
228,덕포,2026-02-13,금,승차,5625,332,526,,509,510
228,덕포,2026-02-13,금,하차,5279,425,598,,423,424
228,덕포,2026-02-14,토,승차,3772,137,243,,202,203
228,덕포,2026-02-14,토,하차,3504,104,181,,237,238
228,덕포,2026-02-15,일,승차,2629,51,128,,155,156
228,덕포,2026-02-15,일,하차,2509,45,89,,156,157
228,덕포,2026-02-16,월,승차,2019,55,94,,98,99
228,덕포,2026-02-16,월,하차,1940,38,58,,108,109
228,덕포,2026-02-17,화,승차,1772,60,62,,126,127
228,덕포,2026-02-17,화,하차,1598,31,58,,124,125
228,덕포,2026-02-18,수,승차,2079,45,96,,125,126
228,덕포,2026-02-18,수,하차,2031,36,50,,140,141
228,덕포,2026-02-19,목,승차,5124,303,478,,488,489
228,덕포,2026-02-19,목,하차,4822,385,572,,415,416
228,덕포,2026-02-20,금,승차,5399,312,532,,552,553
228,덕포,2026-02-20,금,하차,5083,388,528,,398,399
228,덕포,2026-02-21,토,승차,3729,173,252,,207,208
228,덕포,2026-02-21,토,하차,3513,117,194,,213,214
228,덕포,2026-02-22,일,승차,2597,68,130,,140,141
228,덕포,2026-02-22,일,하차,2506,64,88,,156,157
228,덕포,2026-02-23,월,승차,5180,335,533,,501,502
228,덕포,2026-02-23,월,하차,4968,473,609,,421,422
228,덕포,2026-02-24,화,승차,4945,314,533,,500,501
228,덕포,2026-02-24,화,하차,4759,436,575,,403,404
228,덕포,2026-02-25,수,승차,5419,324,521,,557,558
228,덕포,2026-02-25,수,하차,5069,422,618,,432,433
228,덕포,2026-02-26,목,승차,5217,335,540,,513,514
228,덕포,2026-02-26,목,하차,4949,447,575,,382,383
228,덕포,2026-02-27,금,승차,5272,310,483,,602,603
228,덕포,2026-02-27,금,하차,4894,404,543,,462,463
228,덕포,2026-02-28,토,승차,4097,155,238,,212,213
228,덕포,2026-02-28,토,하차,3885,110,168,,228,229
228,덕포,2026-03-01,일,승차,2725,77,141,,154,155
228,덕포,2026-03-01,일,하차,2554,83,90,,187,188
228,덕포,2026-03-02,월,승차,2252,92,164,,125,126
228,덕포,2026-03-02,월,하차,2234,108,105,,144,145
228,덕포,2026-03-03,화,승차,5903,429,571,,641,642
228,덕포,2026-03-03,화,하차,5574,486,732,,463,464
228,덕포,2026-03-04,수,승차,5887,415,590,,607,608
228,덕포,2026-03-04,수,하차,5582,492,698,,446,447
228,덕포,2026-03-05,목,승차,5912,420,593,,593,594
228,덕포,2026-03-05,목,하차,5575,511,677,,396,397
228,덕포,2026-03-06,금,승차,5756,414,541,,640,641
228,덕포,2026-03-06,금,하차,5458,483,637,,455,456
228,덕포,2026-03-07,토,승차,3943,143,276,,235,236
228,덕포,2026-03-07,토,하차,3636,115,160,,243,244
228,덕포,2026-03-08,일,승차,2876,68,155,,152,153
228,덕포,2026-03-08,일,하차,2860,122,91,,181,182
228,덕포,2026-03-09,월,승차,5748,454,552,,586,587
228,덕포,2026-03-09,월,하차,5451,516,662,,499,500
228,덕포,2026-03-10,화,승차,5933,441,587,,623,624
228,덕포,2026-03-10,화,하차,5636,515,675,,474,475
228,덕포,2026-03-11,수,승차,6101,438,600,,659,660
228,덕포,2026-03-11,수,하차,5756,527,715,,464,465
228,덕포,2026-03-12,목,승차,5788,466,565,,608,609
228,덕포,2026-03-12,목,하차,5520,511,661,,441,442
228,덕포,2026-03-13,금,승차,5928,440,591,,616,617
228,덕포,2026-03-13,금,하차,5596,480,658,,459,460
228,덕포,2026-03-14,토,승차,4157,161,283,,241,242
228,덕포,2026-03-14,토,하차,4020,141,218,,294,295
228,덕포,2026-03-15,일,승차,2748,84,156,,146,147
228,덕포,2026-03-15,일,하차,2750,118,86,,200,201
228,덕포,2026-03-16,월,승차,5671,443,590,,587,588
228,덕포,2026-03-16,월,하차,5405,484,677,,427,428
228,덕포,2026-03-17,화,승차,5987,444,585,,600,601
228,덕포,2026-03-17,화,하차,5623,499,684,,429,430
228,덕포,2026-03-18,수,승차,5633,436,553,,590,591
228,덕포,2026-03-18,수,하차,5321,497,707,,422,423
228,덕포,2026-03-19,목,승차,5877,429,584,,604,605
228,덕포,2026-03-19,목,하차,5670,516,739,,473,474
228,덕포,2026-03-20,금,승차,6110,419,581,,624,625
228,덕포,2026-03-20,금,하차,5678,461,695,,442,443
228,덕포,2026-03-21,토,승차,4080,156,271,,244,245
228,덕포,2026-03-21,토,하차,3743,110,196,,270,271
228,덕포,2026-03-22,일,승차,2747,99,172,,143,144
228,덕포,2026-03-22,일,하차,2746,84,98,,197,198
228,덕포,2026-03-23,월,승차,5774,434,607,,582,583
228,덕포,2026-03-23,월,하차,5516,510,647,,442,443
228,덕포,2026-03-24,화,승차,6073,437,595,,610,611
228,덕포,2026-03-24,화,하차,5723,500,680,,454,455
228,덕포,2026-03-25,수,승차,5909,408,590,,604,605
228,덕포,2026-03-25,수,하차,5633,502,668,,426,427
228,덕포,2026-03-26,목,승차,5869,422,576,,579,580
228,덕포,2026-03-26,목,하차,5696,502,645,,456,457
228,덕포,2026-03-27,금,승차,6065,417,603,,627,628
228,덕포,2026-03-27,금,하차,5632,493,637,,451,452
228,덕포,2026-03-28,토,승차,4311,147,310,,231,232
228,덕포,2026-03-28,토,하차,4070,143,223,,266,267
228,덕포,2026-03-29,일,승차,3162,90,155,,195,196
228,덕포,2026-03-29,일,하차,2971,72,124,,191,192
228,덕포,2026-03-30,월,승차,5572,437,604,,536,537
228,덕포,2026-03-30,월,하차,5211,501,609,,407,408
228,덕포,2026-03-31,화,승차,5837,435,532,,562,563
228,덕포,2026-03-31,화,하차,5471,501,591,,444,445
228,덕포,2026-04-01,수,승차,5867,431,588,,574,575
228,덕포,2026-04-01,수,하차,5631,523,677,,443,444
228,덕포,2026-04-02,목,승차,5980,460,608,,589,590
228,덕포,2026-04-02,목,하차,5791,513,650,,502,503
228,덕포,2026-04-03,금,승차,6348,415,614,,630,631
228,덕포,2026-04-03,금,하차,5906,472,727,,410,411
228,덕포,2026-04-04,토,승차,3643,124,247,,240,241
228,덕포,2026-04-04,토,하차,3287,112,187,,203,204
228,덕포,2026-04-05,일,승차,3320,131,177,,213,214
228,덕포,2026-04-05,일,하차,3134,90,103,,193,194
228,덕포,2026-04-06,월,승차,5467,450,596,,539,540
228,덕포,2026-04-06,월,하차,5109,522,598,,436,437
228,덕포,2026-04-07,화,승차,6194,462,689,,598,599
228,덕포,2026-04-07,화,하차,5890,510,761,,505,506
228,덕포,2026-04-08,수,승차,6381,440,621,,611,612
228,덕포,2026-04-08,수,하차,6000,531,791,,508,509
228,덕포,2026-04-09,목,승차,5235,424,553,,549,550
228,덕포,2026-04-09,목,하차,5107,504,722,,404,405
228,덕포,2026-04-10,금,승차,6057,408,610,,629,630
228,덕포,2026-04-10,금,하차,5627,517,651,,462,463
228,덕포,2026-04-11,토,승차,4183,164,303,,248,249
228,덕포,2026-04-11,토,하차,3987,145,220,,235,236
228,덕포,2026-04-12,일,승차,2971,84,157,,174,175
228,덕포,2026-04-12,일,하차,2971,135,124,,154,155
228,덕포,2026-04-13,월,승차,5794,467,569,,524,525
228,덕포,2026-04-13,월,하차,5491,519,677,,473,474
228,덕포,2026-04-14,화,승차,5916,458,625,,581,582
228,덕포,2026-04-14,화,하차,5674,525,699,,489,490
228,덕포,2026-04-15,수,승차,6110,456,595,,610,611
228,덕포,2026-04-15,수,하차,5806,517,688,,487,488
228,덕포,2026-04-16,목,승차,5922,430,620,,580,581
228,덕포,2026-04-16,목,하차,5703,511,701,,486,487
228,덕포,2026-04-17,금,승차,5779,429,585,,548,549
228,덕포,2026-04-17,금,하차,5391,500,662,,451,452
228,덕포,2026-04-18,토,승차,4312,184,313,,265,266
228,덕포,2026-04-18,토,하차,3915,143,205,,230,231
228,덕포,2026-04-19,일,승차,2992,124,145,,186,187
228,덕포,2026-04-19,일,하차,2925,97,124,,205,206
228,덕포,2026-04-20,월,승차,5663,424,589,,542,543
228,덕포,2026-04-20,월,하차,5412,538,637,,450,451
228,덕포,2026-04-21,화,승차,5912,449,631,,590,591
228,덕포,2026-04-21,화,하차,5664,537,668,,461,462
228,덕포,2026-04-22,수,승차,5799,429,587,,530,531
228,덕포,2026-04-22,수,하차,5565,509,717,,484,485
228,덕포,2026-04-23,목,승차,5858,410,618,,561,562
228,덕포,2026-04-23,목,하차,5618,499,630,,445,446
228,덕포,2026-04-24,금,승차,6105,415,589,,628,629
228,덕포,2026-04-24,금,하차,5624,498,623,,425,426
228,덕포,2026-04-25,토,승차,3948,187,304,,216,217
228,덕포,2026-04-25,토,하차,3743,119,200,,253,254
228,덕포,2026-04-26,일,승차,2877,106,134,,162,163
228,덕포,2026-04-26,일,하차,2856,99,118,,188,189
228,덕포,2026-04-27,월,승차,5765,427,617,,571,572
228,덕포,2026-04-27,월,하차,5435,474,661,,455,456
228,덕포,2026-04-28,화,승차,6210,468,633,,561,562
228,덕포,2026-04-28,화,하차,5930,509,719,,493,494
228,덕포,2026-04-29,수,승차,6188,449,651,,586,587
228,덕포,2026-04-29,수,하차,5738,468,695,,447,448
228,덕포,2026-04-30,목,승차,6161,429,570,,625,626
228,덕포,2026-04-30,목,하차,5753,509,632,,420,421
228,덕포,2026-05-01,금,승차,3382,139,238,,222,223
228,덕포,2026-05-01,금,하차,3177,78,127,,186,187
228,덕포,2026-05-02,토,승차,3908,152,272,,203,204
228,덕포,2026-05-02,토,하차,3603,100,175,,213,214
228,덕포,2026-05-03,일,승차,2286,78,121,,134,135
228,덕포,2026-05-03,일,하차,2247,61,89,,123,124
228,덕포,2026-05-04,월,승차,5270,351,514,,515,516
228,덕포,2026-05-04,월,하차,4936,336,506,,393,394
228,덕포,2026-05-05,화,승차,3161,114,198,,141,142
228,덕포,2026-05-05,화,하차,2993,128,114,,217,218
228,덕포,2026-05-06,수,승차,6210,457,617,,673,674
228,덕포,2026-05-06,수,하차,5821,500,726,,474,475
228,덕포,2026-05-07,목,승차,6096,454,607,,615,616
228,덕포,2026-05-07,목,하차,5868,509,693,,478,479
228,덕포,2026-05-08,금,승차,6120,443,618,,647,648
228,덕포,2026-05-08,금,하차,5728,465,677,,479,480
228,덕포,2026-05-09,토,승차,4112,159,278,,238,239
228,덕포,2026-05-09,토,하차,3834,128,181,,243,244
228,덕포,2026-05-10,일,승차,2916,104,146,,154,155
228,덕포,2026-05-10,일,하차,2894,81,121,,169,170
228,덕포,2026-05-11,월,승차,5789,464,616,,561,562
228,덕포,2026-05-11,월,하차,5548,502,664,,448,449
228,덕포,2026-05-12,화,승차,5878,462,631,,579,580
228,덕포,2026-05-12,화,하차,5554,507,683,,469,470
228,덕포,2026-05-13,수,승차,6206,477,604,,604,605
228,덕포,2026-05-13,수,하차,5846,498,705,,467,468
228,덕포,2026-05-14,목,승차,5917,457,622,,586,587
228,덕포,2026-05-14,목,하차,5637,487,681,,461,462
228,덕포,2026-05-15,금,승차,5993,423,621,,583,584
228,덕포,2026-05-15,금,하차,5522,501,647,,462,463
228,덕포,2026-05-16,토,승차,4331,193,317,,244,245
228,덕포,2026-05-16,토,하차,4079,121,197,,274,275
228,덕포,2026-05-17,일,승차,3111,107,173,,172,173
228,덕포,2026-05-17,일,하차,2976,125,144,,189,190
228,덕포,2026-05-18,월,승차,5840,457,619,,557,558
228,덕포,2026-05-18,월,하차,5434,498,651,,458,459
228,덕포,2026-05-19,화,승차,5975,458,619,,599,600
228,덕포,2026-05-19,화,하차,5720,518,717,,482,483
228,덕포,2026-05-20,수,승차,5594,426,582,,596,597
228,덕포,2026-05-20,수,하차,5343,494,684,,462,463
228,덕포,2026-05-21,목,승차,5817,428,572,,554,555
228,덕포,2026-05-21,목,하차,5605,486,689,,448,449
228,덕포,2026-05-22,금,승차,6121,400,618,,597,598
228,덕포,2026-05-22,금,하차,5711,481,696,,487,488
228,덕포,2026-05-23,토,승차,4029,165,259,,238,239
228,덕포,2026-05-23,토,하차,3793,105,216,,235,236
228,덕포,2026-05-24,일,승차,2957,126,174,,157,158
228,덕포,2026-05-24,일,하차,2723,106,106,,203,204
228,덕포,2026-05-25,월,승차,3128,141,240,,156,157
228,덕포,2026-05-25,월,하차,3022,126,141,,220,221
228,덕포,2026-05-26,화,승차,5949,437,615,,574,575
228,덕포,2026-05-26,화,하차,5597,481,679,,452,453
228,덕포,2026-05-27,수,승차,5740,418,577,,628,629
228,덕포,2026-05-27,수,하차,5438,481,638,,407,408
228,덕포,2026-05-28,목,승차,6381,507,689,,592,593
228,덕포,2026-05-28,목,하차,6082,514,711,,471,472
228,덕포,2026-05-29,금,승차,6052,425,559,,602,603
228,덕포,2026-05-29,금,하차,5624,441,654,,441,442
228,덕포,2026-05-30,토,승차,4017,187,281,,242,243
228,덕포,2026-05-30,토,하차,3741,119,221,,214,215
228,덕포,2026-05-31,일,승차,2874,109,154,,182,183
228,덕포,2026-05-31,일,하차,2841,69,117,,187,188
228,덕포,2026-06-01,월,승차,5593,439,559,,590,591
228,덕포,2026-06-01,월,하차,5312,492,645,,469,470
228,덕포,2026-06-02,화,승차,5576,383,582,,620,621
228,덕포,2026-06-02,화,하차,5225,469,686,,421,422
228,덕포,2026-06-03,수,승차,3414,160,229,,214,215
228,덕포,2026-06-03,수,하차,3289,123,135,,203,204
228,덕포,2026-06-04,목,승차,5829,428,588,,576,577
228,덕포,2026-06-04,목,하차,5570,505,678,,471,472
228,덕포,2026-06-05,금,승차,6084,436,577,,645,646
228,덕포,2026-06-05,금,하차,5612,496,652,,460,461
228,덕포,2026-06-06,토,승차,3510,119,192,,195,196
228,덕포,2026-06-06,토,하차,3328,95,129,,238,239
228,덕포,2026-06-07,일,승차,2712,88,128,,161,162
228,덕포,2026-06-07,일,하차,2645,62,126,,150,151
228,덕포,2026-06-08,월,승차,5675,420,553,,558,559
228,덕포,2026-06-08,월,하차,5322,497,692,,458,459
228,덕포,2026-06-09,화,승차,6058,449,612,,602,603
228,덕포,2026-06-09,화,하차,5766,504,795,,486,487
228,덕포,2026-06-10,수,승차,6106,465,592,,654,655
228,덕포,2026-06-10,수,하차,5727,503,737,,451,452
228,덕포,2026-06-11,목,승차,5901,469,584,,589,590
228,덕포,2026-06-11,목,하차,5567,492,684,,447,448
228,덕포,2026-06-12,금,승차,5927,425,613,,581,582
228,덕포,2026-06-12,금,하차,5481,495,656,,451,452
228,덕포,2026-06-13,토,승차,4179,183,276,,265,266
228,덕포,2026-06-13,토,하차,3975,146,223,,263,264
228,덕포,2026-06-14,일,승차,2920,107,168,,171,172
228,덕포,2026-06-14,일,하차,2873,109,122,,135,136
228,덕포,2026-06-15,월,승차,5721,443,605,,562,563
228,덕포,2026-06-15,월,하차,5334,511,676,,427,428
228,덕포,2026-06-16,화,승차,5955,434,610,,605,606
228,덕포,2026-06-16,화,하차,5691,510,695,,458,459
228,덕포,2026-06-17,수,승차,5867,452,603,,571,572
228,덕포,2026-06-17,수,하차,5622,513,657,,441,442
228,덕포,2026-06-18,목,승차,5892,464,593,,548,549
228,덕포,2026-06-18,목,하차,5594,476,688,,450,451
228,덕포,2026-06-19,금,승차,5653,437,588,,556,557
228,덕포,2026-06-19,금,하차,5295,465,634,,413,414
228,덕포,2026-06-20,토,승차,3511,126,219,,213,214
228,덕포,2026-06-20,토,하차,3334,105,136,,198,199
228,덕포,2026-06-21,일,승차,2814,89,142,,165,166
228,덕포,2026-06-21,일,하차,2816,125,155,,146,147
228,덕포,2026-06-22,월,승차,5306,418,553,,508,509
228,덕포,2026-06-22,월,하차,5100,469,621,,433,434
228,덕포,2026-06-23,화,승차,5737,444,613,,524,525
228,덕포,2026-06-23,화,하차,5487,474,637,,479,480
228,덕포,2026-06-24,수,승차,5561,451,550,,548,549
228,덕포,2026-06-24,수,하차,5290,515,656,,424,425
228,덕포,2026-06-25,목,승차,5582,441,559,,552,553
228,덕포,2026-06-25,목,하차,5295,482,619,,382,383
228,덕포,2026-06-26,금,승차,5909,424,580,,583,584
228,덕포,2026-06-26,금,하차,5553,467,610,,411,412
228,덕포,2026-06-27,토,승차,4095,171,272,,228,229
228,덕포,2026-06-27,토,하차,3802,123,166,,238,239
228,덕포,2026-06-28,일,승차,3068,97,157,,147,148
228,덕포,2026-06-28,일,하차,2920,97,126,,169,170
228,덕포,2026-06-29,월,승차,5351,437,542,,543,544
228,덕포,2026-06-29,월,하차,5098,488,573,,447,448
228,덕포,2026-06-30,화,승차,5525,415,551,,502,503
228,덕포,2026-06-30,화,하차,5343,487,629,,438,439
229,모덕,2026-01-01,목,승차,488,17,25,,30,31
229,모덕,2026-01-01,목,하차,424,33,29,,17,18
229,모덕,2026-01-02,금,승차,2044,52,72,,355,356
229,모덕,2026-01-02,금,하차,1900,445,512,,39,40
229,모덕,2026-01-03,토,승차,824,27,40,,51,52
229,모덕,2026-01-03,토,하차,738,114,72,,36,37
229,모덕,2026-01-04,일,승차,466,18,23,,23,24
229,모덕,2026-01-04,일,하차,407,9,15,,29,30
229,모덕,2026-01-05,월,승차,2769,55,91,,509,510
229,모덕,2026-01-05,월,하차,2555,663,723,,61,62
229,모덕,2026-01-06,화,승차,2722,64,85,,519,520
229,모덕,2026-01-06,화,하차,2487,664,694,,70,71
229,모덕,2026-01-07,수,승차,2722,70,92,,517,518
229,모덕,2026-01-07,수,하차,2512,673,714,,74,75
229,모덕,2026-01-08,목,승차,2661,58,91,,523,524
229,모덕,2026-01-08,목,하차,2458,666,685,,62,63
229,모덕,2026-01-09,금,승차,2610,57,84,,438,439
229,모덕,2026-01-09,금,하차,2374,649,634,,51,52
229,모덕,2026-01-10,토,승차,921,28,43,,37,38
229,모덕,2026-01-10,토,하차,858,128,130,,23,24
229,모덕,2026-01-11,일,승차,501,10,29,,36,37
229,모덕,2026-01-11,일,하차,419,16,28,,22,23
229,모덕,2026-01-12,월,승차,2703,56,85,,528,529
229,모덕,2026-01-12,월,하차,2454,675,658,,57,58
229,모덕,2026-01-13,화,승차,2808,57,103,,536,537
229,모덕,2026-01-13,화,하차,2533,649,688,,75,76
229,모덕,2026-01-14,수,승차,2679,71,101,,491,492
229,모덕,2026-01-14,수,하차,2455,670,687,,55,56
229,모덕,2026-01-15,목,승차,2637,65,86,,488,489
229,모덕,2026-01-15,목,하차,2419,630,679,,58,59
229,모덕,2026-01-16,금,승차,2639,67,98,,475,476
229,모덕,2026-01-16,금,하차,2392,606,645,,70,71
229,모덕,2026-01-17,토,승차,1032,25,44,,61,62
229,모덕,2026-01-17,토,하차,889,146,109,,35,36
229,모덕,2026-01-18,일,승차,548,21,24,,31,32
229,모덕,2026-01-18,일,하차,466,18,19,,26,27
229,모덕,2026-01-19,월,승차,2668,64,93,,577,578
229,모덕,2026-01-19,월,하차,2472,648,641,,70,71
229,모덕,2026-01-20,화,승차,2653,74,93,,525,526
229,모덕,2026-01-20,화,하차,2480,658,667,,71,72
229,모덕,2026-01-21,수,승차,2634,67,97,,483,484
229,모덕,2026-01-21,수,하차,2431,649,662,,60,61
229,모덕,2026-01-22,목,승차,2560,64,100,,484,485
229,모덕,2026-01-22,목,하차,2363,650,633,,49,50
229,모덕,2026-01-23,금,승차,2549,62,98,,461,462
229,모덕,2026-01-23,금,하차,2320,613,617,,62,63
229,모덕,2026-01-24,토,승차,960,31,34,,84,85
229,모덕,2026-01-24,토,하차,877,125,118,,33,34
229,모덕,2026-01-25,일,승차,509,18,28,,34,35
229,모덕,2026-01-25,일,하차,420,14,23,,27,28
229,모덕,2026-01-26,월,승차,2574,71,92,,496,497
229,모덕,2026-01-26,월,하차,2456,672,633,,63,64
229,모덕,2026-01-27,화,승차,2724,59,95,,549,550
229,모덕,2026-01-27,화,하차,2488,668,647,,62,63
229,모덕,2026-01-28,수,승차,2572,62,95,,506,507
229,모덕,2026-01-28,수,하차,2396,635,629,,74,75
229,모덕,2026-01-29,목,승차,2590,58,104,,535,536
229,모덕,2026-01-29,목,하차,2388,630,626,,68,69
229,모덕,2026-01-30,금,승차,2442,58,101,,507,508
229,모덕,2026-01-30,금,하차,2262,586,583,,55,56
229,모덕,2026-01-31,토,승차,981,32,43,,71,72
229,모덕,2026-01-31,토,하차,915,143,108,,37,38
229,모덕,2026-02-01,일,승차,486,17,17,,20,21
229,모덕,2026-02-01,일,하차,386,18,18,,27,28
229,모덕,2026-02-02,월,승차,2679,70,98,,546,547
229,모덕,2026-02-02,월,하차,2434,676,624,,63,64
229,모덕,2026-02-03,화,승차,2701,71,113,,549,550
229,모덕,2026-02-03,화,하차,2466,660,626,,71,72
229,모덕,2026-02-04,수,승차,2640,77,101,,477,478
229,모덕,2026-02-04,수,하차,2394,663,634,,51,52
229,모덕,2026-02-05,목,승차,2532,69,106,,479,480
229,모덕,2026-02-05,목,하차,2293,620,659,,59,60
229,모덕,2026-02-06,금,승차,2548,56,105,,485,486
229,모덕,2026-02-06,금,하차,2332,634,581,,62,63
229,모덕,2026-02-07,토,승차,1046,32,51,,68,69
229,모덕,2026-02-07,토,하차,976,156,118,,36,37
229,모덕,2026-02-08,일,승차,522,15,22,,34,35
229,모덕,2026-02-08,일,하차,426,13,28,,32,33
229,모덕,2026-02-09,월,승차,2659,57,92,,529,530
229,모덕,2026-02-09,월,하차,2446,649,615,,56,57
229,모덕,2026-02-10,화,승차,2613,69,109,,549,550
229,모덕,2026-02-10,화,하차,2402,632,612,,68,69
229,모덕,2026-02-11,수,승차,2570,68,115,,474,475
229,모덕,2026-02-11,수,하차,2377,659,615,,56,57
229,모덕,2026-02-12,목,승차,2516,70,116,,465,466
229,모덕,2026-02-12,목,하차,2336,640,640,,62,63
229,모덕,2026-02-13,금,승차,2627,77,98,,274,275
229,모덕,2026-02-13,금,하차,2346,596,584,,62,63
229,모덕,2026-02-14,토,승차,884,24,44,,51,52
229,모덕,2026-02-14,토,하차,813,102,99,,43,44
229,모덕,2026-02-15,일,승차,516,13,27,,32,33
229,모덕,2026-02-15,일,하차,413,19,21,,33,34
229,모덕,2026-02-16,월,승차,377,14,15,,22,23
229,모덕,2026-02-16,월,하차,316,12,28,,18,19
229,모덕,2026-02-17,화,승차,334,15,11,,23,24
229,모덕,2026-02-17,화,하차,284,6,17,,23,24
229,모덕,2026-02-18,수,승차,417,14,20,,26,27
229,모덕,2026-02-18,수,하차,359,19,26,,24,25
229,모덕,2026-02-19,목,승차,2407,65,96,,447,448
229,모덕,2026-02-19,목,하차,2209,583,547,,65,66
229,모덕,2026-02-20,금,승차,2445,61,105,,451,452
229,모덕,2026-02-20,금,하차,2249,588,571,,58,59
229,모덕,2026-02-21,토,승차,972,30,48,,42,43
229,모덕,2026-02-21,토,하차,884,136,112,,43,44
229,모덕,2026-02-22,일,승차,568,27,27,,40,41
229,모덕,2026-02-22,일,하차,481,17,26,,26,27
229,모덕,2026-02-23,월,승차,2577,66,96,,518,519
229,모덕,2026-02-23,월,하차,2349,651,593,,67,68
229,모덕,2026-02-24,화,승차,2449,72,103,,465,466
229,모덕,2026-02-24,화,하차,2265,660,622,,60,61
229,모덕,2026-02-25,수,승차,2514,64,100,,499,500
229,모덕,2026-02-25,수,하차,2310,655,605,,69,70
229,모덕,2026-02-26,목,승차,2520,68,94,,520,521
229,모덕,2026-02-26,목,하차,2301,655,622,,53,54
229,모덕,2026-02-27,금,승차,2327,57,99,,463,464
229,모덕,2026-02-27,금,하차,2255,690,581,,72,73
229,모덕,2026-02-28,토,승차,1075,34,65,,54,55
229,모덕,2026-02-28,토,하차,986,145,112,,67,68
229,모덕,2026-03-01,일,승차,523,22,25,,19,20
229,모덕,2026-03-01,일,하차,461,18,21,,19,20
229,모덕,2026-03-02,월,승차,761,25,36,,86,87
229,모덕,2026-03-02,월,하차,744,175,110,,20,21
229,모덕,2026-03-03,화,승차,2615,75,115,,502,503
229,모덕,2026-03-03,화,하차,2374,653,615,,78,79
229,모덕,2026-03-04,수,승차,2629,75,100,,553,554
229,모덕,2026-03-04,수,하차,2421,685,629,,75,76
229,모덕,2026-03-05,목,승차,2662,73,118,,569,570
229,모덕,2026-03-05,목,하차,2384,701,631,,58,59
229,모덕,2026-03-06,금,승차,2664,65,108,,535,536
229,모덕,2026-03-06,금,하차,2474,672,630,,62,63
229,모덕,2026-03-07,토,승차,965,42,33,,54,55
229,모덕,2026-03-07,토,하차,876,157,103,,31,32
229,모덕,2026-03-08,일,승차,559,20,30,,28,29
229,모덕,2026-03-08,일,하차,444,23,31,,27,28
229,모덕,2026-03-09,월,승차,2667,76,104,,573,574
229,모덕,2026-03-09,월,하차,2511,709,636,,67,68
229,모덕,2026-03-10,화,승차,2738,77,110,,579,580
229,모덕,2026-03-10,화,하차,2475,693,659,,70,71
229,모덕,2026-03-11,수,승차,2691,75,110,,529,530
229,모덕,2026-03-11,수,하차,2477,701,657,,58,59
229,모덕,2026-03-12,목,승차,2653,75,103,,519,520
229,모덕,2026-03-12,목,하차,2446,703,656,,61,62
229,모덕,2026-03-13,금,승차,2715,61,103,,544,545
229,모덕,2026-03-13,금,하차,2446,655,640,,66,67
229,모덕,2026-03-14,토,승차,1101,26,49,,75,76
229,모덕,2026-03-14,토,하차,1063,167,138,,56,57
229,모덕,2026-03-15,일,승차,559,21,27,,35,36
229,모덕,2026-03-15,일,하차,466,21,26,,25,26
229,모덕,2026-03-16,월,승차,2679,78,107,,542,543
229,모덕,2026-03-16,월,하차,2460,713,643,,62,63
229,모덕,2026-03-17,화,승차,2749,59,125,,521,522
229,모덕,2026-03-17,화,하차,2526,717,671,,82,83
229,모덕,2026-03-18,수,승차,2560,84,96,,520,521
229,모덕,2026-03-18,수,하차,2339,700,645,,68,69
229,모덕,2026-03-19,목,승차,2729,68,126,,499,500
229,모덕,2026-03-19,목,하차,2510,670,671,,77,78
229,모덕,2026-03-20,금,승차,2684,70,103,,534,535
229,모덕,2026-03-20,금,하차,2496,695,638,,62,63
229,모덕,2026-03-21,토,승차,1081,37,53,,62,63
229,모덕,2026-03-21,토,하차,918,141,87,,36,37
229,모덕,2026-03-22,일,승차,570,24,33,,35,36
229,모덕,2026-03-22,일,하차,437,24,24,,35,36
229,모덕,2026-03-23,월,승차,2734,64,108,,547,548
229,모덕,2026-03-23,월,하차,2475,743,628,,56,57
229,모덕,2026-03-24,화,승차,2687,77,105,,509,510
229,모덕,2026-03-24,화,하차,2500,704,656,,68,69
229,모덕,2026-03-25,수,승차,2699,70,111,,512,513
229,모덕,2026-03-25,수,하차,2522,720,642,,56,57
229,모덕,2026-03-26,목,승차,2669,71,114,,524,525
229,모덕,2026-03-26,목,하차,2483,714,634,,76,77
229,모덕,2026-03-27,금,승차,2679,83,112,,498,499
229,모덕,2026-03-27,금,하차,2456,683,643,,73,74
229,모덕,2026-03-28,토,승차,1094,35,49,,63,64
229,모덕,2026-03-28,토,하차,926,140,85,,37,38
229,모덕,2026-03-29,일,승차,694,17,35,,30,31
229,모덕,2026-03-29,일,하차,469,29,31,,27,28
229,모덕,2026-03-30,월,승차,2697,75,109,,532,533
229,모덕,2026-03-30,월,하차,2465,707,638,,65,66
229,모덕,2026-03-31,화,승차,2782,72,228,,510,511
229,모덕,2026-03-31,화,하차,2544,710,641,,53,54
229,모덕,2026-04-01,수,승차,2680,93,108,,499,500
229,모덕,2026-04-01,수,하차,2452,707,667,,70,71
229,모덕,2026-04-02,목,승차,2761,76,112,,542,543
229,모덕,2026-04-02,목,하차,2557,736,657,,73,74
229,모덕,2026-04-03,금,승차,2691,76,111,,476,477
229,모덕,2026-04-03,금,하차,2451,690,589,,65,66
229,모덕,2026-04-04,토,승차,971,36,34,,84,85
229,모덕,2026-04-04,토,하차,893,127,97,,52,53
229,모덕,2026-04-05,일,승차,673,16,37,,21,22
229,모덕,2026-04-05,일,하차,528,23,24,,28,29
229,모덕,2026-04-06,월,승차,2657,69,116,,515,516
229,모덕,2026-04-06,월,하차,2481,700,633,,52,53
229,모덕,2026-04-07,화,승차,2759,77,132,,508,509
229,모덕,2026-04-07,화,하차,2542,683,651,,65,66
229,모덕,2026-04-08,수,승차,2755,84,125,,480,481
229,모덕,2026-04-08,수,하차,2510,682,665,,75,76
229,모덕,2026-04-09,목,승차,2589,65,117,,540,541
229,모덕,2026-04-09,목,하차,2441,689,657,,57,58
229,모덕,2026-04-10,금,승차,2605,73,103,,485,486
229,모덕,2026-04-10,금,하차,2398,646,613,,66,67
229,모덕,2026-04-11,토,승차,1066,32,58,,79,80
229,모덕,2026-04-11,토,하차,962,140,110,,43,44
229,모덕,2026-04-12,일,승차,570,30,39,,33,34
229,모덕,2026-04-12,일,하차,480,19,25,,29,30
229,모덕,2026-04-13,월,승차,2646,79,100,,493,494
229,모덕,2026-04-13,월,하차,2448,709,624,,49,50
229,모덕,2026-04-14,화,승차,2717,80,126,,559,560
229,모덕,2026-04-14,화,하차,2473,677,664,,53,54
229,모덕,2026-04-15,수,승차,2701,77,131,,481,482
229,모덕,2026-04-15,수,하차,2534,708,647,,60,61
229,모덕,2026-04-16,목,승차,2697,84,133,,528,529
229,모덕,2026-04-16,목,하차,2502,694,669,,70,71
229,모덕,2026-04-17,금,승차,2481,68,117,,444,445
229,모덕,2026-04-17,금,하차,2314,646,605,,66,67
229,모덕,2026-04-18,토,승차,965,30,44,,55,56
229,모덕,2026-04-18,토,하차,936,158,84,,46,47
229,모덕,2026-04-19,일,승차,547,30,31,,26,27
229,모덕,2026-04-19,일,하차,445,24,31,,32,33
229,모덕,2026-04-20,월,승차,2654,82,115,,472,473
229,모덕,2026-04-20,월,하차,2430,674,650,,55,56
229,모덕,2026-04-21,화,승차,2649,73,126,,529,530
229,모덕,2026-04-21,화,하차,2458,719,648,,62,63
229,모덕,2026-04-22,수,승차,2593,83,117,,460,461
229,모덕,2026-04-22,수,하차,2399,688,639,,59,60
229,모덕,2026-04-23,목,승차,2565,72,116,,504,505
229,모덕,2026-04-23,목,하차,2390,710,629,,65,66
229,모덕,2026-04-24,금,승차,2519,67,115,,475,476
229,모덕,2026-04-24,금,하차,2356,692,600,,63,64
229,모덕,2026-04-25,토,승차,1055,34,54,,60,61
229,모덕,2026-04-25,토,하차,1004,158,129,,52,53
229,모덕,2026-04-26,일,승차,605,25,26,,40,41
229,모덕,2026-04-26,일,하차,491,32,36,,30,31
229,모덕,2026-04-27,월,승차,2756,79,122,,555,556
229,모덕,2026-04-27,월,하차,2483,705,629,,65,66
229,모덕,2026-04-28,화,승차,2735,69,126,,495,496
229,모덕,2026-04-28,화,하차,2483,675,674,,59,60
229,모덕,2026-04-29,수,승차,2690,81,118,,481,482
229,모덕,2026-04-29,수,하차,2494,697,629,,76,77
229,모덕,2026-04-30,목,승차,2639,66,121,,472,473
229,모덕,2026-04-30,목,하차,2412,653,617,,63,64
229,모덕,2026-05-01,금,승차,937,22,53,,88,89
229,모덕,2026-05-01,금,하차,813,99,97,,42,43
229,모덕,2026-05-02,토,승차,916,34,54,,61,62
229,모덕,2026-05-02,토,하차,798,98,57,,46,47
229,모덕,2026-05-03,일,승차,530,12,30,,42,43
229,모덕,2026-05-03,일,하차,474,16,22,,40,41
229,모덕,2026-05-04,월,승차,2250,63,107,,432,433
229,모덕,2026-05-04,월,하차,2062,499,473,,58,59
229,모덕,2026-05-05,화,승차,913,29,33,,86,87
229,모덕,2026-05-05,화,하차,849,205,126,,43,44
229,모덕,2026-05-06,수,승차,2723,78,122,,513,514
229,모덕,2026-05-06,수,하차,2534,707,644,,71,72
229,모덕,2026-05-07,목,승차,2731,79,131,,519,520
229,모덕,2026-05-07,목,하차,2547,720,657,,83,84
229,모덕,2026-05-08,금,승차,2560,68,115,,454,455
229,모덕,2026-05-08,금,하차,2373,659,581,,64,65
229,모덕,2026-05-09,토,승차,1094,35,48,,61,62
229,모덕,2026-05-09,토,하차,1040,153,135,,46,47
229,모덕,2026-05-10,일,승차,605,25,30,,30,31
229,모덕,2026-05-10,일,하차,492,19,29,,40,41
229,모덕,2026-05-11,월,승차,2699,70,122,,552,553
229,모덕,2026-05-11,월,하차,2410,701,636,,66,67
229,모덕,2026-05-12,화,승차,2614,82,121,,536,537
229,모덕,2026-05-12,화,하차,2458,716,630,,70,71
229,모덕,2026-05-13,수,승차,2826,76,123,,526,527
229,모덕,2026-05-13,수,하차,2541,721,641,,67,68
229,모덕,2026-05-14,목,승차,2717,76,122,,501,502
229,모덕,2026-05-14,목,하차,2481,695,638,,58,59
229,모덕,2026-05-15,금,승차,2612,71,120,,494,495
229,모덕,2026-05-15,금,하차,2420,682,579,,66,67
229,모덕,2026-05-16,토,승차,1141,42,60,,66,67
229,모덕,2026-05-16,토,하차,1053,180,116,,54,55
229,모덕,2026-05-17,일,승차,639,37,37,,41,42
229,모덕,2026-05-17,일,하차,511,26,46,,38,39
229,모덕,2026-05-18,월,승차,2719,81,136,,555,556
229,모덕,2026-05-18,월,하차,2477,714,621,,72,73
229,모덕,2026-05-19,화,승차,2690,70,125,,550,551
229,모덕,2026-05-19,화,하차,2393,681,608,,63,64
229,모덕,2026-05-20,수,승차,2576,70,130,,523,524
229,모덕,2026-05-20,수,하차,2311,678,606,,64,65
229,모덕,2026-05-21,목,승차,2570,64,129,,514,515
229,모덕,2026-05-21,목,하차,2395,684,600,,55,56
229,모덕,2026-05-22,금,승차,2566,64,132,,449,450
229,모덕,2026-05-22,금,하차,2375,654,557,,66,67
229,모덕,2026-05-23,토,승차,1030,33,60,,77,78
229,모덕,2026-05-23,토,하차,942,145,96,,54,55
229,모덕,2026-05-24,일,승차,614,29,29,,36,37
229,모덕,2026-05-24,일,하차,490,31,36,,33,34
229,모덕,2026-05-25,월,승차,898,28,36,,69,70
229,모덕,2026-05-25,월,하차,795,181,96,,35,36
229,모덕,2026-05-26,화,승차,2578,68,120,,520,521
229,모덕,2026-05-26,화,하차,2414,733,621,,56,57
229,모덕,2026-05-27,수,승차,2497,64,123,,481,482
229,모덕,2026-05-27,수,하차,2295,698,607,,54,55
229,모덕,2026-05-28,목,승차,2721,71,125,,522,523
229,모덕,2026-05-28,목,하차,2501,702,637,,75,76
229,모덕,2026-05-29,금,승차,2504,60,113,,455,456
229,모덕,2026-05-29,금,하차,2315,678,592,,63,64
229,모덕,2026-05-30,토,승차,963,28,53,,50,51
229,모덕,2026-05-30,토,하차,948,155,111,,36,37
229,모덕,2026-05-31,일,승차,569,27,31,,34,35
229,모덕,2026-05-31,일,하차,478,19,26,,33,34
229,모덕,2026-06-01,월,승차,2519,75,114,,530,531
229,모덕,2026-06-01,월,하차,2331,675,612,,68,69
229,모덕,2026-06-02,화,승차,2516,64,108,,500,501
229,모덕,2026-06-02,화,하차,2323,643,640,,64,65
229,모덕,2026-06-03,수,승차,1012,26,41,,92,93
229,모덕,2026-06-03,수,하차,910,192,135,,39,40
229,모덕,2026-06-04,목,승차,2614,71,121,,484,485
229,모덕,2026-06-04,목,하차,2408,685,637,,50,51
229,모덕,2026-06-05,금,승차,2624,76,111,,491,492
229,모덕,2026-06-05,금,하차,2393,689,603,,61,62
229,모덕,2026-06-06,토,승차,874,24,43,,60,61
229,모덕,2026-06-06,토,하차,859,116,87,,34,35
229,모덕,2026-06-07,일,승차,517,21,35,,19,20
229,모덕,2026-06-07,일,하차,443,23,25,,21,22
229,모덕,2026-06-08,월,승차,2551,63,112,,523,524
229,모덕,2026-06-08,월,하차,2400,722,612,,64,65
229,모덕,2026-06-09,화,승차,2717,70,127,,549,550
229,모덕,2026-06-09,화,하차,2441,712,617,,65,66
229,모덕,2026-06-10,수,승차,2695,73,120,,532,533
229,모덕,2026-06-10,수,하차,2464,716,654,,61,62
229,모덕,2026-06-11,목,승차,2631,71,120,,500,501
229,모덕,2026-06-11,목,하차,2420,705,647,,74,75
229,모덕,2026-06-12,금,승차,2519,61,116,,469,470
229,모덕,2026-06-12,금,하차,2371,671,587,,58,59
229,모덕,2026-06-13,토,승차,1115,34,56,,61,62
229,모덕,2026-06-13,토,하차,1044,175,105,,34,35
229,모덕,2026-06-14,일,승차,566,29,42,,24,25
229,모덕,2026-06-14,일,하차,505,19,39,,34,35
229,모덕,2026-06-15,월,승차,2609,74,96,,539,540
229,모덕,2026-06-15,월,하차,2397,725,620,,73,74
229,모덕,2026-06-16,화,승차,2584,73,124,,504,505
229,모덕,2026-06-16,화,하차,2356,683,638,,65,66
229,모덕,2026-06-17,수,승차,2602,80,103,,486,487
229,모덕,2026-06-17,수,하차,2434,702,626,,66,67
229,모덕,2026-06-18,목,승차,2581,64,112,,497,498
229,모덕,2026-06-18,목,하차,2408,676,673,,74,75
229,모덕,2026-06-19,금,승차,2435,78,111,,467,468
229,모덕,2026-06-19,금,하차,2252,655,588,,63,64
229,모덕,2026-06-20,토,승차,895,21,39,,65,66
229,모덕,2026-06-20,토,하차,863,163,83,,44,45
229,모덕,2026-06-21,일,승차,518,25,30,,22,23
229,모덕,2026-06-21,일,하차,433,28,31,,26,27
229,모덕,2026-06-22,월,승차,2608,80,107,,515,516
229,모덕,2026-06-22,월,하차,2427,740,633,,56,57
229,모덕,2026-06-23,화,승차,2688,82,131,,548,549
229,모덕,2026-06-23,화,하차,2455,707,648,,61,62
229,모덕,2026-06-24,수,승차,2620,67,100,,510,511
229,모덕,2026-06-24,수,하차,2396,711,623,,56,57
229,모덕,2026-06-25,목,승차,2671,75,113,,518,519
229,모덕,2026-06-25,목,하차,2434,716,654,,70,71
229,모덕,2026-06-26,금,승차,2552,65,103,,468,469
229,모덕,2026-06-26,금,하차,2351,681,585,,69,70
229,모덕,2026-06-27,토,승차,1000,27,51,,88,89
229,모덕,2026-06-27,토,하차,909,139,102,,53,54
229,모덕,2026-06-28,일,승차,581,20,28,,36,37
229,모덕,2026-06-28,일,하차,468,13,28,,24,25
229,모덕,2026-06-29,월,승차,2583,77,81,,522,523
229,모덕,2026-06-29,월,하차,2411,693,607,,63,64
229,모덕,2026-06-30,화,승차,2585,61,100,,483,484
229,모덕,2026-06-30,화,하차,2321,628,629,,66,67
230,모라,2026-01-01,목,승차,2283,58,106,,95,96
230,모라,2026-01-01,목,하차,2144,86,75,,157,158
230,모라,2026-01-02,금,승차,4599,276,383,,506,507
230,모라,2026-01-02,금,하차,4089,265,482,,362,363
230,모라,2026-01-03,토,승차,3683,149,187,,200,201
230,모라,2026-01-03,토,하차,3191,108,120,,220,221
230,모라,2026-01-04,일,승차,2665,62,146,,113,114
230,모라,2026-01-04,일,하차,2293,66,59,,141,142
230,모라,2026-01-05,월,승차,5172,331,427,,638,639
230,모라,2026-01-05,월,하차,4643,402,594,,371,372
230,모라,2026-01-06,화,승차,5294,323,464,,592,593
230,모라,2026-01-06,화,하차,4685,390,644,,351,352
230,모라,2026-01-07,수,승차,5367,314,472,,650,651
230,모라,2026-01-07,수,하차,4818,394,607,,378,379
230,모라,2026-01-08,목,승차,5315,294,480,,562,563
230,모라,2026-01-08,목,하차,4704,406,593,,366,367
230,모라,2026-01-09,금,승차,5467,330,468,,629,630
230,모라,2026-01-09,금,하차,4759,382,595,,416,417
230,모라,2026-01-10,토,승차,3927,158,252,,204,205
230,모라,2026-01-10,토,하차,3380,107,144,,249,250
230,모라,2026-01-11,일,승차,2693,91,136,,144,145
230,모라,2026-01-11,일,하차,2398,75,69,,154,155
230,모라,2026-01-12,월,승차,5078,303,433,,622,623
230,모라,2026-01-12,월,하차,4598,412,588,,370,371
230,모라,2026-01-13,화,승차,5453,304,502,,656,657
230,모라,2026-01-13,화,하차,4864,405,617,,384,385
230,모라,2026-01-14,수,승차,5327,298,490,,594,595
230,모라,2026-01-14,수,하차,4716,398,609,,375,376
230,모라,2026-01-15,목,승차,5343,305,473,,573,574
230,모라,2026-01-15,목,하차,4792,420,590,,399,400
230,모라,2026-01-16,금,승차,5509,300,445,,624,625
230,모라,2026-01-16,금,하차,4949,389,595,,434,435
230,모라,2026-01-17,토,승차,4154,167,251,,210,211
230,모라,2026-01-17,토,하차,3624,102,137,,253,254
230,모라,2026-01-18,일,승차,3011,85,157,,138,139
230,모라,2026-01-18,일,하차,2678,70,77,,177,178
230,모라,2026-01-19,월,승차,5221,318,487,,562,563
230,모라,2026-01-19,월,하차,4709,422,623,,343,344
230,모라,2026-01-20,화,승차,5275,308,510,,592,593
230,모라,2026-01-20,화,하차,4697,413,614,,360,361
230,모라,2026-01-21,수,승차,5016,313,463,,551,552
230,모라,2026-01-21,수,하차,4563,399,600,,353,354
230,모라,2026-01-22,목,승차,4793,291,466,,566,567
230,모라,2026-01-22,목,하차,4197,372,586,,346,347
230,모라,2026-01-23,금,승차,5574,294,463,,608,609
230,모라,2026-01-23,금,하차,4895,375,598,,400,401
230,모라,2026-01-24,토,승차,3820,148,245,,169,170
230,모라,2026-01-24,토,하차,3369,118,139,,268,269
230,모라,2026-01-25,일,승차,2654,62,147,,106,107
230,모라,2026-01-25,일,하차,2393,55,63,,158,159
230,모라,2026-01-26,월,승차,5331,312,493,,606,607
230,모라,2026-01-26,월,하차,4688,395,631,,373,374
230,모라,2026-01-27,화,승차,5311,305,506,,622,623
230,모라,2026-01-27,화,하차,4751,405,634,,386,387
230,모라,2026-01-28,수,승차,5413,308,483,,599,600
230,모라,2026-01-28,수,하차,4878,380,611,,391,392
230,모라,2026-01-29,목,승차,5179,300,489,,609,610
230,모라,2026-01-29,목,하차,4651,397,609,,335,336
230,모라,2026-01-30,금,승차,5292,304,507,,616,617
230,모라,2026-01-30,금,하차,4700,378,595,,432,433
230,모라,2026-01-31,토,승차,3787,150,233,,179,180
230,모라,2026-01-31,토,하차,3356,112,144,,228,229
230,모라,2026-02-01,일,승차,2806,76,158,,123,124
230,모라,2026-02-01,일,하차,2593,55,70,,196,197
230,모라,2026-02-02,월,승차,5290,331,519,,600,601
230,모라,2026-02-02,월,하차,4714,406,640,,384,385
230,모라,2026-02-03,화,승차,5491,333,540,,592,593
230,모라,2026-02-03,화,하차,4913,394,656,,415,416
230,모라,2026-02-04,수,승차,5459,309,535,,599,600
230,모라,2026-02-04,수,하차,4907,407,640,,398,399
230,모라,2026-02-05,목,승차,5581,340,510,,628,629
230,모라,2026-02-05,목,하차,4910,408,648,,391,392
230,모라,2026-02-06,금,승차,5650,327,512,,606,607
230,모라,2026-02-06,금,하차,5032,410,619,,439,440
230,모라,2026-02-07,토,승차,4112,154,265,,198,199
230,모라,2026-02-07,토,하차,3615,108,175,,240,241
230,모라,2026-02-08,일,승차,2767,83,149,,84,85
230,모라,2026-02-08,일,하차,2403,89,69,,174,175
230,모라,2026-02-09,월,승차,5325,333,526,,602,603
230,모라,2026-02-09,월,하차,4773,419,626,,375,376
230,모라,2026-02-10,화,승차,5440,328,530,,552,553
230,모라,2026-02-10,화,하차,4856,410,633,,386,387
230,모라,2026-02-11,수,승차,5741,336,540,,610,611
230,모라,2026-02-11,수,하차,5140,411,654,,370,371
230,모라,2026-02-12,목,승차,5722,323,538,,636,637
230,모라,2026-02-12,목,하차,5167,416,639,,405,406
230,모라,2026-02-13,금,승차,6067,329,532,,529,530
230,모라,2026-02-13,금,하차,5300,410,603,,358,359
230,모라,2026-02-14,토,승차,4107,152,252,,204,205
230,모라,2026-02-14,토,하차,3437,111,170,,251,252
230,모라,2026-02-15,일,승차,3011,71,143,,165,166
230,모라,2026-02-15,일,하차,2539,52,73,,227,228
230,모라,2026-02-16,월,승차,2365,72,107,,130,131
230,모라,2026-02-16,월,하차,1993,42,71,,153,154
230,모라,2026-02-17,화,승차,1832,70,82,,113,114
230,모라,2026-02-17,화,하차,1675,44,63,,104,105
230,모라,2026-02-18,수,승차,2268,48,103,,125,126
230,모라,2026-02-18,수,하차,2084,36,62,,176,177
230,모라,2026-02-19,목,승차,5110,280,517,,523,524
230,모라,2026-02-19,목,하차,4588,375,571,,357,358
230,모라,2026-02-20,금,승차,5505,324,524,,567,568
230,모라,2026-02-20,금,하차,4869,393,570,,418,419
230,모라,2026-02-21,토,승차,4065,163,250,,177,178
230,모라,2026-02-21,토,하차,3500,131,182,,261,262
230,모라,2026-02-22,일,승차,2925,107,181,,148,149
230,모라,2026-02-22,일,하차,2636,71,73,,226,227
230,모라,2026-02-23,월,승차,5437,344,497,,656,657
230,모라,2026-02-23,월,하차,4780,426,647,,404,405
230,모라,2026-02-24,화,승차,4814,337,508,,554,555
230,모라,2026-02-24,화,하차,4303,412,595,,328,329
230,모라,2026-02-25,수,승차,5669,351,491,,628,629
230,모라,2026-02-25,수,하차,5041,409,617,,379,380
230,모라,2026-02-26,목,승차,5253,335,548,,592,593
230,모라,2026-02-26,목,하차,4710,425,619,,380,381
230,모라,2026-02-27,금,승차,5340,310,490,,599,600
230,모라,2026-02-27,금,하차,4751,378,592,,433,434
230,모라,2026-02-28,토,승차,4384,172,309,,169,170
230,모라,2026-02-28,토,하차,3774,81,116,,239,240
230,모라,2026-03-01,일,승차,3006,108,174,,121,122
230,모라,2026-03-01,일,하차,2643,81,74,,184,185
230,모라,2026-03-02,월,승차,2386,110,165,,118,119
230,모라,2026-03-02,월,하차,2171,110,106,,159,160
230,모라,2026-03-03,화,승차,5554,383,569,,641,642
230,모라,2026-03-03,화,하차,5119,453,650,,379,380
230,모라,2026-03-04,수,승차,5544,365,563,,628,629
230,모라,2026-03-04,수,하차,5025,434,607,,421,422
230,모라,2026-03-05,목,승차,5657,376,596,,596,597
230,모라,2026-03-05,목,하차,5030,430,636,,403,404
230,모라,2026-03-06,금,승차,5564,356,528,,639,640
230,모라,2026-03-06,금,하차,4952,394,607,,424,425
230,모라,2026-03-07,토,승차,3992,151,262,,198,199
230,모라,2026-03-07,토,하차,3573,112,141,,268,269
230,모라,2026-03-08,일,승차,3091,92,157,,137,138
230,모라,2026-03-08,일,하차,2838,89,80,,234,235
230,모라,2026-03-09,월,승차,5443,410,558,,590,591
230,모라,2026-03-09,월,하차,4952,454,636,,447,448
230,모라,2026-03-10,화,승차,5664,367,568,,604,605
230,모라,2026-03-10,화,하차,5171,457,639,,423,424
230,모라,2026-03-11,수,승차,5747,404,554,,604,605
230,모라,2026-03-11,수,하차,5166,439,650,,426,427
230,모라,2026-03-12,목,승차,5621,387,556,,590,591
230,모라,2026-03-12,목,하차,5028,437,621,,387,388
230,모라,2026-03-13,금,승차,5728,357,566,,605,606
230,모라,2026-03-13,금,하차,5116,434,645,,414,415
230,모라,2026-03-14,토,승차,4164,179,263,,207,208
230,모라,2026-03-14,토,하차,3746,122,132,,294,295
230,모라,2026-03-15,일,승차,2974,115,202,,139,140
230,모라,2026-03-15,일,하차,2695,88,84,,200,201
230,모라,2026-03-16,월,승차,5554,381,529,,598,599
230,모라,2026-03-16,월,하차,4986,455,649,,374,375
230,모라,2026-03-17,화,승차,5584,388,529,,603,604
230,모라,2026-03-17,화,하차,5183,448,665,,422,423
230,모라,2026-03-18,수,승차,5196,362,557,,574,575
230,모라,2026-03-18,수,하차,4629,407,631,,347,348
230,모라,2026-03-19,목,승차,5713,389,613,,609,610
230,모라,2026-03-19,목,하차,5096,444,659,,416,417
230,모라,2026-03-20,금,승차,5843,367,567,,633,634
230,모라,2026-03-20,금,하차,5194,414,618,,403,404
230,모라,2026-03-21,토,승차,4335,168,271,,206,207
230,모라,2026-03-21,토,하차,3811,102,135,,286,287
230,모라,2026-03-22,일,승차,3051,88,192,,109,110
230,모라,2026-03-22,일,하차,2669,63,61,,214,215
230,모라,2026-03-23,월,승차,5721,401,578,,639,640
230,모라,2026-03-23,월,하차,5210,452,651,,442,443
230,모라,2026-03-24,화,승차,5646,400,591,,621,622
230,모라,2026-03-24,화,하차,5088,449,648,,411,412
230,모라,2026-03-25,수,승차,5531,375,538,,603,604
230,모라,2026-03-25,수,하차,5080,411,641,,372,373
230,모라,2026-03-26,목,승차,5744,366,564,,639,640
230,모라,2026-03-26,목,하차,5221,443,608,,440,441
230,모라,2026-03-27,금,승차,5994,398,545,,614,615
230,모라,2026-03-27,금,하차,5374,463,622,,458,459
230,모라,2026-03-28,토,승차,4483,182,307,,200,201
230,모라,2026-03-28,토,하차,3836,124,150,,261,262
230,모라,2026-03-29,일,승차,3111,91,174,,136,137
230,모라,2026-03-29,일,하차,2712,73,68,,208,209
230,모라,2026-03-30,월,승차,5344,385,530,,576,577
230,모라,2026-03-30,월,하차,4821,451,595,,374,375
230,모라,2026-03-31,화,승차,5670,363,512,,600,601
230,모라,2026-03-31,화,하차,5084,437,623,,370,371
230,모라,2026-04-01,수,승차,5871,387,546,,596,597
230,모라,2026-04-01,수,하차,5453,478,691,,415,416
230,모라,2026-04-02,목,승차,6058,408,569,,652,653
230,모라,2026-04-02,목,하차,5514,464,728,,451,452
230,모라,2026-04-03,금,승차,6410,427,584,,654,655
230,모라,2026-04-03,금,하차,5720,462,677,,445,446
230,모라,2026-04-04,토,승차,3654,126,195,,199,200
230,모라,2026-04-04,토,하차,3302,120,174,,228,229
230,모라,2026-04-05,일,승차,3455,98,186,,191,192
230,모라,2026-04-05,일,하차,3065,87,72,,233,234
230,모라,2026-04-06,월,승차,5643,404,545,,589,590
230,모라,2026-04-06,월,하차,5097,499,692,,361,362
230,모라,2026-04-07,화,승차,5720,396,586,,598,599
230,모라,2026-04-07,화,하차,5215,490,679,,416,417
230,모라,2026-04-08,수,승차,6263,435,607,,622,623
230,모라,2026-04-08,수,하차,5686,497,730,,445,446
230,모라,2026-04-09,목,승차,4861,370,496,,531,532
230,모라,2026-04-09,목,하차,4472,490,683,,324,325
230,모라,2026-04-10,금,승차,6040,376,549,,636,637
230,모라,2026-04-10,금,하차,5450,486,715,,438,439
230,모라,2026-04-11,토,승차,4335,188,297,,175,176
230,모라,2026-04-11,토,하차,3801,139,198,,285,286
230,모라,2026-04-12,일,승차,3110,118,247,,126,127
230,모라,2026-04-12,일,하차,2793,100,73,,222,223
230,모라,2026-04-13,월,승차,5920,398,583,,636,637
230,모라,2026-04-13,월,하차,5366,531,740,,429,430
230,모라,2026-04-14,화,승차,5622,393,565,,601,602
230,모라,2026-04-14,화,하차,5156,491,741,,382,383
230,모라,2026-04-15,수,승차,5935,415,562,,626,627
230,모라,2026-04-15,수,하차,5358,512,708,,413,414
230,모라,2026-04-16,목,승차,5820,372,581,,613,614
230,모라,2026-04-16,목,하차,5312,452,725,,428,429
230,모라,2026-04-17,금,승차,5664,377,566,,546,547
230,모라,2026-04-17,금,하차,5108,485,706,,365,366
230,모라,2026-04-18,토,승차,4326,198,316,,213,214
230,모라,2026-04-18,토,하차,3872,164,163,,288,289
230,모라,2026-04-19,일,승차,2939,147,193,,145,146
230,모라,2026-04-19,일,하차,2707,86,73,,173,174
230,모라,2026-04-20,월,승차,5710,378,580,,630,631
230,모라,2026-04-20,월,하차,5198,503,717,,391,392
230,모라,2026-04-21,화,승차,5880,383,555,,622,623
230,모라,2026-04-21,화,하차,5335,497,739,,390,391
230,모라,2026-04-22,수,승차,5809,400,561,,645,646
230,모라,2026-04-22,수,하차,5255,490,676,,365,366
230,모라,2026-04-23,목,승차,5851,357,494,,621,622
230,모라,2026-04-23,목,하차,5252,460,642,,407,408
230,모라,2026-04-24,금,승차,6146,392,542,,609,610
230,모라,2026-04-24,금,하차,5493,470,641,,471,472
230,모라,2026-04-25,토,승차,4166,189,296,,189,190
230,모라,2026-04-25,토,하차,3614,103,179,,243,244
230,모라,2026-04-26,일,승차,3104,123,197,,173,174
230,모라,2026-04-26,일,하차,2700,93,89,,191,192
230,모라,2026-04-27,월,승차,5664,371,531,,655,656
230,모라,2026-04-27,월,하차,5161,507,697,,399,400
230,모라,2026-04-28,화,승차,5987,374,611,,672,673
230,모라,2026-04-28,화,하차,5327,487,702,,384,385
230,모라,2026-04-29,수,승차,5766,392,552,,604,605
230,모라,2026-04-29,수,하차,5171,483,658,,398,399
230,모라,2026-04-30,목,승차,5902,386,533,,666,667
230,모라,2026-04-30,목,하차,5314,463,671,,414,415
230,모라,2026-05-01,금,승차,3998,141,225,,181,182
230,모라,2026-05-01,금,하차,3499,119,138,,268,269
230,모라,2026-05-02,토,승차,4124,163,268,,211,212
230,모라,2026-05-02,토,하차,3673,120,138,,286,287
230,모라,2026-05-03,일,승차,2378,83,146,,120,121
230,모라,2026-05-03,일,하차,2093,60,60,,188,189
230,모라,2026-05-04,월,승차,5651,328,535,,560,561
230,모라,2026-05-04,월,하차,5120,385,557,,418,419
230,모라,2026-05-05,화,승차,3656,122,201,,187,188
230,모라,2026-05-05,화,하차,3252,160,164,,224,225
230,모라,2026-05-06,수,승차,5935,390,605,,659,660
230,모라,2026-05-06,수,하차,5407,495,664,,399,400
230,모라,2026-05-07,목,승차,5902,395,590,,620,621
230,모라,2026-05-07,목,하차,5282,493,692,,432,433
230,모라,2026-05-08,금,승차,6169,390,550,,683,684
230,모라,2026-05-08,금,하차,5533,493,676,,457,458
230,모라,2026-05-09,토,승차,4270,198,259,,199,200
230,모라,2026-05-09,토,하차,3738,124,151,,268,269
230,모라,2026-05-10,일,승차,3213,120,222,,135,136
230,모라,2026-05-10,일,하차,2894,114,80,,207,208
230,모라,2026-05-11,월,승차,5704,377,584,,641,642
230,모라,2026-05-11,월,하차,5128,506,664,,368,369
230,모라,2026-05-12,화,승차,5555,407,560,,623,624
230,모라,2026-05-12,화,하차,5029,508,671,,400,401
230,모라,2026-05-13,수,승차,6046,409,586,,620,621
230,모라,2026-05-13,수,하차,5377,483,660,,439,440
230,모라,2026-05-14,목,승차,5711,391,561,,622,623
230,모라,2026-05-14,목,하차,5140,467,672,,381,382
230,모라,2026-05-15,금,승차,6148,414,574,,654,655
230,모라,2026-05-15,금,하차,5455,480,656,,448,449
230,모라,2026-05-16,토,승차,4427,218,299,,209,210
230,모라,2026-05-16,토,하차,3949,137,189,,293,294
230,모라,2026-05-17,일,승차,3256,141,262,,133,134
230,모라,2026-05-17,일,하차,2866,81,92,,172,173
230,모라,2026-05-18,월,승차,5685,408,557,,642,643
230,모라,2026-05-18,월,하차,5148,463,664,,444,445
230,모라,2026-05-19,화,승차,5731,373,540,,615,616
230,모라,2026-05-19,화,하차,5163,476,656,,460,461
230,모라,2026-05-20,수,승차,5150,386,513,,597,598
230,모라,2026-05-20,수,하차,4711,431,656,,346,347
230,모라,2026-05-21,목,승차,5664,392,552,,596,597
230,모라,2026-05-21,목,하차,5053,466,618,,392,393
230,모라,2026-05-22,금,승차,6040,368,587,,682,683
230,모라,2026-05-22,금,하차,5331,453,627,,414,415
230,모라,2026-05-23,토,승차,4334,184,291,,201,202
230,모라,2026-05-23,토,하차,3714,133,155,,274,275
230,모라,2026-05-24,일,승차,3348,115,210,,151,152
230,모라,2026-05-24,일,하차,3012,104,149,,197,198
230,모라,2026-05-25,월,승차,3420,136,238,,209,210
230,모라,2026-05-25,월,하차,3041,158,137,,265,266
230,모라,2026-05-26,화,승차,5633,395,576,,605,606
230,모라,2026-05-26,화,하차,5073,458,645,,368,369
230,모라,2026-05-27,수,승차,5319,369,519,,559,560
230,모라,2026-05-27,수,하차,4752,425,621,,366,367
230,모라,2026-05-28,목,승차,6000,372,568,,601,602
230,모라,2026-05-28,목,하차,5370,451,664,,400,401
230,모라,2026-05-29,금,승차,5876,406,524,,627,628
230,모라,2026-05-29,금,하차,5233,458,612,,443,444
230,모라,2026-05-30,토,승차,4143,182,274,,184,185
230,모라,2026-05-30,토,하차,3487,112,149,,228,229
230,모라,2026-05-31,일,승차,2812,98,175,,130,131
230,모라,2026-05-31,일,하차,2526,85,86,,227,228
230,모라,2026-06-01,월,승차,5556,400,574,,615,616
230,모라,2026-06-01,월,하차,4933,494,671,,379,380
230,모라,2026-06-02,화,승차,4973,331,529,,608,609
230,모라,2026-06-02,화,하차,4543,442,622,,357,358
230,모라,2026-06-03,수,승차,3862,159,260,,212,213
230,모라,2026-06-03,수,하차,3315,158,163,,233,234
230,모라,2026-06-04,목,승차,5454,384,550,,594,595
230,모라,2026-06-04,목,하차,5009,462,629,,396,397
230,모라,2026-06-05,금,승차,5859,395,560,,619,620
230,모라,2026-06-05,금,하차,5192,473,629,,406,407
230,모라,2026-06-06,토,승차,3818,135,227,,163,164
230,모라,2026-06-06,토,하차,3341,127,124,,243,244
230,모라,2026-06-07,일,승차,2797,88,173,,101,102
230,모라,2026-06-07,일,하차,2502,83,72,,159,160
230,모라,2026-06-08,월,승차,5440,366,529,,635,636
230,모라,2026-06-08,월,하차,4914,473,663,,408,409
230,모라,2026-06-09,화,승차,5650,393,581,,588,589
230,모라,2026-06-09,화,하차,5091,480,648,,402,403
230,모라,2026-06-10,수,승차,5858,404,564,,611,612
230,모라,2026-06-10,수,하차,5299,470,654,,416,417
230,모라,2026-06-11,목,승차,5698,416,564,,603,604
230,모라,2026-06-11,목,하차,5095,466,671,,408,409
230,모라,2026-06-12,금,승차,5731,355,527,,622,623
230,모라,2026-06-12,금,하차,5257,468,617,,462,463
230,모라,2026-06-13,토,승차,4407,183,346,,214,215
230,모라,2026-06-13,토,하차,3829,126,148,,319,320
230,모라,2026-06-14,일,승차,3006,104,182,,99,100
230,모라,2026-06-14,일,하차,2615,85,93,,200,201
230,모라,2026-06-15,월,승차,5542,402,536,,586,587
230,모라,2026-06-15,월,하차,4937,489,668,,391,392
230,모라,2026-06-16,화,승차,5509,409,572,,613,614
230,모라,2026-06-16,화,하차,5020,466,657,,409,410
230,모라,2026-06-17,수,승차,5551,413,524,,560,561
230,모라,2026-06-17,수,하차,4944,458,645,,394,395
230,모라,2026-06-18,목,승차,5662,367,570,,564,565
230,모라,2026-06-18,목,하차,5140,451,631,,443,444
230,모라,2026-06-19,금,승차,5414,398,524,,591,592
230,모라,2026-06-19,금,하차,4751,444,630,,358,359
230,모라,2026-06-20,토,승차,3566,125,236,,192,193
230,모라,2026-06-20,토,하차,3258,108,124,,210,211
230,모라,2026-06-21,일,승차,2892,140,167,,112,113
230,모라,2026-06-21,일,하차,2604,53,98,,182,183
230,모라,2026-06-22,월,승차,5362,371,541,,589,590
230,모라,2026-06-22,월,하차,4847,483,621,,380,381
230,모라,2026-06-23,화,승차,5583,397,535,,594,595
230,모라,2026-06-23,화,하차,4960,469,627,,360,361
230,모라,2026-06-24,수,승차,5522,388,516,,599,600
230,모라,2026-06-24,수,하차,4974,435,635,,351,352
230,모라,2026-06-25,목,승차,5510,386,479,,586,587
230,모라,2026-06-25,목,하차,5043,477,625,,399,400
230,모라,2026-06-26,금,승차,5904,375,543,,614,615
230,모라,2026-06-26,금,하차,5178,462,617,,434,435
230,모라,2026-06-27,토,승차,4120,165,337,,213,214
230,모라,2026-06-27,토,하차,3739,133,158,,294,295
230,모라,2026-06-28,일,승차,3232,115,228,,124,125
230,모라,2026-06-28,일,하차,2779,68,78,,177,178
230,모라,2026-06-29,월,승차,5503,362,503,,613,614
230,모라,2026-06-29,월,하차,4957,475,656,,394,395
230,모라,2026-06-30,화,승차,5532,355,494,,610,611
230,모라,2026-06-30,화,하차,4958,455,637,,359,360
231,구남,2026-01-01,목,승차,2137,73,105,,80,81
231,구남,2026-01-01,목,하차,2235,50,94,,178,179
231,구남,2026-01-02,금,승차,4207,382,502,,261,262
231,구남,2026-01-02,금,하차,4154,86,239,,456,457
231,구남,2026-01-03,토,승차,3557,180,235,,170,171
231,구남,2026-01-03,토,하차,3371,66,141,,196,197
231,구남,2026-01-04,일,승차,2562,106,133,,89,90
231,구남,2026-01-04,일,하차,2569,44,84,,177,178
231,구남,2026-01-05,월,승차,4383,459,598,,256,257
231,구남,2026-01-05,월,하차,4427,116,262,,553,554
231,구남,2026-01-06,화,승차,4573,444,612,,258,259
231,구남,2026-01-06,화,하차,4609,121,297,,531,532
231,구남,2026-01-07,수,승차,4508,454,612,,288,289
231,구남,2026-01-07,수,하차,4594,134,281,,557,558
231,구남,2026-01-08,목,승차,4543,476,617,,263,264
231,구남,2026-01-08,목,하차,4590,117,264,,566,567
231,구남,2026-01-09,금,승차,4556,449,583,,306,307
231,구남,2026-01-09,금,하차,4528,124,251,,520,521
231,구남,2026-01-10,토,승차,3835,191,307,,194,195
231,구남,2026-01-10,토,하차,3639,80,137,,262,263
231,구남,2026-01-11,일,승차,2527,87,156,,109,110
231,구남,2026-01-11,일,하차,2450,38,76,,211,212
231,구남,2026-01-12,월,승차,4291,468,585,,255,256
231,구남,2026-01-12,월,하차,4339,117,239,,574,575
231,구남,2026-01-13,화,승차,4635,477,601,,244,245
231,구남,2026-01-13,화,하차,4695,109,293,,605,606
231,구남,2026-01-14,수,승차,4596,442,611,,292,293
231,구남,2026-01-14,수,하차,4700,126,253,,544,545
231,구남,2026-01-15,목,승차,4502,445,610,,255,256
231,구남,2026-01-15,목,하차,4503,121,266,,534,535
231,구남,2026-01-16,금,승차,4672,452,596,,290,291
231,구남,2026-01-16,금,하차,4549,120,258,,507,508
231,구남,2026-01-17,토,승차,3802,184,274,,169,170
231,구남,2026-01-17,토,하차,3600,58,144,,287,288
231,구남,2026-01-18,일,승차,2834,107,179,,133,134
231,구남,2026-01-18,일,하차,2912,62,78,,256,257
231,구남,2026-01-19,월,승차,4634,459,622,,255,256
231,구남,2026-01-19,월,하차,4603,115,289,,537,538
231,구남,2026-01-20,화,승차,4432,464,625,,230,231
231,구남,2026-01-20,화,하차,4462,111,278,,532,533
231,구남,2026-01-21,수,승차,4343,477,610,,250,251
231,구남,2026-01-21,수,하차,4399,139,252,,522,523
231,구남,2026-01-22,목,승차,4126,458,570,,227,228
231,구남,2026-01-22,목,하차,4188,112,258,,529,530
231,구남,2026-01-23,금,승차,4644,435,596,,257,258
231,구남,2026-01-23,금,하차,4583,133,246,,562,563
231,구남,2026-01-24,토,승차,3642,173,283,,167,168
231,구남,2026-01-24,토,하차,3518,68,164,,246,247
231,구남,2026-01-25,일,승차,2526,104,172,,118,119
231,구남,2026-01-25,일,하차,2611,46,79,,192,193
231,구남,2026-01-26,월,승차,4377,427,638,,253,254
231,구남,2026-01-26,월,하차,4431,122,246,,578,579
231,구남,2026-01-27,화,승차,4525,472,618,,243,244
231,구남,2026-01-27,화,하차,4549,130,296,,607,608
231,구남,2026-01-28,수,승차,4605,458,590,,274,275
231,구남,2026-01-28,수,하차,4595,131,279,,545,546
231,구남,2026-01-29,목,승차,4476,451,612,,253,254
231,구남,2026-01-29,목,하차,4516,109,279,,537,538
231,구남,2026-01-30,금,승차,4552,437,589,,286,287
231,구남,2026-01-30,금,하차,4490,127,257,,597,598
231,구남,2026-01-31,토,승차,3635,182,292,,189,190
231,구남,2026-01-31,토,하차,3504,79,133,,213,214
231,구남,2026-02-01,일,승차,2638,92,157,,110,111
231,구남,2026-02-01,일,하차,2697,42,83,,235,236
231,구남,2026-02-02,월,승차,4478,484,642,,266,267
231,구남,2026-02-02,월,하차,4524,134,362,,514,515
231,구남,2026-02-03,화,승차,4775,483,632,,251,252
231,구남,2026-02-03,화,하차,4835,151,378,,564,565
231,구남,2026-02-04,수,승차,4861,493,639,,285,286
231,구남,2026-02-04,수,하차,4900,164,358,,571,572
231,구남,2026-02-05,목,승차,4666,502,598,,266,267
231,구남,2026-02-05,목,하차,4777,145,339,,534,535
231,구남,2026-02-06,금,승차,4884,479,638,,291,292
231,구남,2026-02-06,금,하차,4914,134,344,,577,578
231,구남,2026-02-07,토,승차,3736,204,297,,207,208
231,구남,2026-02-07,토,하차,3623,78,133,,239,240
231,구남,2026-02-08,일,승차,2571,105,157,,104,105
231,구남,2026-02-08,일,하차,2570,47,82,,194,195
231,구남,2026-02-09,월,승차,4338,465,653,,213,214
231,구남,2026-02-09,월,하차,4343,125,307,,552,553
231,구남,2026-02-10,화,승차,4625,488,648,,244,245
231,구남,2026-02-10,화,하차,4570,136,285,,544,545
231,구남,2026-02-11,수,승차,4725,482,666,,298,299
231,구남,2026-02-11,수,하차,4758,135,310,,550,551
231,구남,2026-02-12,목,승차,4766,468,621,,282,283
231,구남,2026-02-12,목,하차,4850,137,289,,607,608
231,구남,2026-02-13,금,승차,5124,459,671,,325,326
231,구남,2026-02-13,금,하차,5041,129,278,,504,505
231,구남,2026-02-14,토,승차,3890,183,292,,264,265
231,구남,2026-02-14,토,하차,3775,76,150,,232,233
231,구남,2026-02-15,일,승차,3101,98,165,,165,166
231,구남,2026-02-15,일,하차,2934,37,94,,245,246
231,구남,2026-02-16,월,승차,2421,75,120,,139,140
231,구남,2026-02-16,월,하차,2361,42,73,,170,171
231,구남,2026-02-17,화,승차,2078,60,100,,123,124
231,구남,2026-02-17,화,하차,1879,38,108,,158,159
231,구남,2026-02-18,수,승차,2395,63,111,,151,152
231,구남,2026-02-18,수,하차,2324,33,52,,191,192
231,구남,2026-02-19,목,승차,4345,429,610,,250,251
231,구남,2026-02-19,목,하차,4448,126,246,,517,518
231,구남,2026-02-20,금,승차,4752,450,608,,291,292
231,구남,2026-02-20,금,하차,4635,120,259,,544,545
231,구남,2026-02-21,토,승차,3716,215,313,,201,202
231,구남,2026-02-21,토,하차,3534,73,136,,266,267
231,구남,2026-02-22,일,승차,2671,106,182,,110,111
231,구남,2026-02-22,일,하차,2751,56,100,,218,219
231,구남,2026-02-23,월,승차,4699,467,658,,270,271
231,구남,2026-02-23,월,하차,4619,140,272,,586,587
231,구남,2026-02-24,화,승차,4338,504,666,,235,236
231,구남,2026-02-24,화,하차,4475,122,292,,551,552
231,구남,2026-02-25,수,승차,4824,483,658,,299,300
231,구남,2026-02-25,수,하차,4781,139,255,,582,583
231,구남,2026-02-26,목,승차,4536,455,631,,275,276
231,구남,2026-02-26,목,하차,4571,125,265,,535,536
231,구남,2026-02-27,금,승차,4562,436,619,,302,303
231,구남,2026-02-27,금,하차,4596,152,237,,575,576
231,구남,2026-02-28,토,승차,3979,191,359,,185,186
231,구남,2026-02-28,토,하차,3767,71,140,,239,240
231,구남,2026-03-01,일,승차,2843,104,208,,158,159
231,구남,2026-03-01,일,하차,2716,54,90,,188,189
231,구남,2026-03-02,월,승차,2376,135,171,,86,87
231,구남,2026-03-02,월,하차,2311,47,73,,209,210
231,구남,2026-03-03,화,승차,4973,585,747,,264,265
231,구남,2026-03-03,화,하차,4990,219,377,,606,607
231,구남,2026-03-04,수,승차,4990,578,701,,289,290
231,구남,2026-03-04,수,하차,5005,194,383,,599,600
231,구남,2026-03-05,목,승차,4857,585,691,,277,278
231,구남,2026-03-05,목,하차,4936,209,377,,578,579
231,구남,2026-03-06,금,승차,4862,526,690,,281,282
231,구남,2026-03-06,금,하차,4930,214,358,,576,577
231,구남,2026-03-07,토,승차,3838,217,322,,185,186
231,구남,2026-03-07,토,하차,3734,75,139,,279,280
231,구남,2026-03-08,일,승차,3002,146,193,,123,124
231,구남,2026-03-08,일,하차,2917,63,93,,237,238
231,구남,2026-03-09,월,승차,4738,600,708,,275,276
231,구남,2026-03-09,월,하차,4776,191,360,,537,538
231,구남,2026-03-10,화,승차,4922,576,701,,282,283
231,구남,2026-03-10,화,하차,5072,208,410,,590,591
231,구남,2026-03-11,수,승차,4963,581,700,,316,317
231,구남,2026-03-11,수,하차,5048,190,416,,583,584
231,구남,2026-03-12,목,승차,4916,581,714,,267,268
231,구남,2026-03-12,목,하차,5031,195,396,,611,612
231,구남,2026-03-13,금,승차,5089,530,714,,303,304
231,구남,2026-03-13,금,하차,5172,216,394,,584,585
231,구남,2026-03-14,토,승차,4265,224,350,,238,239
231,구남,2026-03-14,토,하차,4054,79,157,,275,276
231,구남,2026-03-15,일,승차,2800,112,174,,118,119
231,구남,2026-03-15,일,하차,2849,71,112,,239,240
231,구남,2026-03-16,월,승차,4779,560,679,,225,226
231,구남,2026-03-16,월,하차,4884,192,396,,614,615
231,구남,2026-03-17,화,승차,4875,585,716,,267,268
231,구남,2026-03-17,화,하차,4974,194,388,,632,633
231,구남,2026-03-18,수,승차,4810,559,688,,277,278
231,구남,2026-03-18,수,하차,4928,207,385,,561,562
231,구남,2026-03-19,목,승차,5168,618,720,,296,297
231,구남,2026-03-19,목,하차,5127,201,418,,629,630
231,구남,2026-03-20,금,승차,5285,533,697,,314,315
231,구남,2026-03-20,금,하차,5254,195,385,,593,594
231,구남,2026-03-21,토,승차,4036,206,346,,215,216
231,구남,2026-03-21,토,하차,3873,59,141,,266,267
231,구남,2026-03-22,일,승차,2944,130,200,,131,132
231,구남,2026-03-22,일,하차,2899,58,98,,279,280
231,구남,2026-03-23,월,승차,4968,554,690,,261,262
231,구남,2026-03-23,월,하차,4934,189,396,,579,580
231,구남,2026-03-24,화,승차,4924,567,704,,258,259
231,구남,2026-03-24,화,하차,5019,199,391,,651,652
231,구남,2026-03-25,수,승차,4877,569,699,,285,286
231,구남,2026-03-25,수,하차,5029,206,405,,610,611
231,구남,2026-03-26,목,승차,4963,547,686,,252,253
231,구남,2026-03-26,목,하차,5050,206,423,,586,587
231,구남,2026-03-27,금,승차,5120,544,694,,273,274
231,구남,2026-03-27,금,하차,5085,202,347,,583,584
231,구남,2026-03-28,토,승차,4231,202,346,,222,223
231,구남,2026-03-28,토,하차,4039,79,155,,285,286
231,구남,2026-03-29,일,승차,2711,123,176,,117,118
231,구남,2026-03-29,일,하차,2856,52,101,,234,235
231,구남,2026-03-30,월,승차,4726,537,665,,227,228
231,구남,2026-03-30,월,하차,4868,177,400,,582,583
231,구남,2026-03-31,화,승차,4793,549,669,,257,258
231,구남,2026-03-31,화,하차,4802,183,380,,569,570
231,구남,2026-04-01,수,승차,4835,584,697,,268,269
231,구남,2026-04-01,수,하차,4975,196,390,,583,584
231,구남,2026-04-02,목,승차,4922,558,697,,260,261
231,구남,2026-04-02,목,하차,5028,193,366,,582,583
231,구남,2026-04-03,금,승차,5234,580,682,,327,328
231,구남,2026-04-03,금,하차,5146,177,329,,581,582
231,구남,2026-04-04,토,승차,3435,182,264,,182,183
231,구남,2026-04-04,토,하차,3328,67,110,,244,245
231,구남,2026-04-05,일,승차,2976,131,181,,123,124
231,구남,2026-04-05,일,하차,3100,63,94,,254,255
231,구남,2026-04-06,월,승차,4582,564,704,,225,226
231,구남,2026-04-06,월,하차,4695,197,389,,570,571
231,구남,2026-04-07,화,승차,5058,581,722,,314,315
231,구남,2026-04-07,화,하차,5211,223,431,,608,609
231,구남,2026-04-08,수,승차,5115,580,715,,306,307
231,구남,2026-04-08,수,하차,5311,213,412,,621,622
231,구남,2026-04-09,목,승차,4574,594,697,,244,245
231,구남,2026-04-09,목,하차,4638,208,380,,517,518
231,구남,2026-04-10,금,승차,5184,557,705,,298,299
231,구남,2026-04-10,금,하차,5126,210,392,,607,608
231,구남,2026-04-11,토,승차,4004,226,335,,207,208
231,구남,2026-04-11,토,하차,3927,88,151,,309,310
231,구남,2026-04-12,일,승차,2866,140,210,,129,130
231,구남,2026-04-12,일,하차,2851,65,89,,221,222
231,구남,2026-04-13,월,승차,4989,566,725,,259,260
231,구남,2026-04-13,월,하차,4970,192,378,,608,609
231,구남,2026-04-14,화,승차,5014,552,747,,257,258
231,구남,2026-04-14,화,하차,5114,203,431,,596,597
231,구남,2026-04-15,수,승차,5050,564,696,,271,272
231,구남,2026-04-15,수,하차,5213,205,397,,635,636
231,구남,2026-04-16,목,승차,4931,588,682,,239,240
231,구남,2026-04-16,목,하차,5116,224,419,,548,549
231,구남,2026-04-17,금,승차,5135,547,685,,236,237
231,구남,2026-04-17,금,하차,5280,196,417,,562,563
231,구남,2026-04-18,토,승차,4085,226,348,,221,222
231,구남,2026-04-18,토,하차,3833,67,147,,287,288
231,구남,2026-04-19,일,승차,2957,118,187,,138,139
231,구남,2026-04-19,일,하차,3035,88,121,,228,229
231,구남,2026-04-20,월,승차,4831,559,687,,241,242
231,구남,2026-04-20,월,하차,4959,181,421,,590,591
231,구남,2026-04-21,화,승차,5033,566,743,,253,254
231,구남,2026-04-21,화,하차,5174,182,422,,569,570
231,구남,2026-04-22,수,승차,4902,586,718,,295,296
231,구남,2026-04-22,수,하차,5022,183,414,,587,588
231,구남,2026-04-23,목,승차,4953,567,670,,268,269
231,구남,2026-04-23,목,하차,5066,188,396,,573,574
231,구남,2026-04-24,금,승차,5148,531,671,,321,322
231,구남,2026-04-24,금,하차,5181,192,400,,574,575
231,구남,2026-04-25,토,승차,4053,230,310,,204,205
231,구남,2026-04-25,토,하차,3905,85,157,,291,292
231,구남,2026-04-26,일,승차,2878,151,221,,135,136
231,구남,2026-04-26,일,하차,2942,55,90,,232,233
231,구남,2026-04-27,월,승차,4905,576,694,,248,249
231,구남,2026-04-27,월,하차,5044,207,402,,576,577
231,구남,2026-04-28,화,승차,5341,609,814,,276,277
231,구남,2026-04-28,화,하차,5401,190,388,,607,608
231,구남,2026-04-29,수,승차,4963,565,682,,251,252
231,구남,2026-04-29,수,하차,5077,207,357,,608,609
231,구남,2026-04-30,목,승차,5152,545,658,,303,304
231,구남,2026-04-30,목,하차,5184,183,362,,570,571
231,구남,2026-05-01,금,승차,3411,134,272,,157,158
231,구남,2026-05-01,금,하차,3291,39,109,,273,274
231,구남,2026-05-02,토,승차,3754,190,299,,166,167
231,구남,2026-05-02,토,하차,3648,74,133,,273,274
231,구남,2026-05-03,일,승차,2406,92,148,,124,125
231,구남,2026-05-03,일,하차,2412,35,79,,193,194
231,구남,2026-05-04,월,승차,4646,438,623,,289,290
231,구남,2026-05-04,월,하차,4548,112,220,,522,523
231,구남,2026-05-05,화,승차,3004,139,206,,144,145
231,구남,2026-05-05,화,하차,2997,45,89,,251,252
231,구남,2026-05-06,수,승차,5138,576,707,,274,275
231,구남,2026-05-06,수,하차,5245,217,414,,597,598
231,구남,2026-05-07,목,승차,5071,560,759,,282,283
231,구남,2026-05-07,목,하차,5247,227,398,,587,588
231,구남,2026-05-08,금,승차,5457,576,801,,330,331
231,구남,2026-05-08,금,하차,5517,214,411,,617,618
231,구남,2026-05-09,토,승차,4165,238,327,,193,194
231,구남,2026-05-09,토,하차,3968,96,168,,275,276
231,구남,2026-05-10,일,승차,3030,127,183,,126,127
231,구남,2026-05-10,일,하차,3134,62,110,,228,229
231,구남,2026-05-11,월,승차,4949,566,767,,259,260
231,구남,2026-05-11,월,하차,5010,194,385,,619,620
231,구남,2026-05-12,화,승차,5090,582,714,,269,270
231,구남,2026-05-12,화,하차,5188,216,406,,589,590
231,구남,2026-05-13,수,승차,5299,593,729,,316,317
231,구남,2026-05-13,수,하차,5349,238,417,,598,599
231,구남,2026-05-14,목,승차,5079,586,710,,279,280
231,구남,2026-05-14,목,하차,5136,229,421,,557,558
231,구남,2026-05-15,금,승차,5421,563,727,,298,299
231,구남,2026-05-15,금,하차,5454,230,396,,555,556
231,구남,2026-05-16,토,승차,4078,241,355,,200,201
231,구남,2026-05-16,토,하차,3866,72,141,,312,313
231,구남,2026-05-17,일,승차,3032,124,212,,127,128
231,구남,2026-05-17,일,하차,3127,67,115,,220,221
231,구남,2026-05-18,월,승차,5097,581,714,,268,269
231,구남,2026-05-18,월,하차,5099,204,427,,607,608
231,구남,2026-05-19,화,승차,5109,559,733,,304,305
231,구남,2026-05-19,화,하차,5174,201,436,,579,580
231,구남,2026-05-20,수,승차,4857,588,711,,287,288
231,구남,2026-05-20,수,하차,4920,197,399,,600,601
231,구남,2026-05-21,목,승차,4911,545,679,,259,260
231,구남,2026-05-21,목,하차,5160,196,394,,580,581
231,구남,2026-05-22,금,승차,5368,536,694,,341,342
231,구남,2026-05-22,금,하차,5321,204,399,,571,572
231,구남,2026-05-23,토,승차,4135,212,388,,193,194
231,구남,2026-05-23,토,하차,4028,87,179,,284,285
231,구남,2026-05-24,일,승차,3239,117,216,,158,159
231,구남,2026-05-24,일,하차,3226,68,155,,249,250
231,구남,2026-05-25,월,승차,3131,172,242,,137,138
231,구남,2026-05-25,월,하차,3143,66,118,,254,255
231,구남,2026-05-26,화,승차,5561,568,736,,349,350
231,구남,2026-05-26,화,하차,5679,191,454,,594,595
231,구남,2026-05-27,수,승차,4746,535,641,,265,266
231,구남,2026-05-27,수,하차,4882,198,372,,546,547
231,구남,2026-05-28,목,승차,5203,539,683,,315,316
231,구남,2026-05-28,목,하차,5325,222,410,,617,618
231,구남,2026-05-29,금,승차,4996,546,646,,271,272
231,구남,2026-05-29,금,하차,4972,192,396,,583,584
231,구남,2026-05-30,토,승차,3927,208,313,,193,194
231,구남,2026-05-30,토,하차,3819,97,177,,273,274
231,구남,2026-05-31,일,승차,2867,108,213,,142,143
231,구남,2026-05-31,일,하차,2846,52,128,,232,233
231,구남,2026-06-01,월,승차,4826,597,664,,240,241
231,구남,2026-06-01,월,하차,5006,199,409,,595,596
231,구남,2026-06-02,화,승차,4853,524,693,,283,284
231,구남,2026-06-02,화,하차,4835,190,417,,519,520
231,구남,2026-06-03,수,승차,3300,164,240,,144,145
231,구남,2026-06-03,수,하차,3326,59,121,,255,256
231,구남,2026-06-04,목,승차,4886,539,688,,292,293
231,구남,2026-06-04,목,하차,5061,185,451,,604,605
231,구남,2026-06-05,금,승차,5166,556,770,,299,300
231,구남,2026-06-05,금,하차,5248,215,410,,583,584
231,구남,2026-06-06,토,승차,3544,140,243,,169,170
231,구남,2026-06-06,토,하차,3343,65,100,,259,260
231,구남,2026-06-07,일,승차,2718,117,176,,105,106
231,구남,2026-06-07,일,하차,2669,50,89,,195,196
231,구남,2026-06-08,월,승차,4652,508,701,,251,252
231,구남,2026-06-08,월,하차,4714,188,372,,594,595
231,구남,2026-06-09,화,승차,4975,566,667,,268,269
231,구남,2026-06-09,화,하차,5174,206,425,,628,629
231,구남,2026-06-10,수,승차,4993,554,696,,262,263
231,구남,2026-06-10,수,하차,5131,193,409,,592,593
231,구남,2026-06-11,목,승차,4838,550,657,,271,272
231,구남,2026-06-11,목,하차,5028,197,406,,586,587
231,구남,2026-06-12,금,승차,5071,556,683,,292,293
231,구남,2026-06-12,금,하차,5081,202,429,,554,555
231,구남,2026-06-13,토,승차,4232,228,364,,207,208
231,구남,2026-06-13,토,하차,4166,98,146,,312,313
231,구남,2026-06-14,일,승차,2751,124,201,,119,120
231,구남,2026-06-14,일,하차,2832,63,124,,215,216
231,구남,2026-06-15,월,승차,4853,584,728,,243,244
231,구남,2026-06-15,월,하차,4962,188,426,,592,593
231,구남,2026-06-16,화,승차,4961,568,696,,239,240
231,구남,2026-06-16,화,하차,5111,195,422,,604,605
231,구남,2026-06-17,수,승차,5061,556,689,,277,278
231,구남,2026-06-17,수,하차,5210,204,424,,605,606
231,구남,2026-06-18,목,승차,4986,548,688,,268,269
231,구남,2026-06-18,목,하차,5173,213,407,,578,579
231,구남,2026-06-19,금,승차,4922,544,696,,267,268
231,구남,2026-06-19,금,하차,4879,202,409,,563,564
231,구남,2026-06-20,토,승차,3564,172,271,,136,137
231,구남,2026-06-20,토,하차,3469,66,128,,245,246
231,구남,2026-06-21,일,승차,2811,119,197,,122,123
231,구남,2026-06-21,일,하차,2919,83,123,,244,245
231,구남,2026-06-22,월,승차,4651,540,652,,245,246
231,구남,2026-06-22,월,하차,4759,174,398,,574,575
231,구남,2026-06-23,화,승차,4913,562,708,,248,249
231,구남,2026-06-23,화,하차,5022,206,419,,564,565
231,구남,2026-06-24,수,승차,4820,539,671,,248,249
231,구남,2026-06-24,수,하차,4940,190,392,,569,570
231,구남,2026-06-25,목,승차,4769,524,694,,242,243
231,구남,2026-06-25,목,하차,4918,192,399,,572,573
231,구남,2026-06-26,금,승차,5072,543,670,,256,257
231,구남,2026-06-26,금,하차,5085,195,364,,584,585
231,구남,2026-06-27,토,승차,3982,207,316,,195,196
231,구남,2026-06-27,토,하차,3854,84,147,,270,271
231,구남,2026-06-28,일,승차,3003,132,203,,112,113
231,구남,2026-06-28,일,하차,3049,64,115,,222,223
231,구남,2026-06-29,월,승차,4714,513,669,,276,277
231,구남,2026-06-29,월,하차,4803,184,394,,538,539
231,구남,2026-06-30,화,승차,4793,560,665,,273,274
231,구남,2026-06-30,화,하차,4811,201,393,,550,551
232,구명,2026-01-01,목,승차,1766,75,106,,90,91
232,구명,2026-01-01,목,하차,1565,49,75,,102,103
232,구명,2026-01-02,금,승차,3123,292,400,,178,179
232,구명,2026-01-02,금,하차,2476,72,193,,261,262
232,구명,2026-01-03,토,승차,2616,113,191,,129,130
232,구명,2026-01-03,토,하차,2065,36,67,,173,174
232,구명,2026-01-04,일,승차,2026,68,128,,70,71
232,구명,2026-01-04,일,하차,1723,34,75,,143,144
232,구명,2026-01-05,월,승차,3511,347,488,,196,197
232,구명,2026-01-05,월,하차,2795,82,266,,318,319
232,구명,2026-01-06,화,승차,3514,359,496,,194,195
232,구명,2026-01-06,화,하차,2874,86,289,,323,324
232,구명,2026-01-07,수,승차,3576,327,515,,194,195
232,구명,2026-01-07,수,하차,2833,85,256,,338,339
232,구명,2026-01-08,목,승차,3430,355,482,,183,184
232,구명,2026-01-08,목,하차,2750,98,249,,292,293
232,구명,2026-01-09,금,승차,3628,335,502,,209,210
232,구명,2026-01-09,금,하차,2826,91,238,,291,292
232,구명,2026-01-10,토,승차,2846,128,214,,137,138
232,구명,2026-01-10,토,하차,2204,52,74,,139,140
232,구명,2026-01-11,일,승차,1990,75,155,,90,91
232,구명,2026-01-11,일,하차,1684,34,70,,119,120
232,구명,2026-01-12,월,승차,3558,358,495,,192,193
232,구명,2026-01-12,월,하차,2853,71,280,,329,330
232,구명,2026-01-13,화,승차,3572,327,531,,217,218
232,구명,2026-01-13,화,하차,2842,93,241,,328,329
232,구명,2026-01-14,수,승차,3530,350,479,,212,213
232,구명,2026-01-14,수,하차,2734,89,231,,327,328
232,구명,2026-01-15,목,승차,3611,334,505,,204,205
232,구명,2026-01-15,목,하차,2896,86,267,,290,291
232,구명,2026-01-16,금,승차,3659,354,524,,212,213
232,구명,2026-01-16,금,하차,2977,87,233,,315,316
232,구명,2026-01-17,토,승차,2950,145,212,,139,140
232,구명,2026-01-17,토,하차,2317,60,87,,174,175
232,구명,2026-01-18,일,승차,2154,72,138,,95,96
232,구명,2026-01-18,일,하차,1833,36,89,,128,129
232,구명,2026-01-19,월,승차,3573,358,540,,216,217
232,구명,2026-01-19,월,하차,2840,87,274,,327,328
232,구명,2026-01-20,화,승차,3595,343,527,,197,198
232,구명,2026-01-20,화,하차,2904,84,254,,311,312
232,구명,2026-01-21,수,승차,3370,342,495,,200,201
232,구명,2026-01-21,수,하차,2751,89,257,,330,331
232,구명,2026-01-22,목,승차,3283,342,482,,202,203
232,구명,2026-01-22,목,하차,2632,87,242,,290,291
232,구명,2026-01-23,금,승차,3528,338,506,,213,214
232,구명,2026-01-23,금,하차,2818,88,255,,286,287
232,구명,2026-01-24,토,승차,2878,139,233,,137,138
232,구명,2026-01-24,토,하차,2175,48,50,,154,155
232,구명,2026-01-25,일,승차,1925,54,139,,82,83
232,구명,2026-01-25,일,하차,1622,35,67,,130,131
232,구명,2026-01-26,월,승차,3486,356,468,,185,186
232,구명,2026-01-26,월,하차,2746,73,257,,320,321
232,구명,2026-01-27,화,승차,3485,378,500,,172,173
232,구명,2026-01-27,화,하차,2820,94,258,,323,324
232,구명,2026-01-28,수,승차,3495,337,498,,234,235
232,구명,2026-01-28,수,하차,2821,93,250,,313,314
232,구명,2026-01-29,목,승차,3533,358,506,,207,208
232,구명,2026-01-29,목,하차,2819,81,257,,291,292
232,구명,2026-01-30,금,승차,3604,333,473,,213,214
232,구명,2026-01-30,금,하차,2835,94,236,,277,278
232,구명,2026-01-31,토,승차,2904,132,193,,163,164
232,구명,2026-01-31,토,하차,2241,47,67,,160,161
232,구명,2026-02-01,일,승차,2126,61,138,,92,93
232,구명,2026-02-01,일,하차,1831,40,70,,142,143
232,구명,2026-02-02,월,승차,3669,405,494,,224,225
232,구명,2026-02-02,월,하차,2911,99,299,,333,334
232,구명,2026-02-03,화,승차,3756,422,503,,210,211
232,구명,2026-02-03,화,하차,2972,108,277,,313,314
232,구명,2026-02-04,수,승차,3898,375,481,,205,206
232,구명,2026-02-04,수,하차,3100,94,275,,321,322
232,구명,2026-02-05,목,승차,3767,398,475,,249,250
232,구명,2026-02-05,목,하차,3017,92,267,,321,322
232,구명,2026-02-06,금,승차,3900,352,496,,223,224
232,구명,2026-02-06,금,하차,3074,96,269,,317,318
232,구명,2026-02-07,토,승차,3031,136,242,,125,126
232,구명,2026-02-07,토,하차,2352,47,80,,181,182
232,구명,2026-02-08,일,승차,2014,83,139,,65,66
232,구명,2026-02-08,일,하차,1666,31,98,,117,118
232,구명,2026-02-09,월,승차,3601,360,488,,221,222
232,구명,2026-02-09,월,하차,2860,78,294,,325,326
232,구명,2026-02-10,화,승차,3552,349,484,,213,214
232,구명,2026-02-10,화,하차,2870,83,277,,346,347
232,구명,2026-02-11,수,승차,3653,363,486,,241,242
232,구명,2026-02-11,수,하차,3010,95,284,,341,342
232,구명,2026-02-12,목,승차,3716,353,493,,199,200
232,구명,2026-02-12,목,하차,2998,97,296,,316,317
232,구명,2026-02-13,금,승차,3773,351,462,,204,205
232,구명,2026-02-13,금,하차,3026,95,267,,268,269
232,구명,2026-02-14,토,승차,2858,129,229,,161,162
232,구명,2026-02-14,토,하차,2206,45,66,,159,160
232,구명,2026-02-15,일,승차,2113,75,116,,99,100
232,구명,2026-02-15,일,하차,1746,41,85,,138,139
232,구명,2026-02-16,월,승차,1674,75,86,,100,101
232,구명,2026-02-16,월,하차,1376,23,53,,113,114
232,구명,2026-02-17,화,승차,1616,56,73,,102,103
232,구명,2026-02-17,화,하차,1250,30,61,,121,122
232,구명,2026-02-18,수,승차,1809,65,98,,82,83
232,구명,2026-02-18,수,하차,1474,28,40,,141,142
232,구명,2026-02-19,목,승차,3569,337,442,,192,193
232,구명,2026-02-19,목,하차,2849,71,275,,316,317
232,구명,2026-02-20,금,승차,3728,341,494,,217,218
232,구명,2026-02-20,금,하차,2911,79,265,,297,298
232,구명,2026-02-21,토,승차,3084,163,217,,142,143
232,구명,2026-02-21,토,하차,2368,56,88,,165,166
232,구명,2026-02-22,일,승차,2097,74,129,,92,93
232,구명,2026-02-22,일,하차,1719,39,72,,122,123
232,구명,2026-02-23,월,승차,3655,384,462,,226,227
232,구명,2026-02-23,월,하차,2992,85,290,,346,347
232,구명,2026-02-24,화,승차,3406,365,474,,195,196
232,구명,2026-02-24,화,하차,2780,95,264,,275,276
232,구명,2026-02-25,수,승차,3681,355,467,,243,244
232,구명,2026-02-25,수,하차,3057,93,262,,356,357
232,구명,2026-02-26,목,승차,3734,373,472,,245,246
232,구명,2026-02-26,목,하차,3047,98,270,,320,321
232,구명,2026-02-27,금,승차,3662,366,421,,251,252
232,구명,2026-02-27,금,하차,2896,91,266,,319,320
232,구명,2026-02-28,토,승차,2914,137,235,,135,136
232,구명,2026-02-28,토,하차,2338,55,89,,157,158
232,구명,2026-03-01,일,승차,2401,84,164,,115,116
232,구명,2026-03-01,일,하차,1950,32,72,,160,161
232,구명,2026-03-02,월,승차,1863,109,131,,84,85
232,구명,2026-03-02,월,하차,1585,43,45,,139,140
232,구명,2026-03-03,화,승차,4221,448,521,,242,243
232,구명,2026-03-03,화,하차,3317,115,359,,353,354
232,구명,2026-03-04,수,승차,4165,450,487,,251,252
232,구명,2026-03-04,수,하차,3266,110,331,,341,342
232,구명,2026-03-05,목,승차,4140,455,514,,209,210
232,구명,2026-03-05,목,하차,3253,114,304,,343,344
232,구명,2026-03-06,금,승차,4098,428,486,,247,248
232,구명,2026-03-06,금,하차,3166,119,290,,328,329
232,구명,2026-03-07,토,승차,2942,137,215,,151,152
232,구명,2026-03-07,토,하차,2334,47,95,,161,162
232,구명,2026-03-08,일,승차,2245,68,157,,86,87
232,구명,2026-03-08,일,하차,1943,45,88,,154,155
232,구명,2026-03-09,월,승차,4209,458,543,,271,272
232,구명,2026-03-09,월,하차,3222,105,338,,357,358
232,구명,2026-03-10,화,승차,4445,483,538,,293,294
232,구명,2026-03-10,화,하차,3420,121,357,,362,363
232,구명,2026-03-11,수,승차,4396,457,515,,271,272
232,구명,2026-03-11,수,하차,3473,133,337,,366,367
232,구명,2026-03-12,목,승차,4314,438,538,,264,265
232,구명,2026-03-12,목,하차,3367,119,354,,334,335
232,구명,2026-03-13,금,승차,4227,440,519,,262,263
232,구명,2026-03-13,금,하차,3312,122,325,,325,326
232,구명,2026-03-14,토,승차,3114,150,235,,154,155
232,구명,2026-03-14,토,하차,2442,58,91,,198,199
232,구명,2026-03-15,일,승차,2333,78,145,,87,88
232,구명,2026-03-15,일,하차,1875,49,97,,136,137
232,구명,2026-03-16,월,승차,4218,479,527,,274,275
232,구명,2026-03-16,월,하차,3157,115,346,,340,341
232,구명,2026-03-17,화,승차,4354,475,529,,258,259
232,구명,2026-03-17,화,하차,3420,117,327,,334,335
232,구명,2026-03-18,수,승차,3980,428,489,,260,261
232,구명,2026-03-18,수,하차,3076,117,310,,336,337
232,구명,2026-03-19,목,승차,4355,469,525,,292,293
232,구명,2026-03-19,목,하차,3293,121,336,,342,343
232,구명,2026-03-20,금,승차,4255,456,510,,286,287
232,구명,2026-03-20,금,하차,3305,126,309,,327,328
232,구명,2026-03-21,토,승차,3186,126,220,,171,172
232,구명,2026-03-21,토,하차,2519,42,92,,198,199
232,구명,2026-03-22,일,승차,2369,89,173,,116,117
232,구명,2026-03-22,일,하차,1907,42,84,,143,144
232,구명,2026-03-23,월,승차,4260,440,532,,248,249
232,구명,2026-03-23,월,하차,3310,120,338,,350,351
232,구명,2026-03-24,화,승차,4270,463,517,,246,247
232,구명,2026-03-24,화,하차,3341,115,322,,331,332
232,구명,2026-03-25,수,승차,4271,449,537,,256,257
232,구명,2026-03-25,수,하차,3255,130,317,,344,345
232,구명,2026-03-26,목,승차,4383,456,515,,270,271
232,구명,2026-03-26,목,하차,3424,123,352,,315,316
232,구명,2026-03-27,금,승차,4323,455,501,,266,267
232,구명,2026-03-27,금,하차,3394,114,324,,313,314
232,구명,2026-03-28,토,승차,3144,151,248,,159,160
232,구명,2026-03-28,토,하차,2507,60,108,,184,185
232,구명,2026-03-29,일,승차,2404,71,165,,119,120
232,구명,2026-03-29,일,하차,2004,50,80,,169,170
232,구명,2026-03-30,월,승차,4039,474,509,,260,261
232,구명,2026-03-30,월,하차,3149,122,294,,346,347
232,구명,2026-03-31,화,승차,4207,440,510,,244,245
232,구명,2026-03-31,화,하차,3204,120,318,,367,368
232,구명,2026-04-01,수,승차,4356,480,546,,290,291
232,구명,2026-04-01,수,하차,3409,126,327,,361,362
232,구명,2026-04-02,목,승차,4470,489,514,,283,284
232,구명,2026-04-02,목,하차,3404,145,375,,352,353
232,구명,2026-04-03,금,승차,4358,499,518,,258,259
232,구명,2026-04-03,금,하차,3301,129,296,,361,362
232,구명,2026-04-04,토,승차,2584,131,184,,140,141
232,구명,2026-04-04,토,하차,2029,43,70,,150,151
232,구명,2026-04-05,일,승차,2407,109,176,,88,89
232,구명,2026-04-05,일,하차,1955,31,89,,145,146
232,구명,2026-04-06,월,승차,4141,499,529,,281,282
232,구명,2026-04-06,월,하차,3216,125,353,,356,357
232,구명,2026-04-07,화,승차,4247,472,554,,281,282
232,구명,2026-04-07,화,하차,3278,130,373,,343,344
232,구명,2026-04-08,수,승차,4470,465,567,,291,292
232,구명,2026-04-08,수,하차,3298,134,362,,355,356
232,구명,2026-04-09,목,승차,3823,425,520,,230,231
232,구명,2026-04-09,목,하차,2922,118,347,,315,316
232,구명,2026-04-10,금,승차,4309,437,510,,283,284
232,구명,2026-04-10,금,하차,3281,132,303,,331,332
232,구명,2026-04-11,토,승차,3041,141,245,,149,150
232,구명,2026-04-11,토,하차,2306,54,107,,143,144
232,구명,2026-04-12,일,승차,2254,90,159,,93,94
232,구명,2026-04-12,일,하차,1848,38,88,,158,159
232,구명,2026-04-13,월,승차,4123,489,475,,281,282
232,구명,2026-04-13,월,하차,3088,130,344,,336,337
232,구명,2026-04-14,화,승차,4318,477,519,,278,279
232,구명,2026-04-14,화,하차,3211,120,351,,345,346
232,구명,2026-04-15,수,승차,4316,475,510,,272,273
232,구명,2026-04-15,수,하차,3313,139,359,,393,394
232,구명,2026-04-16,목,승차,4260,461,509,,267,268
232,구명,2026-04-16,목,하차,3171,122,370,,337,338
232,구명,2026-04-17,금,승차,4082,447,482,,252,253
232,구명,2026-04-17,금,하차,3145,144,313,,329,330
232,구명,2026-04-18,토,승차,3137,183,259,,151,152
232,구명,2026-04-18,토,하차,2434,51,117,,160,161
232,구명,2026-04-19,일,승차,2308,85,169,,81,82
232,구명,2026-04-19,일,하차,1920,55,77,,144,145
232,구명,2026-04-20,월,승차,4341,486,547,,250,251
232,구명,2026-04-20,월,하차,3295,122,342,,354,355
232,구명,2026-04-21,화,승차,4323,468,539,,238,239
232,구명,2026-04-21,화,하차,3328,120,362,,333,334
232,구명,2026-04-22,수,승차,4213,455,551,,276,277
232,구명,2026-04-22,수,하차,3257,126,364,,360,361
232,구명,2026-04-23,목,승차,4241,473,485,,255,256
232,구명,2026-04-23,목,하차,3332,123,338,,353,354
232,구명,2026-04-24,금,승차,4666,476,529,,273,274
232,구명,2026-04-24,금,하차,3653,134,505,,326,327
232,구명,2026-04-25,토,승차,3280,186,243,,128,129
232,구명,2026-04-25,토,하차,2691,72,137,,202,203
232,구명,2026-04-26,일,승차,2475,97,180,,114,115
232,구명,2026-04-26,일,하차,2089,41,103,,151,152
232,구명,2026-04-27,월,승차,4327,489,526,,241,242
232,구명,2026-04-27,월,하차,3333,122,354,,345,346
232,구명,2026-04-28,화,승차,4378,456,534,,215,216
232,구명,2026-04-28,화,하차,3393,135,378,,347,348
232,구명,2026-04-29,수,승차,4557,464,501,,228,229
232,구명,2026-04-29,수,하차,3594,133,346,,363,364
232,구명,2026-04-30,목,승차,4455,440,543,,287,288
232,구명,2026-04-30,목,하차,3462,137,336,,335,336
232,구명,2026-05-01,금,승차,2882,116,218,,142,143
232,구명,2026-05-01,금,하차,2232,58,83,,182,183
232,구명,2026-05-02,토,승차,2930,144,249,,118,119
232,구명,2026-05-02,토,하차,2245,64,89,,174,175
232,구명,2026-05-03,일,승차,2005,76,130,,94,95
232,구명,2026-05-03,일,하차,1617,44,70,,123,124
232,구명,2026-05-04,월,승차,4128,365,496,,238,239
232,구명,2026-05-04,월,하차,3100,88,250,,310,311
232,구명,2026-05-05,화,승차,2532,125,162,,94,95
232,구명,2026-05-05,화,하차,2061,48,75,,166,167
232,구명,2026-05-06,수,승차,4441,493,559,,289,290
232,구명,2026-05-06,수,하차,3455,150,359,,365,366
232,구명,2026-05-07,목,승차,4380,458,533,,297,298
232,구명,2026-05-07,목,하차,3396,142,346,,348,349
232,구명,2026-05-08,금,승차,4432,441,499,,307,308
232,구명,2026-05-08,금,하차,3406,148,347,,375,376
232,구명,2026-05-09,토,승차,3210,163,254,,174,175
232,구명,2026-05-09,토,하차,2494,65,92,,154,155
232,구명,2026-05-10,일,승차,2494,77,168,,101,102
232,구명,2026-05-10,일,하차,2107,48,102,,166,167
232,구명,2026-05-11,월,승차,4432,474,535,,269,270
232,구명,2026-05-11,월,하차,3444,134,340,,369,370
232,구명,2026-05-12,화,승차,4365,468,539,,259,260
232,구명,2026-05-12,화,하차,3355,128,328,,320,321
232,구명,2026-05-13,수,승차,4382,431,556,,241,242
232,구명,2026-05-13,수,하차,3364,138,357,,336,337
232,구명,2026-05-14,목,승차,4466,464,521,,276,277
232,구명,2026-05-14,목,하차,3356,118,389,,331,332
232,구명,2026-05-15,금,승차,4685,452,617,,278,279
232,구명,2026-05-15,금,하차,3622,123,314,,370,371
232,구명,2026-05-16,토,승차,3378,171,276,,168,169
232,구명,2026-05-16,토,하차,2706,69,102,,190,191
232,구명,2026-05-17,일,승차,2505,106,189,,110,111
232,구명,2026-05-17,일,하차,2047,48,84,,152,153
232,구명,2026-05-18,월,승차,4472,480,563,,279,280
232,구명,2026-05-18,월,하차,3434,136,364,,345,346
232,구명,2026-05-19,화,승차,4442,486,550,,267,268
232,구명,2026-05-19,화,하차,3397,135,336,,342,343
232,구명,2026-05-20,수,승차,4126,460,525,,267,268
232,구명,2026-05-20,수,하차,3160,127,339,,323,324
232,구명,2026-05-21,목,승차,4301,442,520,,258,259
232,구명,2026-05-21,목,하차,3289,128,324,,340,341
232,구명,2026-05-22,금,승차,4446,455,541,,271,272
232,구명,2026-05-22,금,하차,3575,144,327,,334,335
232,구명,2026-05-23,토,승차,3160,161,273,,154,155
232,구명,2026-05-23,토,하차,2538,49,122,,178,179
232,구명,2026-05-24,일,승차,2540,85,190,,113,114
232,구명,2026-05-24,일,하차,2180,54,123,,110,111
232,구명,2026-05-25,월,승차,2675,144,182,,145,146
232,구명,2026-05-25,월,하차,2207,57,97,,174,175
232,구명,2026-05-26,화,승차,4367,471,531,,282,283
232,구명,2026-05-26,화,하차,3380,114,355,,327,328
232,구명,2026-05-27,수,승차,4093,454,512,,242,243
232,구명,2026-05-27,수,하차,3210,122,311,,335,336
232,구명,2026-05-28,목,승차,4322,457,469,,283,284
232,구명,2026-05-28,목,하차,3401,132,320,,307,308
232,구명,2026-05-29,금,승차,4452,464,494,,260,261
232,구명,2026-05-29,금,하차,3527,123,253,,328,329
232,구명,2026-05-30,토,승차,3285,184,244,,142,143
232,구명,2026-05-30,토,하차,2554,70,115,,198,199
232,구명,2026-05-31,일,승차,2336,98,165,,111,112
232,구명,2026-05-31,일,하차,1968,61,85,,149,150
232,구명,2026-06-01,월,승차,4355,460,561,,253,254
232,구명,2026-06-01,월,하차,3337,141,367,,344,345
232,구명,2026-06-02,화,승차,4111,450,501,,336,337
232,구명,2026-06-02,화,하차,3165,108,341,,327,328
232,구명,2026-06-03,수,승차,2855,149,206,,134,135
232,구명,2026-06-03,수,하차,2244,50,108,,158,159
232,구명,2026-06-04,목,승차,4312,457,535,,237,238
232,구명,2026-06-04,목,하차,3287,133,350,,324,325
232,구명,2026-06-05,금,승차,4425,478,551,,281,282
232,구명,2026-06-05,금,하차,3394,140,325,,318,319
232,구명,2026-06-06,토,승차,2845,114,199,,111,112
232,구명,2026-06-06,토,하차,2285,50,86,,152,153
232,구명,2026-06-07,일,승차,2161,89,137,,70,71
232,구명,2026-06-07,일,하차,1814,42,81,,110,111
232,구명,2026-06-08,월,승차,4061,452,496,,236,237
232,구명,2026-06-08,월,하차,3089,112,348,,338,339
232,구명,2026-06-09,화,승차,4309,484,508,,281,282
232,구명,2026-06-09,화,하차,3277,136,373,,341,342
232,구명,2026-06-10,수,승차,4367,485,543,,281,282
232,구명,2026-06-10,수,하차,3279,121,360,,327,328
232,구명,2026-06-11,목,승차,4532,488,514,,289,290
232,구명,2026-06-11,목,하차,3488,142,444,,348,349
232,구명,2026-06-12,금,승차,4333,452,487,,282,283
232,구명,2026-06-12,금,하차,3377,130,410,,317,318
232,구명,2026-06-13,토,승차,3256,174,225,,130,131
232,구명,2026-06-13,토,하차,2480,57,113,,181,182
232,구명,2026-06-14,일,승차,2360,92,162,,112,113
232,구명,2026-06-14,일,하차,1869,46,90,,148,149
232,구명,2026-06-15,월,승차,4189,471,539,,256,257
232,구명,2026-06-15,월,하차,3174,143,364,,332,333
232,구명,2026-06-16,화,승차,4244,477,510,,289,290
232,구명,2026-06-16,화,하차,3216,143,323,,342,343
232,구명,2026-06-17,수,승차,4394,478,510,,279,280
232,구명,2026-06-17,수,하차,3393,135,347,,342,343
232,구명,2026-06-18,목,승차,4388,450,568,,295,296
232,구명,2026-06-18,목,하차,3379,142,331,,331,332
232,구명,2026-06-19,금,승차,4454,460,512,,292,293
232,구명,2026-06-19,금,하차,3473,123,348,,318,319
232,구명,2026-06-20,토,승차,2782,136,199,,145,146
232,구명,2026-06-20,토,하차,2125,44,78,,132,133
232,구명,2026-06-21,일,승차,2347,82,171,,110,111
232,구명,2026-06-21,일,하차,1886,52,92,,154,155
232,구명,2026-06-22,월,승차,4118,491,505,,282,283
232,구명,2026-06-22,월,하차,3157,119,333,,328,329
232,구명,2026-06-23,화,승차,4282,454,448,,282,283
232,구명,2026-06-23,화,하차,3279,133,359,,319,320
232,구명,2026-06-24,수,승차,4032,448,472,,249,250
232,구명,2026-06-24,수,하차,3159,125,384,,327,328
232,구명,2026-06-25,목,승차,4071,456,510,,276,277
232,구명,2026-06-25,목,하차,3091,118,334,,319,320
232,구명,2026-06-26,금,승차,4535,428,512,,315,316
232,구명,2026-06-26,금,하차,3572,131,334,,325,326
232,구명,2026-06-27,토,승차,3047,168,215,,152,153
232,구명,2026-06-27,토,하차,2429,64,113,,153,154
232,구명,2026-06-28,일,승차,2312,76,169,,95,96
232,구명,2026-06-28,일,하차,1906,52,99,,131,132
232,구명,2026-06-29,월,승차,4158,455,498,,252,253
232,구명,2026-06-29,월,하차,3307,114,357,,318,319
232,구명,2026-06-30,화,승차,4163,428,506,,261,262
232,구명,2026-06-30,화,하차,3116,125,313,,317,318
233,덕천,2026-01-01,목,승차,2643,44,84,,166,167
233,덕천,2026-01-01,목,하차,3724,73,154,,194,195
233,덕천,2026-01-02,금,승차,4853,168,211,,441,442
233,덕천,2026-01-02,금,하차,6905,209,654,,562,563
233,덕천,2026-01-03,토,승차,5533,79,131,,286,287
233,덕천,2026-01-03,토,하차,7618,123,357,,370,371
233,덕천,2026-01-04,일,승차,3187,58,78,,217,218
233,덕천,2026-01-04,일,하차,4312,109,117,,218,219
233,덕천,2026-01-05,월,승차,5359,207,258,,436,437
233,덕천,2026-01-05,월,하차,7490,247,740,,560,561
233,덕천,2026-01-06,화,승차,5253,213,311,,415,416
233,덕천,2026-01-06,화,하차,7463,268,780,,552,553
233,덕천,2026-01-07,수,승차,5249,212,275,,449,450
233,덕천,2026-01-07,수,하차,7182,244,750,,584,585
233,덕천,2026-01-08,목,승차,5996,219,277,,418,419
233,덕천,2026-01-08,목,하차,8348,255,712,,541,542
233,덕천,2026-01-09,금,승차,5411,218,268,,445,446
233,덕천,2026-01-09,금,하차,7702,250,731,,692,693
233,덕천,2026-01-10,토,승차,4695,91,134,,260,261
233,덕천,2026-01-10,토,하차,6730,132,375,,366,367
233,덕천,2026-01-11,일,승차,3282,49,98,,235,236
233,덕천,2026-01-11,일,하차,4386,104,143,,229,230
233,덕천,2026-01-12,월,승차,5158,197,245,,449,450
233,덕천,2026-01-12,월,하차,7228,263,737,,577,578
233,덕천,2026-01-13,화,승차,6438,201,280,,427,428
233,덕천,2026-01-13,화,하차,8843,267,784,,622,623
233,덕천,2026-01-14,수,승차,5421,200,275,,440,441
233,덕천,2026-01-14,수,하차,7402,240,759,,609,610
233,덕천,2026-01-15,목,승차,5191,234,264,,409,410
233,덕천,2026-01-15,목,하차,7333,234,704,,568,569
233,덕천,2026-01-16,금,승차,5475,201,268,,431,432
233,덕천,2026-01-16,금,하차,7861,247,740,,686,687
233,덕천,2026-01-17,토,승차,4769,72,148,,306,307
233,덕천,2026-01-17,토,하차,6822,116,372,,414,415
233,덕천,2026-01-18,일,승차,4944,54,95,,266,267
233,덕천,2026-01-18,일,하차,6593,104,174,,240,241
233,덕천,2026-01-19,월,승차,5154,231,250,,414,415
233,덕천,2026-01-19,월,하차,7204,231,718,,535,536
233,덕천,2026-01-20,화,승차,5217,210,263,,434,435
233,덕천,2026-01-20,화,하차,7345,247,762,,584,585
233,덕천,2026-01-21,수,승차,5030,197,271,,393,394
233,덕천,2026-01-21,수,하차,6888,249,735,,544,545
233,덕천,2026-01-22,목,승차,4659,196,273,,399,400
233,덕천,2026-01-22,목,하차,6551,254,694,,541,542
233,덕천,2026-01-23,금,승차,6261,209,290,,425,426
233,덕천,2026-01-23,금,하차,9025,260,762,,642,643
233,덕천,2026-01-24,토,승차,4565,86,166,,272,273
233,덕천,2026-01-24,토,하차,6546,141,364,,383,384
233,덕천,2026-01-25,일,승차,3414,48,89,,238,239
233,덕천,2026-01-25,일,하차,4519,167,145,,249,250
233,덕천,2026-01-26,월,승차,5163,230,235,,443,444
233,덕천,2026-01-26,월,하차,7121,251,752,,504,505
233,덕천,2026-01-27,화,승차,5204,219,249,,395,396
233,덕천,2026-01-27,화,하차,7473,254,783,,612,613
233,덕천,2026-01-28,수,승차,6369,206,288,,433,434
233,덕천,2026-01-28,수,하차,8794,263,792,,587,588
233,덕천,2026-01-29,목,승차,5144,219,276,,438,439
233,덕천,2026-01-29,목,하차,7153,249,754,,634,635
233,덕천,2026-01-30,금,승차,5335,204,274,,451,452
233,덕천,2026-01-30,금,하차,7535,273,713,,661,662
233,덕천,2026-01-31,토,승차,4658,97,150,,295,296
233,덕천,2026-01-31,토,하차,6381,127,316,,398,399
233,덕천,2026-02-01,일,승차,3299,66,74,,217,218
233,덕천,2026-02-01,일,하차,4508,105,126,,268,269
233,덕천,2026-02-02,월,승차,5224,248,285,,446,447
233,덕천,2026-02-02,월,하차,7240,282,801,,505,506
233,덕천,2026-02-03,화,승차,6546,225,278,,461,462
233,덕천,2026-02-03,화,하차,9097,313,847,,539,540
233,덕천,2026-02-04,수,승차,5380,217,292,,424,425
233,덕천,2026-02-04,수,하차,7421,296,817,,566,567
233,덕천,2026-02-05,목,승차,5381,244,301,,416,417
233,덕천,2026-02-05,목,하차,7414,275,748,,544,545
233,덕천,2026-02-06,금,승차,5582,227,295,,433,434
233,덕천,2026-02-06,금,하차,8079,277,763,,696,697
233,덕천,2026-02-07,토,승차,4633,101,162,,243,244
233,덕천,2026-02-07,토,하차,6502,140,355,,420,421
233,덕천,2026-02-08,일,승차,4157,47,81,,219,220
233,덕천,2026-02-08,일,하차,5827,132,189,,253,254
233,덕천,2026-02-09,월,승차,5255,236,279,,445,446
233,덕천,2026-02-09,월,하차,7426,260,790,,554,555
233,덕천,2026-02-10,화,승차,5237,218,282,,409,410
233,덕천,2026-02-10,화,하차,7473,249,792,,555,556
233,덕천,2026-02-11,수,승차,5663,236,284,,412,413
233,덕천,2026-02-11,수,하차,7917,265,779,,614,615
233,덕천,2026-02-12,목,승차,5477,224,266,,396,397
233,덕천,2026-02-12,목,하차,7909,251,788,,603,604
233,덕천,2026-02-13,금,승차,7347,238,295,,498,499
233,덕천,2026-02-13,금,하차,10682,285,895,,726,727
233,덕천,2026-02-14,토,승차,5305,92,143,,285,286
233,덕천,2026-02-14,토,하차,7517,147,408,,415,416
233,덕천,2026-02-15,일,승차,3884,56,94,,275,276
233,덕천,2026-02-15,일,하차,5702,79,164,,390,391
233,덕천,2026-02-16,월,승차,3233,43,88,,149,150
233,덕천,2026-02-16,월,하차,4713,79,159,,289,290
233,덕천,2026-02-17,화,승차,1895,51,67,,112,113
233,덕천,2026-02-17,화,하차,2783,47,82,,236,237
233,덕천,2026-02-18,수,승차,3007,41,78,,192,193
233,덕천,2026-02-18,수,하차,4083,57,111,,292,293
233,덕천,2026-02-19,목,승차,5174,206,285,,413,414
233,덕천,2026-02-19,목,하차,7158,232,711,,516,517
233,덕천,2026-02-20,금,승차,5544,242,281,,427,428
233,덕천,2026-02-20,금,하차,7924,234,746,,617,618
233,덕천,2026-02-21,토,승차,4823,105,176,,280,281
233,덕천,2026-02-21,토,하차,6846,147,430,,405,406
233,덕천,2026-02-22,일,승차,3329,52,87,,275,276
233,덕천,2026-02-22,일,하차,4623,154,152,,225,226
233,덕천,2026-02-23,월,승차,6126,236,301,,464,465
233,덕천,2026-02-23,월,하차,8872,250,832,,580,581
233,덕천,2026-02-24,화,승차,4878,248,283,,374,375
233,덕천,2026-02-24,화,하차,6757,247,804,,488,489
233,덕천,2026-02-25,수,승차,5533,224,301,,406,407
233,덕천,2026-02-25,수,하차,7757,278,762,,611,612
233,덕천,2026-02-26,목,승차,5133,211,317,,394,395
233,덕천,2026-02-26,목,하차,7376,271,734,,554,555
233,덕천,2026-02-27,금,승차,5297,251,283,,467,468
233,덕천,2026-02-27,금,하차,7652,264,756,,584,585
233,덕천,2026-02-28,토,승차,5910,107,173,,288,289
233,덕천,2026-02-28,토,하차,8642,202,444,,364,365
233,덕천,2026-03-01,일,승차,3499,52,99,,257,258
233,덕천,2026-03-01,일,하차,5154,114,169,,336,337
233,덕천,2026-03-02,월,승차,3112,82,91,,190,191
233,덕천,2026-03-02,월,하차,4386,147,258,,217,218
233,덕천,2026-03-03,화,승차,5691,270,300,,437,438
233,덕천,2026-03-03,화,하차,8225,340,864,,548,549
233,덕천,2026-03-04,수,승차,5428,280,301,,420,421
233,덕천,2026-03-04,수,하차,7643,311,847,,576,577
233,덕천,2026-03-05,목,승차,5236,262,281,,427,428
233,덕천,2026-03-05,목,하차,7694,328,841,,574,575
233,덕천,2026-03-06,금,승차,5682,267,289,,449,450
233,덕천,2026-03-06,금,하차,8313,327,802,,674,675
233,덕천,2026-03-07,토,승차,5495,96,157,,269,270
233,덕천,2026-03-07,토,하차,7828,163,401,,459,460
233,덕천,2026-03-08,일,승차,4717,61,119,,256,257
233,덕천,2026-03-08,일,하차,6644,152,205,,286,287
233,덕천,2026-03-09,월,승차,5229,248,280,,445,446
233,덕천,2026-03-09,월,하차,7443,345,803,,537,538
233,덕천,2026-03-10,화,승차,5528,259,311,,433,434
233,덕천,2026-03-10,화,하차,7904,325,834,,599,600
233,덕천,2026-03-11,수,승차,5416,264,317,,409,410
233,덕천,2026-03-11,수,하차,7655,358,787,,630,631
233,덕천,2026-03-12,목,승차,5287,254,310,,414,415
233,덕천,2026-03-12,목,하차,7521,313,782,,599,600
233,덕천,2026-03-13,금,승차,6494,253,309,,483,484
233,덕천,2026-03-13,금,하차,9525,346,839,,666,667
233,덕천,2026-03-14,토,승차,4997,94,172,,281,282
233,덕천,2026-03-14,토,하차,7272,170,402,,417,418
233,덕천,2026-03-15,일,승차,3494,51,97,,226,227
233,덕천,2026-03-15,일,하차,4829,156,134,,289,290
233,덕천,2026-03-16,월,승차,5254,264,312,,444,445
233,덕천,2026-03-16,월,하차,7504,341,796,,593,594
233,덕천,2026-03-17,화,승차,5204,258,290,,389,390
233,덕천,2026-03-17,화,하차,7591,350,861,,545,546
233,덕천,2026-03-18,수,승차,5353,250,289,,396,397
233,덕천,2026-03-18,수,하차,7698,337,812,,597,598
233,덕천,2026-03-19,목,승차,5554,264,312,,439,440
233,덕천,2026-03-19,목,하차,7852,358,814,,607,608
233,덕천,2026-03-20,금,승차,5747,257,291,,471,472
233,덕천,2026-03-20,금,하차,8388,337,792,,695,696
233,덕천,2026-03-21,토,승차,5173,93,160,,295,296
233,덕천,2026-03-21,토,하차,7295,157,404,,451,452
233,덕천,2026-03-22,일,승차,3610,70,108,,269,270
233,덕천,2026-03-22,일,하차,4973,168,174,,254,255
233,덕천,2026-03-23,월,승차,6380,271,288,,444,445
233,덕천,2026-03-23,월,하차,9329,353,961,,511,512
233,덕천,2026-03-24,화,승차,5318,277,318,,421,422
233,덕천,2026-03-24,화,하차,7662,327,871,,556,557
233,덕천,2026-03-25,수,승차,5348,267,318,,405,406
233,덕천,2026-03-25,수,하차,7724,322,836,,637,638
233,덕천,2026-03-26,목,승차,5430,265,375,,427,428
233,덕천,2026-03-26,목,하차,7714,322,831,,639,640
233,덕천,2026-03-27,금,승차,5507,266,296,,479,480
233,덕천,2026-03-27,금,하차,8070,319,799,,689,690
233,덕천,2026-03-28,토,승차,6241,99,183,,324,325
233,덕천,2026-03-28,토,하차,9002,196,486,,515,516
233,덕천,2026-03-29,일,승차,3524,60,114,,199,200
233,덕천,2026-03-29,일,하차,4922,95,166,,223,224
233,덕천,2026-03-30,월,승차,5164,262,299,,374,375
233,덕천,2026-03-30,월,하차,7207,310,867,,554,555
233,덕천,2026-03-31,화,승차,5203,248,285,,400,401
233,덕천,2026-03-31,화,하차,7403,320,838,,576,577
233,덕천,2026-04-01,수,승차,5290,251,351,,462,463
233,덕천,2026-04-01,수,하차,7369,343,838,,643,644
233,덕천,2026-04-02,목,승차,5386,293,327,,404,405
233,덕천,2026-04-02,목,하차,7718,327,820,,608,609
233,덕천,2026-04-03,금,승차,6861,269,312,,499,500
233,덕천,2026-04-03,금,하차,10112,365,906,,688,689
233,덕천,2026-04-04,토,승차,4229,85,138,,237,238
233,덕천,2026-04-04,토,하차,6089,156,342,,392,393
233,덕천,2026-04-05,일,승차,3856,75,118,,259,260
233,덕천,2026-04-05,일,하차,5289,144,178,,296,297
233,덕천,2026-04-06,월,승차,4915,283,296,,370,371
233,덕천,2026-04-06,월,하차,7262,329,835,,540,541
233,덕천,2026-04-07,화,승차,5471,274,323,,478,479
233,덕천,2026-04-07,화,하차,7769,316,855,,537,538
233,덕천,2026-04-08,수,승차,6732,286,321,,491,492
233,덕천,2026-04-08,수,하차,9888,385,946,,699,700
233,덕천,2026-04-09,목,승차,4592,257,305,,339,340
233,덕천,2026-04-09,목,하차,6687,320,804,,543,544
233,덕천,2026-04-10,금,승차,5820,268,297,,483,484
233,덕천,2026-04-10,금,하차,8388,325,833,,660,661
233,덕천,2026-04-11,토,승차,5182,115,191,,283,284
233,덕천,2026-04-11,토,하차,7585,188,460,,475,476
233,덕천,2026-04-12,일,승차,3868,83,122,,281,282
233,덕천,2026-04-12,일,하차,5018,163,195,,282,283
233,덕천,2026-04-13,월,승차,6467,287,295,,464,465
233,덕천,2026-04-13,월,하차,9325,344,930,,571,572
233,덕천,2026-04-14,화,승차,5387,280,358,,380,381
233,덕천,2026-04-14,화,하차,7698,363,814,,553,554
233,덕천,2026-04-15,수,승차,5478,271,308,,417,418
233,덕천,2026-04-15,수,하차,7753,333,833,,594,595
233,덕천,2026-04-16,목,승차,5496,275,331,,458,459
233,덕천,2026-04-16,목,하차,7868,356,815,,587,588
233,덕천,2026-04-17,금,승차,5341,251,322,,410,411
233,덕천,2026-04-17,금,하차,7643,347,792,,597,598
233,덕천,2026-04-18,토,승차,6191,104,189,,301,302
233,덕천,2026-04-18,토,하차,8826,208,513,,433,434
233,덕천,2026-04-19,일,승차,3747,81,125,,218,219
233,덕천,2026-04-19,일,하차,4866,163,175,,255,256
233,덕천,2026-04-20,월,승차,5400,264,322,,424,425
233,덕천,2026-04-20,월,하차,7606,323,859,,556,557
233,덕천,2026-04-21,화,승차,5497,302,330,,423,424
233,덕천,2026-04-21,화,하차,7977,326,878,,594,595
233,덕천,2026-04-22,수,승차,5173,271,348,,366,367
233,덕천,2026-04-22,수,하차,7361,333,810,,532,533
233,덕천,2026-04-23,목,승차,6307,252,322,,424,425
233,덕천,2026-04-23,목,하차,9103,362,885,,601,602
233,덕천,2026-04-24,금,승차,5910,270,306,,486,487
233,덕천,2026-04-24,금,하차,8621,333,863,,759,760
233,덕천,2026-04-25,토,승차,5210,117,201,,322,323
233,덕천,2026-04-25,토,하차,7399,214,487,,397,398
233,덕천,2026-04-26,일,승차,3656,70,123,,257,258
233,덕천,2026-04-26,일,하차,4930,164,173,,281,282
233,덕천,2026-04-27,월,승차,5474,287,292,,470,471
233,덕천,2026-04-27,월,하차,7913,360,871,,559,560
233,덕천,2026-04-28,화,승차,6819,239,325,,394,395
233,덕천,2026-04-28,화,하차,9657,353,925,,582,583
233,덕천,2026-04-29,수,승차,5642,264,310,,455,456
233,덕천,2026-04-29,수,하차,8037,331,855,,604,605
233,덕천,2026-04-30,목,승차,5858,260,295,,476,477
233,덕천,2026-04-30,목,하차,8704,313,825,,667,668
233,덕천,2026-05-01,금,승차,4764,82,110,,307,308
233,덕천,2026-05-01,금,하차,6880,162,372,,420,421
233,덕천,2026-05-02,토,승차,4887,108,179,,270,271
233,덕천,2026-05-02,토,하차,7019,188,429,,382,383
233,덕천,2026-05-03,일,승차,3381,60,86,,193,194
233,덕천,2026-05-03,일,하차,4810,140,150,,251,252
233,덕천,2026-05-04,월,승차,5844,230,273,,474,475
233,덕천,2026-05-04,월,하차,8588,284,791,,569,570
233,덕천,2026-05-05,화,승차,4137,88,98,,253,254
233,덕천,2026-05-05,화,하차,5653,116,220,,356,357
233,덕천,2026-05-06,수,승차,5846,288,332,,445,446
233,덕천,2026-05-06,수,하차,8121,362,885,,622,623
233,덕천,2026-05-07,목,승차,5591,280,321,,444,445
233,덕천,2026-05-07,목,하차,8046,362,894,,587,588
233,덕천,2026-05-08,금,승차,7122,275,324,,543,544
233,덕천,2026-05-08,금,하차,10226,395,977,,746,747
233,덕천,2026-05-09,토,승차,5440,125,204,,301,302
233,덕천,2026-05-09,토,하차,7887,186,489,,481,482
233,덕천,2026-05-10,일,승차,4902,76,115,,339,340
233,덕천,2026-05-10,일,하차,6534,149,192,,266,267
233,덕천,2026-05-11,월,승차,5704,293,334,,447,448
233,덕천,2026-05-11,월,하차,8243,352,935,,586,587
233,덕천,2026-05-12,화,승차,5543,284,338,,396,397
233,덕천,2026-05-12,화,하차,7914,349,897,,580,581
233,덕천,2026-05-13,수,승차,6609,294,323,,448,449
233,덕천,2026-05-13,수,하차,9436,361,933,,621,622
233,덕천,2026-05-14,목,승차,5471,281,363,,433,434
233,덕천,2026-05-14,목,하차,7926,358,820,,602,603
233,덕천,2026-05-15,금,승차,5982,251,335,,498,499
233,덕천,2026-05-15,금,하차,8936,355,845,,755,756
233,덕천,2026-05-16,토,승차,5293,105,185,,290,291
233,덕천,2026-05-16,토,하차,7708,198,454,,457,458
233,덕천,2026-05-17,일,승차,3961,69,130,,307,308
233,덕천,2026-05-17,일,하차,5293,167,213,,303,304
233,덕천,2026-05-18,월,승차,6276,273,328,,500,501
233,덕천,2026-05-18,월,하차,9154,371,965,,575,576
233,덕천,2026-05-19,화,승차,5491,276,310,,453,454
233,덕천,2026-05-19,화,하차,7886,344,895,,554,555
233,덕천,2026-05-20,수,승차,4994,261,295,,387,388
233,덕천,2026-05-20,수,하차,7108,335,844,,573,574
233,덕천,2026-05-21,목,승차,5901,289,309,,512,513
233,덕천,2026-05-21,목,하차,8436,345,842,,605,606
233,덕천,2026-05-22,금,승차,6233,271,364,,453,454
233,덕천,2026-05-22,금,하차,9241,344,955,,758,759
233,덕천,2026-05-23,토,승차,6414,106,179,,418,419
233,덕천,2026-05-23,토,하차,9046,227,514,,412,413
233,덕천,2026-05-24,일,승차,3981,87,130,,293,294
233,덕천,2026-05-24,일,하차,5597,131,215,,298,299
233,덕천,2026-05-25,월,승차,4480,100,145,,359,360
233,덕천,2026-05-25,월,하차,6437,147,360,,296,297
233,덕천,2026-05-26,화,승차,5746,267,319,,440,441
233,덕천,2026-05-26,화,하차,8187,355,875,,572,573
233,덕천,2026-05-27,수,승차,5233,251,281,,447,448
233,덕천,2026-05-27,수,하차,7432,323,816,,533,534
233,덕천,2026-05-28,목,승차,7153,286,317,,671,672
233,덕천,2026-05-28,목,하차,10344,362,943,,602,603
233,덕천,2026-05-29,금,승차,5897,267,304,,506,507
233,덕천,2026-05-29,금,하차,8689,340,842,,744,745
233,덕천,2026-05-30,토,승차,5453,114,167,,492,493
233,덕천,2026-05-30,토,하차,7918,195,478,,438,439
233,덕천,2026-05-31,일,승차,3935,76,113,,321,322
233,덕천,2026-05-31,일,하차,5453,114,156,,314,315
233,덕천,2026-06-01,월,승차,5690,278,321,,473,474
233,덕천,2026-06-01,월,하차,8283,349,903,,565,566
233,덕천,2026-06-02,화,승차,5578,268,284,,414,415
233,덕천,2026-06-02,화,하차,8304,329,885,,895,896
233,덕천,2026-06-03,수,승차,5231,99,154,,274,275
233,덕천,2026-06-03,수,하차,7532,173,486,,322,323
233,덕천,2026-06-04,목,승차,5332,284,307,,421,422
233,덕천,2026-06-04,목,하차,7654,338,841,,574,575
233,덕천,2026-06-05,금,승차,5730,278,284,,471,472
233,덕천,2026-06-05,금,하차,8501,340,900,,662,663
233,덕천,2026-06-06,토,승차,4489,98,136,,300,301
233,덕천,2026-06-06,토,하차,6378,136,299,,461,462
233,덕천,2026-06-07,일,승차,3353,68,119,,185,186
233,덕천,2026-06-07,일,하차,4484,162,171,,237,238
233,덕천,2026-06-08,월,승차,5933,255,310,,426,427
233,덕천,2026-06-08,월,하차,8514,340,922,,522,523
233,덕천,2026-06-09,화,승차,5593,296,295,,402,403
233,덕천,2026-06-09,화,하차,7937,338,901,,576,577
233,덕천,2026-06-10,수,승차,5528,275,296,,447,448
233,덕천,2026-06-10,수,하차,7869,344,864,,564,565
233,덕천,2026-06-11,목,승차,5499,283,315,,441,442
233,덕천,2026-06-11,목,하차,7744,336,824,,637,638
233,덕천,2026-06-12,금,승차,5646,262,321,,445,446
233,덕천,2026-06-12,금,하차,8482,397,894,,743,744
233,덕천,2026-06-13,토,승차,6347,112,196,,336,337
233,덕천,2026-06-13,토,하차,9130,224,621,,492,493
233,덕천,2026-06-14,일,승차,3549,81,117,,214,215
233,덕천,2026-06-14,일,하차,4853,157,171,,269,270
233,덕천,2026-06-15,월,승차,5373,296,299,,437,438
233,덕천,2026-06-15,월,하차,7482,351,884,,547,548
233,덕천,2026-06-16,화,승차,5317,278,300,,443,444
233,덕천,2026-06-16,화,하차,7667,368,870,,564,565
233,덕천,2026-06-17,수,승차,5586,269,325,,454,455
233,덕천,2026-06-17,수,하차,7722,357,889,,672,673
233,덕천,2026-06-18,목,승차,6143,271,305,,429,430
233,덕천,2026-06-18,목,하차,8840,372,917,,574,575
233,덕천,2026-06-19,금,승차,5325,262,352,,414,415
233,덕천,2026-06-19,금,하차,7937,369,814,,618,619
233,덕천,2026-06-20,토,승차,4514,88,146,,310,311
233,덕천,2026-06-20,토,하차,6369,140,364,,380,381
233,덕천,2026-06-21,일,승차,3533,86,126,,242,243
233,덕천,2026-06-21,일,하차,4691,162,181,,236,237
233,덕천,2026-06-22,월,승차,5327,259,304,,443,444
233,덕천,2026-06-22,월,하차,7595,330,876,,539,540
233,덕천,2026-06-23,화,승차,6293,254,346,,440,441
233,덕천,2026-06-23,화,하차,9220,359,959,,552,553
233,덕천,2026-06-24,수,승차,5262,285,310,,383,384
233,덕천,2026-06-24,수,하차,7509,353,828,,569,570
233,덕천,2026-06-25,목,승차,5181,257,303,,376,377
233,덕천,2026-06-25,목,하차,7432,333,798,,568,569
233,덕천,2026-06-26,금,승차,5990,254,326,,460,461
233,덕천,2026-06-26,금,하차,8562,338,853,,651,652
233,덕천,2026-06-27,토,승차,5045,112,195,,303,304
233,덕천,2026-06-27,토,하차,7216,177,448,,429,430
233,덕천,2026-06-28,일,승차,4840,80,142,,266,267
233,덕천,2026-06-28,일,하차,6818,189,288,,279,280
233,덕천,2026-06-29,월,승차,5509,262,294,,420,421
233,덕천,2026-06-29,월,하차,7613,370,882,,561,562
233,덕천,2026-06-30,화,승차,5405,256,300,,430,431
233,덕천,2026-06-30,화,하차,7599,331,857,,521,522
234,수정,2026-01-01,목,승차,2791,95,108,,149,150
234,수정,2026-01-01,목,하차,2848,50,94,,211,212
234,수정,2026-01-02,금,승차,5856,653,821,,374,375
234,수정,2026-01-02,금,하차,5512,126,258,,734,735
234,수정,2026-01-03,토,승차,4658,201,300,,200,201
234,수정,2026-01-03,토,하차,4522,85,164,,359,360
234,수정,2026-01-04,일,승차,3100,109,159,,149,150
234,수정,2026-01-04,일,하차,3187,46,89,,289,290
234,수정,2026-01-05,월,승차,6362,782,1040,,295,296
234,수정,2026-01-05,월,하차,6309,141,322,,983,984
234,수정,2026-01-06,화,승차,6341,755,1022,,310,311
234,수정,2026-01-06,화,하차,6245,147,328,,940,941
234,수정,2026-01-07,수,승차,6327,798,982,,316,317
234,수정,2026-01-07,수,하차,6214,142,311,,875,876
234,수정,2026-01-08,목,승차,6384,743,969,,302,303
234,수정,2026-01-08,목,하차,6282,164,332,,916,917
234,수정,2026-01-09,금,승차,6610,763,968,,415,416
234,수정,2026-01-09,금,하차,6212,145,332,,890,891
234,수정,2026-01-10,토,승차,5108,211,316,,212,213
234,수정,2026-01-10,토,하차,4820,96,166,,326,327
234,수정,2026-01-11,일,승차,3243,109,193,,148,149
234,수정,2026-01-11,일,하차,3229,32,84,,275,276
234,수정,2026-01-12,월,승차,6275,760,997,,334,335
234,수정,2026-01-12,월,하차,6170,157,330,,946,947
234,수정,2026-01-13,화,승차,6542,733,1038,,319,320
234,수정,2026-01-13,화,하차,6430,147,336,,872,873
234,수정,2026-01-14,수,승차,6441,757,1005,,340,341
234,수정,2026-01-14,수,하차,6279,140,360,,935,936
234,수정,2026-01-15,목,승차,6425,753,947,,298,299
234,수정,2026-01-15,목,하차,6288,148,359,,903,904
234,수정,2026-01-16,금,승차,6810,752,936,,447,448
234,수정,2026-01-16,금,하차,6524,154,336,,914,915
234,수정,2026-01-17,토,승차,5360,226,367,,227,228
234,수정,2026-01-17,토,하차,5124,96,189,,375,376
234,수정,2026-01-18,일,승차,3598,96,186,,132,133
234,수정,2026-01-18,일,하차,3587,49,68,,283,284
234,수정,2026-01-19,월,승차,6370,797,1020,,300,301
234,수정,2026-01-19,월,하차,6328,146,372,,993,994
234,수정,2026-01-20,화,승차,6401,758,985,,359,360
234,수정,2026-01-20,화,하차,6289,160,346,,902,903
234,수정,2026-01-21,수,승차,6130,768,965,,335,336
234,수정,2026-01-21,수,하차,5926,144,334,,899,900
234,수정,2026-01-22,목,승차,5959,750,921,,287,288
234,수정,2026-01-22,목,하차,5814,155,326,,865,866
234,수정,2026-01-23,금,승차,6659,749,922,,387,388
234,수정,2026-01-23,금,하차,6310,140,332,,854,855
234,수정,2026-01-24,토,승차,4845,215,323,,211,212
234,수정,2026-01-24,토,하차,4600,91,150,,353,354
234,수정,2026-01-25,일,승차,3258,109,177,,154,155
234,수정,2026-01-25,일,하차,3296,41,82,,273,274
234,수정,2026-01-26,월,승차,6201,785,1004,,319,320
234,수정,2026-01-26,월,하차,6150,143,369,,990,991
234,수정,2026-01-27,화,승차,6431,777,990,,332,333
234,수정,2026-01-27,화,하차,6173,160,313,,910,911
234,수정,2026-01-28,수,승차,6472,768,940,,349,350
234,수정,2026-01-28,수,하차,6277,144,337,,935,936
234,수정,2026-01-29,목,승차,6264,754,993,,336,337
234,수정,2026-01-29,목,하차,6057,153,346,,853,854
234,수정,2026-01-30,금,승차,6476,753,914,,379,380
234,수정,2026-01-30,금,하차,6251,164,317,,862,863
234,수정,2026-01-31,토,승차,4865,213,319,,239,240
234,수정,2026-01-31,토,하차,4676,85,155,,310,311
234,수정,2026-02-01,일,승차,3307,118,171,,159,160
234,수정,2026-02-01,일,하차,3286,42,72,,303,304
234,수정,2026-02-02,월,승차,6455,842,1059,,324,325
234,수정,2026-02-02,월,하차,6411,167,442,,907,908
234,수정,2026-02-03,화,승차,6614,830,1049,,361,362
234,수정,2026-02-03,화,하차,6561,153,358,,944,945
234,수정,2026-02-04,수,승차,6599,843,1024,,333,334
234,수정,2026-02-04,수,하차,6456,158,376,,908,909
234,수정,2026-02-05,목,승차,6680,822,1023,,350,351
234,수정,2026-02-05,목,하차,6525,171,353,,917,918
234,수정,2026-02-06,금,승차,7014,834,1009,,393,394
234,수정,2026-02-06,금,하차,6650,155,375,,833,834
234,수정,2026-02-07,토,승차,5268,230,377,,225,226
234,수정,2026-02-07,토,하차,5042,80,189,,382,383
234,수정,2026-02-08,일,승차,3316,118,201,,139,140
234,수정,2026-02-08,일,하차,3326,44,69,,275,276
234,수정,2026-02-09,월,승차,6533,764,1042,,324,325
234,수정,2026-02-09,월,하차,6441,158,400,,913,914
234,수정,2026-02-10,화,승차,6541,785,1035,,333,334
234,수정,2026-02-10,화,하차,6261,159,382,,863,864
234,수정,2026-02-11,수,승차,6759,774,1062,,333,334
234,수정,2026-02-11,수,하차,6619,169,376,,918,919
234,수정,2026-02-12,목,승차,6781,748,1000,,377,378
234,수정,2026-02-12,목,하차,6526,157,363,,902,903
234,수정,2026-02-13,금,승차,7445,772,1013,,420,421
234,수정,2026-02-13,금,하차,7158,171,369,,875,876
234,수정,2026-02-14,토,승차,5178,225,338,,238,239
234,수정,2026-02-14,토,하차,4892,109,167,,334,335
234,수정,2026-02-15,일,승차,3703,92,165,,239,240
234,수정,2026-02-15,일,하차,3620,53,85,,259,260
234,수정,2026-02-16,월,승차,2867,96,141,,153,154
234,수정,2026-02-16,월,하차,2914,59,79,,249,250
234,수정,2026-02-17,화,승차,2220,82,102,,160,161
234,수정,2026-02-17,화,하차,2256,53,83,,185,186
234,수정,2026-02-18,수,승차,3118,87,127,,202,203
234,수정,2026-02-18,수,하차,3081,32,69,,258,259
234,수정,2026-02-19,목,승차,6303,711,943,,350,351
234,수정,2026-02-19,목,하차,6058,145,396,,885,886
234,수정,2026-02-20,금,승차,6866,745,950,,460,461
234,수정,2026-02-20,금,하차,6454,155,403,,906,907
234,수정,2026-02-21,토,승차,5098,256,331,,216,217
234,수정,2026-02-21,토,하차,4752,96,166,,406,407
234,수정,2026-02-22,일,승차,3471,128,194,,164,165
234,수정,2026-02-22,일,하차,3459,55,95,,267,268
234,수정,2026-02-23,월,승차,6829,788,1051,,323,324
234,수정,2026-02-23,월,하차,6798,165,407,,1060,1061
234,수정,2026-02-24,화,승차,6285,801,1036,,315,316
234,수정,2026-02-24,화,하차,6248,178,374,,956,957
234,수정,2026-02-25,수,승차,6781,780,1022,,364,365
234,수정,2026-02-25,수,하차,6572,161,364,,879,880
234,수정,2026-02-26,목,승차,6634,787,1002,,319,320
234,수정,2026-02-26,목,하차,6342,151,339,,910,911
234,수정,2026-02-27,금,승차,6785,749,1014,,423,424
234,수정,2026-02-27,금,하차,6333,151,327,,911,912
234,수정,2026-02-28,토,승차,5462,246,365,,219,220
234,수정,2026-02-28,토,하차,5269,99,234,,380,381
234,수정,2026-03-01,일,승차,4006,111,192,,149,150
234,수정,2026-03-01,일,하차,3981,86,116,,307,308
234,수정,2026-03-02,월,승차,3343,207,230,,158,159
234,수정,2026-03-02,월,하차,3322,71,108,,276,277
234,수정,2026-03-03,화,승차,7260,952,1170,,358,359
234,수정,2026-03-03,화,하차,7077,176,350,,1099,1100
234,수정,2026-03-04,수,승차,6683,1002,1141,,309,310
234,수정,2026-03-04,수,하차,6635,196,360,,979,980
234,수정,2026-03-05,목,승차,6953,998,1171,,337,338
234,수정,2026-03-05,목,하차,6841,168,382,,955,956
234,수정,2026-03-06,금,승차,7133,923,1126,,452,453
234,수정,2026-03-06,금,하차,6960,154,404,,936,937
234,수정,2026-03-07,토,승차,5435,255,391,,300,301
234,수정,2026-03-07,토,하차,5228,120,307,,360,361
234,수정,2026-03-08,일,승차,4002,147,235,,182,183
234,수정,2026-03-08,일,하차,3955,132,203,,289,290
234,수정,2026-03-09,월,승차,6874,968,1194,,316,317
234,수정,2026-03-09,월,하차,6856,172,403,,1053,1054
234,수정,2026-03-10,화,승차,6901,996,1200,,323,324
234,수정,2026-03-10,화,하차,6835,174,373,,1085,1086
234,수정,2026-03-11,수,승차,7112,983,1155,,365,366
234,수정,2026-03-11,수,하차,7028,185,404,,995,996
234,수정,2026-03-12,목,승차,6927,993,1169,,321,322
234,수정,2026-03-12,목,하차,6979,180,361,,989,990
234,수정,2026-03-13,금,승차,7367,945,1119,,455,456
234,수정,2026-03-13,금,하차,7298,187,447,,978,979
234,수정,2026-03-14,토,승차,6156,250,379,,334,335
234,수정,2026-03-14,토,하차,5813,131,379,,465,466
234,수정,2026-03-15,일,승차,3809,134,189,,249,250
234,수정,2026-03-15,일,하차,3726,55,188,,294,295
234,수정,2026-03-16,월,승차,6926,1011,1145,,329,330
234,수정,2026-03-16,월,하차,6885,184,400,,1105,1106
234,수정,2026-03-17,화,승차,7126,1029,1233,,346,347
234,수정,2026-03-17,화,하차,7083,190,405,,1082,1083
234,수정,2026-03-18,수,승차,6589,968,1141,,299,300
234,수정,2026-03-18,수,하차,6530,171,397,,939,940
234,수정,2026-03-19,목,승차,7122,990,1182,,347,348
234,수정,2026-03-19,목,하차,6977,192,370,,1022,1023
234,수정,2026-03-20,금,승차,7427,961,1128,,481,482
234,수정,2026-03-20,금,하차,7105,189,402,,950,951
234,수정,2026-03-21,토,승차,5763,285,387,,285,286
234,수정,2026-03-21,토,하차,5575,137,296,,460,461
234,수정,2026-03-22,일,승차,3837,159,197,,199,200
234,수정,2026-03-22,일,하차,3876,121,187,,283,284
234,수정,2026-03-23,월,승차,7162,987,1243,,314,315
234,수정,2026-03-23,월,하차,7043,175,441,,1152,1153
234,수정,2026-03-24,화,승차,6972,977,1210,,339,340
234,수정,2026-03-24,화,하차,6796,186,401,,1019,1020
234,수정,2026-03-25,수,승차,6838,967,1119,,328,329
234,수정,2026-03-25,수,하차,6903,195,407,,999,1000
234,수정,2026-03-26,목,승차,7145,1006,1141,,365,366
234,수정,2026-03-26,목,하차,6994,175,393,,1013,1014
234,수정,2026-03-27,금,승차,7282,971,1156,,438,439
234,수정,2026-03-27,금,하차,6966,175,405,,915,916
234,수정,2026-03-28,토,승차,6072,283,431,,269,270
234,수정,2026-03-28,토,하차,5834,160,361,,442,443
234,수정,2026-03-29,일,승차,4002,134,228,,208,209
234,수정,2026-03-29,일,하차,4032,128,183,,344,345
234,수정,2026-03-30,월,승차,6659,1018,1132,,278,279
234,수정,2026-03-30,월,하차,6636,198,350,,1029,1030
234,수정,2026-03-31,화,승차,6759,962,1163,,311,312
234,수정,2026-03-31,화,하차,6668,192,340,,1137,1138
234,수정,2026-04-01,수,승차,6908,986,1174,,333,334
234,수정,2026-04-01,수,하차,6846,185,420,,1022,1023
234,수정,2026-04-02,목,승차,6857,980,1164,,357,358
234,수정,2026-04-02,목,하차,6819,190,372,,1039,1040
234,수정,2026-04-03,금,승차,7577,985,1168,,415,416
234,수정,2026-04-03,금,하차,7413,197,433,,944,945
234,수정,2026-04-04,토,승차,4946,224,326,,269,270
234,수정,2026-04-04,토,하차,4785,99,204,,360,361
234,수정,2026-04-05,일,승차,4010,175,217,,217,218
234,수정,2026-04-05,일,하차,4058,64,130,,413,414
234,수정,2026-04-06,월,승차,6872,1070,1160,,328,329
234,수정,2026-04-06,월,하차,6811,193,403,,1054,1055
234,수정,2026-04-07,화,승차,7275,1110,1251,,359,360
234,수정,2026-04-07,화,하차,7090,193,422,,1039,1040
234,수정,2026-04-08,수,승차,7554,1058,1225,,382,383
234,수정,2026-04-08,수,하차,7380,231,406,,1059,1060
234,수정,2026-04-09,목,승차,6401,1001,1168,,282,283
234,수정,2026-04-09,목,하차,6355,180,385,,994,995
234,수정,2026-04-10,금,승차,7435,981,1099,,408,409
234,수정,2026-04-10,금,하차,7273,201,420,,1017,1018
234,수정,2026-04-11,토,승차,5978,269,431,,324,325
234,수정,2026-04-11,토,하차,5701,123,276,,402,403
234,수정,2026-04-12,일,승차,3997,142,232,,190,191
234,수정,2026-04-12,일,하차,3929,131,164,,317,318
234,수정,2026-04-13,월,승차,7291,1043,1230,,330,331
234,수정,2026-04-13,월,하차,7275,204,398,,1127,1128
234,수정,2026-04-14,화,승차,7110,1052,1214,,341,342
234,수정,2026-04-14,화,하차,6975,218,377,,1097,1098
234,수정,2026-04-15,수,승차,7347,1016,1241,,357,358
234,수정,2026-04-15,수,하차,7228,229,397,,1061,1062
234,수정,2026-04-16,목,승차,7159,1025,1183,,336,337
234,수정,2026-04-16,목,하차,7141,214,372,,1050,1051
234,수정,2026-04-17,금,승차,7155,988,1147,,364,365
234,수정,2026-04-17,금,하차,7047,179,409,,961,962
234,수정,2026-04-18,토,승차,5950,266,424,,279,280
234,수정,2026-04-18,토,하차,5657,109,324,,399,400
234,수정,2026-04-19,일,승차,3728,138,213,,211,212
234,수정,2026-04-19,일,하차,3771,55,124,,323,324
234,수정,2026-04-20,월,승차,7088,1023,1177,,332,333
234,수정,2026-04-20,월,하차,6989,201,401,,1061,1062
234,수정,2026-04-21,화,승차,7143,1027,1205,,357,358
234,수정,2026-04-21,화,하차,7203,207,432,,1044,1045
234,수정,2026-04-22,수,승차,7043,1037,1215,,345,346
234,수정,2026-04-22,수,하차,6928,201,403,,1000,1001
234,수정,2026-04-23,목,승차,7287,1020,1163,,350,351
234,수정,2026-04-23,목,하차,7218,185,383,,1072,1073
234,수정,2026-04-24,금,승차,7600,1020,1140,,450,451
234,수정,2026-04-24,금,하차,7336,210,404,,939,940
234,수정,2026-04-25,토,승차,5817,275,393,,308,309
234,수정,2026-04-25,토,하차,5638,129,425,,375,376
234,수정,2026-04-26,일,승차,3797,144,228,,160,161
234,수정,2026-04-26,일,하차,3872,148,128,,310,311
234,수정,2026-04-27,월,승차,7184,1042,1172,,330,331
234,수정,2026-04-27,월,하차,7031,188,377,,1104,1105
234,수정,2026-04-28,화,승차,7523,1070,1205,,359,360
234,수정,2026-04-28,화,하차,7488,212,391,,1069,1070
234,수정,2026-04-29,수,승차,7094,1012,1171,,342,343
234,수정,2026-04-29,수,하차,6973,202,359,,992,993
234,수정,2026-04-30,목,승차,7447,974,1182,,405,406
234,수정,2026-04-30,목,하차,7264,204,340,,1011,1012
234,수정,2026-05-01,금,승차,4779,204,324,,224,225
234,수정,2026-05-01,금,하차,4563,60,117,,358,359
234,수정,2026-05-02,토,승차,5296,227,404,,227,228
234,수정,2026-05-02,토,하차,4968,108,169,,399,400
234,수정,2026-05-03,일,승차,3107,110,162,,148,149
234,수정,2026-05-03,일,하차,3078,64,73,,255,256
234,수정,2026-05-04,월,승차,6978,788,957,,396,397
234,수정,2026-05-04,월,하차,6667,178,335,,934,935
234,수정,2026-05-05,화,승차,4206,172,246,,194,195
234,수정,2026-05-05,화,하차,4157,54,117,,339,340
234,수정,2026-05-06,수,승차,7236,1036,1224,,352,353
234,수정,2026-05-06,수,하차,7188,209,444,,1025,1026
234,수정,2026-05-07,목,승차,7309,1020,1240,,357,358
234,수정,2026-05-07,목,하차,7150,199,416,,1101,1102
234,수정,2026-05-08,금,승차,7755,1043,1175,,437,438
234,수정,2026-05-08,금,하차,7505,213,423,,1105,1106
234,수정,2026-05-09,토,승차,5966,293,389,,302,303
234,수정,2026-05-09,토,하차,5707,123,205,,423,424
234,수정,2026-05-10,일,승차,4250,176,219,,211,212
234,수정,2026-05-10,일,하차,4448,136,101,,307,308
234,수정,2026-05-11,월,승차,7334,1094,1201,,340,341
234,수정,2026-05-11,월,하차,7312,215,414,,1109,1110
234,수정,2026-05-12,화,승차,7241,1020,1236,,361,362
234,수정,2026-05-12,화,하차,7107,223,384,,1120,1121
234,수정,2026-05-13,수,승차,7580,1020,1188,,379,380
234,수정,2026-05-13,수,하차,7640,236,423,,1038,1039
234,수정,2026-05-14,목,승차,7148,1028,1178,,348,349
234,수정,2026-05-14,목,하차,7065,224,402,,986,987
234,수정,2026-05-15,금,승차,7518,1006,1190,,401,402
234,수정,2026-05-15,금,하차,7362,223,406,,951,952
234,수정,2026-05-16,토,승차,5739,283,428,,261,262
234,수정,2026-05-16,토,하차,5557,131,191,,444,445
234,수정,2026-05-17,일,승차,3896,150,242,,193,194
234,수정,2026-05-17,일,하차,3960,138,98,,313,314
234,수정,2026-05-18,월,승차,7343,1041,1250,,387,388
234,수정,2026-05-18,월,하차,7261,234,436,,1128,1129
234,수정,2026-05-19,화,승차,7191,1022,1230,,357,358
234,수정,2026-05-19,화,하차,7056,215,424,,1105,1106
234,수정,2026-05-20,수,승차,6688,991,1195,,293,294
234,수정,2026-05-20,수,하차,6765,213,404,,989,990
234,수정,2026-05-21,목,승차,7190,961,1234,,339,340
234,수정,2026-05-21,목,하차,7097,199,381,,983,984
234,수정,2026-05-22,금,승차,7665,1014,1228,,456,457
234,수정,2026-05-22,금,하차,7438,222,407,,955,956
234,수정,2026-05-23,토,승차,5715,272,423,,230,231
234,수정,2026-05-23,토,하차,5361,124,239,,428,429
234,수정,2026-05-24,일,승차,4124,153,234,,217,218
234,수정,2026-05-24,일,하차,4000,67,113,,299,300
234,수정,2026-05-25,월,승차,4290,190,270,,176,177
234,수정,2026-05-25,월,하차,4277,93,124,,373,374
234,수정,2026-05-26,화,승차,7180,1033,1160,,331,332
234,수정,2026-05-26,화,하차,7219,221,399,,1021,1022
234,수정,2026-05-27,수,승차,6770,917,1194,,300,301
234,수정,2026-05-27,수,하차,6739,178,362,,981,982
234,수정,2026-05-28,목,승차,7232,1009,1195,,384,385
234,수정,2026-05-28,목,하차,7155,215,389,,1007,1008
234,수정,2026-05-29,금,승차,7341,963,1129,,414,415
234,수정,2026-05-29,금,하차,7115,207,355,,983,984
234,수정,2026-05-30,토,승차,5635,264,461,,240,241
234,수정,2026-05-30,토,하차,5342,117,256,,396,397
234,수정,2026-05-31,일,승차,4079,131,231,,231,232
234,수정,2026-05-31,일,하차,4105,136,148,,330,331
234,수정,2026-06-01,월,승차,7127,973,1219,,347,348
234,수정,2026-06-01,월,하차,6984,209,421,,1081,1082
234,수정,2026-06-02,화,승차,6824,936,1220,,390,391
234,수정,2026-06-02,화,하차,6631,161,391,,1007,1008
234,수정,2026-06-03,수,승차,4581,222,328,,190,191
234,수정,2026-06-03,수,하차,4583,113,148,,353,354
234,수정,2026-06-04,목,승차,7096,982,1176,,399,400
234,수정,2026-06-04,목,하차,6971,225,377,,1005,1006
234,수정,2026-06-05,금,승차,7502,984,1108,,459,460
234,수정,2026-06-05,금,하차,7306,210,401,,1029,1030
234,수정,2026-06-06,토,승차,5068,190,277,,284,285
234,수정,2026-06-06,토,하차,4913,90,198,,348,349
234,수정,2026-06-07,일,승차,3721,137,191,,207,208
234,수정,2026-06-07,일,하차,3639,72,121,,261,262
234,수정,2026-06-08,월,승차,7023,950,1237,,318,319
234,수정,2026-06-08,월,하차,6846,190,429,,1040,1041
234,수정,2026-06-09,화,승차,7217,1028,1243,,335,336
234,수정,2026-06-09,화,하차,7025,199,384,,1008,1009
234,수정,2026-06-10,수,승차,7201,1031,1181,,371,372
234,수정,2026-06-10,수,하차,7071,194,425,,990,991
234,수정,2026-06-11,목,승차,7211,968,1132,,405,406
234,수정,2026-06-11,목,하차,7100,191,378,,1023,1024
234,수정,2026-06-12,금,승차,7539,1008,1166,,502,503
234,수정,2026-06-12,금,하차,7277,195,400,,1015,1016
234,수정,2026-06-13,토,승차,6265,271,453,,329,330
234,수정,2026-06-13,토,하차,6162,163,320,,417,418
234,수정,2026-06-14,일,승차,4141,135,195,,255,256
234,수정,2026-06-14,일,하차,4168,164,195,,314,315
234,수정,2026-06-15,월,승차,7026,1017,1189,,344,345
234,수정,2026-06-15,월,하차,6957,227,401,,978,979
234,수정,2026-06-16,화,승차,7203,1039,1244,,372,373
234,수정,2026-06-16,화,하차,7117,201,424,,1037,1038
234,수정,2026-06-17,수,승차,7187,1010,1200,,344,345
234,수정,2026-06-17,수,하차,7168,235,438,,999,1000
234,수정,2026-06-18,목,승차,7053,969,1220,,333,334
234,수정,2026-06-18,목,하차,6951,192,402,,996,997
234,수정,2026-06-19,금,승차,7024,963,1115,,395,396
234,수정,2026-06-19,금,하차,6909,197,422,,965,966
234,수정,2026-06-20,토,승차,4759,225,326,,206,207
234,수정,2026-06-20,토,하차,4650,92,143,,393,394
234,수정,2026-06-21,일,승차,3526,125,203,,169,170
234,수정,2026-06-21,일,하차,3500,55,105,,260,261
234,수정,2026-06-22,월,승차,6902,1019,1178,,312,313
234,수정,2026-06-22,월,하차,6796,184,416,,1031,1032
234,수정,2026-06-23,화,승차,7147,989,1191,,345,346
234,수정,2026-06-23,화,하차,6954,189,395,,1034,1035
234,수정,2026-06-24,수,승차,6847,953,1119,,336,337
234,수정,2026-06-24,수,하차,6760,190,423,,945,946
234,수정,2026-06-25,목,승차,6799,902,1107,,338,339
234,수정,2026-06-25,목,하차,6702,190,405,,943,944
234,수정,2026-06-26,금,승차,7338,928,1108,,437,438
234,수정,2026-06-26,금,하차,7103,175,379,,934,935
234,수정,2026-06-27,토,승차,5409,244,389,,261,262
234,수정,2026-06-27,토,하차,5193,126,204,,391,392
234,수정,2026-06-28,일,승차,3827,154,213,,209,210
234,수정,2026-06-28,일,하차,3939,125,135,,305,306
234,수정,2026-06-29,월,승차,6865,988,1115,,313,314
234,수정,2026-06-29,월,하차,6846,184,382,,984,985
234,수정,2026-06-30,화,승차,6750,1003,1077,,351,352
234,수정,2026-06-30,화,하차,6769,188,351,,940,941
235,화명,2026-01-01,목,승차,5193,143,173,,279,280
235,화명,2026-01-01,목,하차,5467,117,250,,394,395
235,화명,2026-01-02,금,승차,10354,873,959,,744,745
235,화명,2026-01-02,금,하차,10753,225,631,,1474,1475
235,화명,2026-01-03,토,승차,8540,284,378,,448,449
235,화명,2026-01-03,토,하차,8673,174,375,,645,646
235,화명,2026-01-04,일,승차,5873,168,218,,333,334
235,화명,2026-01-04,일,하차,5960,80,207,,410,411
235,화명,2026-01-05,월,승차,11019,1100,1152,,680,681
235,화명,2026-01-05,월,하차,11499,270,722,,1526,1527
235,화명,2026-01-06,화,승차,11391,1135,1189,,735,736
235,화명,2026-01-06,화,하차,11782,266,761,,1554,1555
235,화명,2026-01-07,수,승차,11331,1081,1186,,715,716
235,화명,2026-01-07,수,하차,11776,282,747,,1632,1633
235,화명,2026-01-08,목,승차,11134,1120,1108,,684,685
235,화명,2026-01-08,목,하차,11565,288,696,,1555,1556
235,화명,2026-01-09,금,승차,11772,1051,1145,,836,837
235,화명,2026-01-09,금,하차,12385,281,686,,1642,1643
235,화명,2026-01-10,토,승차,9230,313,487,,490,491
235,화명,2026-01-10,토,하차,9452,167,439,,712,713
235,화명,2026-01-11,일,승차,5759,147,258,,350,351
235,화명,2026-01-11,일,하차,5966,118,192,,478,479
235,화명,2026-01-12,월,승차,10885,1079,1145,,678,679
235,화명,2026-01-12,월,하차,11170,258,677,,1563,1564
235,화명,2026-01-13,화,승차,11346,1062,1203,,707,708
235,화명,2026-01-13,화,하차,11737,276,709,,1482,1483
235,화명,2026-01-14,수,승차,11425,1096,1152,,736,737
235,화명,2026-01-14,수,하차,11904,266,690,,1593,1594
235,화명,2026-01-15,목,승차,11310,1053,1158,,715,716
235,화명,2026-01-15,목,하차,11801,289,723,,1557,1558
235,화명,2026-01-16,금,승차,12263,1067,1152,,882,883
235,화명,2026-01-16,금,하차,12579,284,725,,1645,1646
235,화명,2026-01-17,토,승차,9572,332,430,,489,490
235,화명,2026-01-17,토,하차,9807,190,417,,841,842
235,화명,2026-01-18,일,승차,6379,163,294,,344,345
235,화명,2026-01-18,일,하차,6392,86,189,,501,502
235,화명,2026-01-19,월,승차,11180,1095,1183,,664,665
235,화명,2026-01-19,월,하차,11616,266,743,,1562,1563
235,화명,2026-01-20,화,승차,11239,1116,1159,,708,709
235,화명,2026-01-20,화,하차,11737,265,751,,1508,1509
235,화명,2026-01-21,수,승차,10901,1039,1165,,702,703
235,화명,2026-01-21,수,하차,11385,270,723,,1564,1565
235,화명,2026-01-22,목,승차,10231,1011,1074,,654,655
235,화명,2026-01-22,목,하차,10643,280,702,,1407,1408
235,화명,2026-01-23,금,승차,11791,1045,1109,,872,873
235,화명,2026-01-23,금,하차,12141,269,753,,1531,1532
235,화명,2026-01-24,토,승차,8947,298,426,,488,489
235,화명,2026-01-24,토,하차,9101,163,412,,645,646
235,화명,2026-01-25,일,승차,6145,158,274,,361,362
235,화명,2026-01-25,일,하차,6203,80,204,,490,491
235,화명,2026-01-26,월,승차,10838,1070,1123,,652,653
235,화명,2026-01-26,월,하차,11242,255,682,,1551,1552
235,화명,2026-01-27,화,승차,11143,1067,1201,,724,725
235,화명,2026-01-27,화,하차,11665,285,669,,1433,1434
235,화명,2026-01-28,수,승차,11283,1102,1163,,695,696
235,화명,2026-01-28,수,하차,11653,268,697,,1599,1600
235,화명,2026-01-29,목,승차,11013,1056,1119,,730,731
235,화명,2026-01-29,목,하차,11442,303,673,,1441,1442
235,화명,2026-01-30,금,승차,11603,1066,1082,,805,806
235,화명,2026-01-30,금,하차,12287,282,708,,1614,1615
235,화명,2026-01-31,토,승차,9149,314,412,,513,514
235,화명,2026-01-31,토,하차,9449,183,416,,727,728
235,화명,2026-02-01,일,승차,6039,157,273,,375,376
235,화명,2026-02-01,일,하차,6136,84,225,,476,477
235,화명,2026-02-02,월,승차,11109,1154,1190,,728,729
235,화명,2026-02-02,월,하차,11523,325,765,,1525,1526
235,화명,2026-02-03,화,승차,11482,1150,1217,,756,757
235,화명,2026-02-03,화,하차,11901,299,787,,1588,1589
235,화명,2026-02-04,수,승차,11372,1151,1209,,753,754
235,화명,2026-02-04,수,하차,12061,299,822,,1636,1637
235,화명,2026-02-05,목,승차,11612,1095,1212,,741,742
235,화명,2026-02-05,목,하차,12163,315,782,,1559,1560
235,화명,2026-02-06,금,승차,12028,1078,1231,,828,829
235,화명,2026-02-06,금,하차,12533,307,751,,1633,1634
235,화명,2026-02-07,토,승차,9349,329,449,,473,474
235,화명,2026-02-07,토,하차,9561,170,460,,699,700
235,화명,2026-02-08,일,승차,6013,143,274,,356,357
235,화명,2026-02-08,일,하차,6138,120,209,,431,432
235,화명,2026-02-09,월,승차,10947,1074,1142,,696,697
235,화명,2026-02-09,월,하차,11389,297,742,,1532,1533
235,화명,2026-02-10,화,승차,11469,1098,1208,,706,707
235,화명,2026-02-10,화,하차,11828,320,763,,1464,1465
235,화명,2026-02-11,수,승차,11852,1103,1195,,782,783
235,화명,2026-02-11,수,하차,12243,332,812,,1504,1505
235,화명,2026-02-12,목,승차,11746,1100,1166,,740,741
235,화명,2026-02-12,목,하차,12087,310,795,,1449,1450
235,화명,2026-02-13,금,승차,12713,1060,1183,,914,915
235,화명,2026-02-13,금,하차,13175,324,755,,1568,1569
235,화명,2026-02-14,토,승차,9446,309,415,,517,518
235,화명,2026-02-14,토,하차,9639,170,434,,712,713
235,화명,2026-02-15,일,승차,6983,147,233,,446,447
235,화명,2026-02-15,일,하차,7009,100,207,,601,602
235,화명,2026-02-16,월,승차,5326,158,178,,354,355
235,화명,2026-02-16,월,하차,5596,95,171,,483,484
235,화명,2026-02-17,화,승차,3827,100,145,,271,272
235,화명,2026-02-17,화,하차,4049,88,125,,345,346
235,화명,2026-02-18,수,승차,5659,128,169,,322,323
235,화명,2026-02-18,수,하차,5767,79,136,,500,501
235,화명,2026-02-19,목,승차,11114,977,1087,,715,716
235,화명,2026-02-19,목,하차,11585,314,748,,1511,1512
235,화명,2026-02-20,금,승차,12118,1029,1182,,818,819
235,화명,2026-02-20,금,하차,12549,308,728,,1574,1575
235,화명,2026-02-21,토,승차,9416,374,399,,555,556
235,화명,2026-02-21,토,하차,9764,167,425,,746,747
235,화명,2026-02-22,일,승차,6521,183,252,,396,397
235,화명,2026-02-22,일,하차,6610,95,209,,497,498
235,화명,2026-02-23,월,승차,11774,1108,1177,,735,736
235,화명,2026-02-23,월,하차,12099,324,810,,1523,1524
235,화명,2026-02-24,화,승차,10637,1080,1180,,590,591
235,화명,2026-02-24,화,하차,10833,316,762,,1352,1353
235,화명,2026-02-25,수,승차,11804,1053,1258,,715,716
235,화명,2026-02-25,수,하차,12399,320,769,,1538,1539
235,화명,2026-02-26,목,승차,11668,1051,1238,,762,763
235,화명,2026-02-26,목,하차,11998,302,721,,1425,1426
235,화명,2026-02-27,금,승차,11467,1013,1150,,804,805
235,화명,2026-02-27,금,하차,12174,276,700,,1653,1654
235,화명,2026-02-28,토,승차,9915,376,532,,552,553
235,화명,2026-02-28,토,하차,10098,191,462,,750,751
235,화명,2026-03-01,일,승차,6702,196,298,,395,396
235,화명,2026-03-01,일,하차,6802,104,214,,526,527
235,화명,2026-03-02,월,승차,5770,248,287,,307,308
235,화명,2026-03-02,월,하차,5750,112,224,,470,471
235,화명,2026-03-03,화,승차,11468,1301,1358,,708,709
235,화명,2026-03-03,화,하차,12057,344,775,,1536,1537
235,화명,2026-03-04,수,승차,11744,1301,1360,,727,728
235,화명,2026-03-04,수,하차,12363,348,754,,1666,1667
235,화명,2026-03-05,목,승차,11740,1291,1295,,712,713
235,화명,2026-03-05,목,하차,12318,359,775,,1639,1640
235,화명,2026-03-06,금,승차,12304,1293,1248,,878,879
235,화명,2026-03-06,금,하차,12934,352,746,,1753,1754
235,화명,2026-03-07,토,승차,9580,337,485,,526,527
235,화명,2026-03-07,토,하차,9887,169,468,,733,734
235,화명,2026-03-08,일,승차,6588,193,292,,397,398
235,화명,2026-03-08,일,하차,6769,129,229,,521,522
235,화명,2026-03-09,월,승차,11478,1310,1305,,707,708
235,화명,2026-03-09,월,하차,11933,336,819,,1658,1659
235,화명,2026-03-10,화,승차,11890,1375,1387,,770,771
235,화명,2026-03-10,화,하차,12579,331,798,,1716,1717
235,화명,2026-03-11,수,승차,11995,1333,1389,,739,740
235,화명,2026-03-11,수,하차,12624,371,787,,1778,1779
235,화명,2026-03-12,목,승차,11762,1295,1395,,690,691
235,화명,2026-03-12,목,하차,12342,356,730,,1509,1510
235,화명,2026-03-13,금,승차,12340,1268,1330,,815,816
235,화명,2026-03-13,금,하차,12868,345,808,,1659,1660
235,화명,2026-03-14,토,승차,10250,356,480,,556,557
235,화명,2026-03-14,토,하차,10398,162,459,,795,796
235,화명,2026-03-15,일,승차,6333,200,279,,386,387
235,화명,2026-03-15,일,하차,6556,117,221,,535,536
235,화명,2026-03-16,월,승차,11445,1329,1286,,724,725
235,화명,2026-03-16,월,하차,12020,352,743,,1607,1608
235,화명,2026-03-17,화,승차,11701,1365,1345,,762,763
235,화명,2026-03-17,화,하차,12251,344,745,,1668,1669
235,화명,2026-03-18,수,승차,10993,1309,1298,,688,689
235,화명,2026-03-18,수,하차,11551,334,761,,1616,1617
235,화명,2026-03-19,목,승차,12077,1343,1350,,746,747
235,화명,2026-03-19,목,하차,12594,340,775,,1709,1710
235,화명,2026-03-20,금,승차,12799,1285,1323,,860,861
235,화명,2026-03-20,금,하차,13374,346,808,,1741,1742
235,화명,2026-03-21,토,승차,10228,357,507,,562,563
235,화명,2026-03-21,토,하차,10529,172,449,,799,800
235,화명,2026-03-22,일,승차,6666,226,282,,406,407
235,화명,2026-03-22,일,하차,6743,128,202,,482,483
235,화명,2026-03-23,월,승차,11702,1351,1312,,661,662
235,화명,2026-03-23,월,하차,12201,352,793,,1651,1652
235,화명,2026-03-24,화,승차,11938,1370,1393,,716,717
235,화명,2026-03-24,화,하차,12558,386,802,,1705,1706
235,화명,2026-03-25,수,승차,11859,1297,1364,,745,746
235,화명,2026-03-25,수,하차,12488,349,775,,1626,1627
235,화명,2026-03-26,목,승차,12145,1347,1318,,755,756
235,화명,2026-03-26,목,하차,12881,355,794,,1720,1721
235,화명,2026-03-27,금,승차,12604,1334,1290,,895,896
235,화명,2026-03-27,금,하차,13326,360,777,,1757,1758
235,화명,2026-03-28,토,승차,10544,386,570,,608,609
235,화명,2026-03-28,토,하차,10696,205,528,,843,844
235,화명,2026-03-29,일,승차,6972,207,317,,403,404
235,화명,2026-03-29,일,하차,7064,109,276,,538,539
235,화명,2026-03-30,월,승차,11314,1325,1306,,708,709
235,화명,2026-03-30,월,하차,11745,316,735,,1620,1621
235,화명,2026-03-31,화,승차,11509,1349,1328,,763,764
235,화명,2026-03-31,화,하차,12158,322,695,,1653,1654
235,화명,2026-04-01,수,승차,11667,1391,1409,,740,741
235,화명,2026-04-01,수,하차,12280,371,824,,1694,1695
235,화명,2026-04-02,목,승차,11969,1346,1322,,712,713
235,화명,2026-04-02,목,하차,12611,365,806,,1723,1724
235,화명,2026-04-03,금,승차,13101,1345,1303,,877,878
235,화명,2026-04-03,금,하차,13576,364,842,,1645,1646
235,화명,2026-04-04,토,승차,8834,320,411,,546,547
235,화명,2026-04-04,토,하차,8900,157,387,,726,727
235,화명,2026-04-05,일,승차,7237,246,345,,417,418
235,화명,2026-04-05,일,하차,7283,103,240,,642,643
235,화명,2026-04-06,월,승차,11394,1405,1337,,653,654
235,화명,2026-04-06,월,하차,11859,339,836,,1663,1664
235,화명,2026-04-07,화,승차,12258,1433,1379,,774,775
235,화명,2026-04-07,화,하차,12848,375,837,,1745,1746
235,화명,2026-04-08,수,승차,12772,1463,1435,,773,774
235,화명,2026-04-08,수,하차,13207,390,802,,1856,1857
235,화명,2026-04-09,목,승차,10666,1336,1368,,597,598
235,화명,2026-04-09,목,하차,11119,365,779,,1570,1571
235,화명,2026-04-10,금,승차,12910,1289,1425,,844,845
235,화명,2026-04-10,금,하차,13621,347,825,,1747,1748
235,화명,2026-04-11,토,승차,10550,388,541,,634,635
235,화명,2026-04-11,토,하차,10764,203,499,,776,777
235,화명,2026-04-12,일,승차,7245,190,323,,385,386
235,화명,2026-04-12,일,하차,7246,151,270,,523,524
235,화명,2026-04-13,월,승차,12175,1401,1282,,768,769
235,화명,2026-04-13,월,하차,12679,405,868,,1679,1680
235,화명,2026-04-14,화,승차,12200,1391,1372,,726,727
235,화명,2026-04-14,화,하차,12780,376,827,,1687,1688
235,화명,2026-04-15,수,승차,12443,1393,1399,,726,727
235,화명,2026-04-15,수,하차,13158,406,839,,1759,1760
235,화명,2026-04-16,목,승차,12393,1398,1366,,718,719
235,화명,2026-04-16,목,하차,13020,370,863,,1673,1674
235,화명,2026-04-17,금,승차,12169,1324,1348,,753,754
235,화명,2026-04-17,금,하차,12718,418,926,,1661,1662
235,화명,2026-04-18,토,승차,10335,396,515,,499,500
235,화명,2026-04-18,토,하차,10366,197,590,,713,714
235,화명,2026-04-19,일,승차,6941,208,310,,447,448
235,화명,2026-04-19,일,하차,7010,101,290,,538,539
235,화명,2026-04-20,월,승차,11783,1343,1301,,650,651
235,화명,2026-04-20,월,하차,12351,378,807,,1675,1676
235,화명,2026-04-21,화,승차,12186,1365,1407,,757,758
235,화명,2026-04-21,화,하차,12707,375,861,,1577,1578
235,화명,2026-04-22,수,승차,11860,1408,1395,,696,697
235,화명,2026-04-22,수,하차,12342,368,800,,1640,1641
235,화명,2026-04-23,목,승차,12025,1335,1343,,718,719
235,화명,2026-04-23,목,하차,12603,398,815,,1673,1674
235,화명,2026-04-24,금,승차,12927,1313,1392,,882,883
235,화명,2026-04-24,금,하차,13416,392,850,,1732,1733
235,화명,2026-04-25,토,승차,10286,393,526,,554,555
235,화명,2026-04-25,토,하차,10334,199,512,,787,788
235,화명,2026-04-26,일,승차,6805,205,298,,383,384
235,화명,2026-04-26,일,하차,6806,119,272,,507,508
235,화명,2026-04-27,월,승차,12100,1458,1373,,736,737
235,화명,2026-04-27,월,하차,12551,354,793,,1655,1656
235,화명,2026-04-28,화,승차,12655,1386,1434,,755,756
235,화명,2026-04-28,화,하차,13141,356,816,,1593,1594
235,화명,2026-04-29,수,승차,12437,1413,1423,,764,765
235,화명,2026-04-29,수,하차,12767,360,777,,1711,1712
235,화명,2026-04-30,목,승차,12794,1347,1309,,818,819
235,화명,2026-04-30,목,하차,13424,346,747,,1721,1722
235,화명,2026-05-01,금,승차,8981,295,387,,525,526
235,화명,2026-05-01,금,하차,9329,125,303,,806,807
235,화명,2026-05-02,토,승차,9706,329,486,,537,538
235,화명,2026-05-02,토,하차,10114,184,446,,718,719
235,화명,2026-05-03,일,승차,5645,175,228,,328,329
235,화명,2026-05-03,일,하차,5798,101,191,,461,462
235,화명,2026-05-04,월,승차,12256,1053,1087,,793,794
235,화명,2026-05-04,월,하차,12764,296,714,,1626,1627
235,화명,2026-05-05,화,승차,8043,255,332,,424,425
235,화명,2026-05-05,화,하차,8176,155,269,,619,620
235,화명,2026-05-06,수,승차,13090,1454,1446,,759,760
235,화명,2026-05-06,수,하차,13673,399,826,,1767,1768
235,화명,2026-05-07,목,승차,12860,1406,1435,,762,763
235,화명,2026-05-07,목,하차,13456,415,824,,1760,1761
235,화명,2026-05-08,금,승차,13348,1378,1344,,855,856
235,화명,2026-05-08,금,하차,14255,392,881,,1867,1868
235,화명,2026-05-09,토,승차,10638,387,530,,587,588
235,화명,2026-05-09,토,하차,11181,196,485,,788,789
235,화명,2026-05-10,일,승차,7857,215,305,,457,458
235,화명,2026-05-10,일,하차,8072,151,251,,534,535
235,화명,2026-05-11,월,승차,12619,1535,1352,,701,702
235,화명,2026-05-11,월,하차,13304,405,851,,1699,1700
235,화명,2026-05-12,화,승차,12357,1399,1384,,730,731
235,화명,2026-05-12,화,하차,12938,339,940,,1622,1623
235,화명,2026-05-13,수,승차,13079,1385,1550,,748,749
235,화명,2026-05-13,수,하차,13638,434,862,,1722,1723
235,화명,2026-05-14,목,승차,12812,1358,1417,,788,789
235,화명,2026-05-14,목,하차,13396,401,874,,1668,1669
235,화명,2026-05-15,금,승차,13475,1335,1384,,906,907
235,화명,2026-05-15,금,하차,14177,418,911,,1758,1759
235,화명,2026-05-16,토,승차,11576,416,552,,649,650
235,화명,2026-05-16,토,하차,11856,255,517,,852,853
235,화명,2026-05-17,일,승차,7880,252,340,,502,503
235,화명,2026-05-17,일,하차,7984,109,294,,580,581
235,화명,2026-05-18,월,승차,12518,1415,1339,,759,760
235,화명,2026-05-18,월,하차,13118,437,893,,1757,1758
235,화명,2026-05-19,화,승차,12503,1414,1395,,787,788
235,화명,2026-05-19,화,하차,13202,414,839,,1779,1780
235,화명,2026-05-20,수,승차,11342,1378,1479,,664,665
235,화명,2026-05-20,수,하차,11722,387,775,,1555,1556
235,화명,2026-05-21,목,승차,12290,1324,1400,,687,688
235,화명,2026-05-21,목,하차,12927,377,832,,1627,1628
235,화명,2026-05-22,금,승차,13461,1326,1378,,870,871
235,화명,2026-05-22,금,하차,14337,422,909,,1795,1796
235,화명,2026-05-23,토,승차,10371,422,568,,571,572
235,화명,2026-05-23,토,하차,10471,194,547,,716,717
235,화명,2026-05-24,일,승차,7519,221,357,,427,428
235,화명,2026-05-24,일,하차,7629,145,253,,602,603
235,화명,2026-05-25,월,승차,7916,296,365,,433,434
235,화명,2026-05-25,월,하차,8043,145,303,,639,640
235,화명,2026-05-26,화,승차,12279,1368,1365,,738,739
235,화명,2026-05-26,화,하차,12969,389,876,,1710,1711
235,화명,2026-05-27,수,승차,11246,1314,1339,,710,711
235,화명,2026-05-27,수,하차,11869,324,754,,1606,1607
235,화명,2026-05-28,목,승차,12611,1370,1355,,751,752
235,화명,2026-05-28,목,하차,13117,384,779,,1730,1731
235,화명,2026-05-29,금,승차,13040,1334,1271,,865,866
235,화명,2026-05-29,금,하차,13552,404,821,,1711,1712
235,화명,2026-05-30,토,승차,10065,401,571,,559,560
235,화명,2026-05-30,토,하차,10503,209,496,,783,784
235,화명,2026-05-31,일,승차,6960,228,348,,394,395
235,화명,2026-05-31,일,하차,7094,116,261,,629,630
235,화명,2026-06-01,월,승차,11913,1401,1316,,708,709
235,화명,2026-06-01,월,하차,12540,400,885,,1682,1683
235,화명,2026-06-02,화,승차,11245,1331,1323,,742,743
235,화명,2026-06-02,화,하차,11984,353,763,,1600,1601
235,화명,2026-06-03,수,승차,8785,315,417,,483,484
235,화명,2026-06-03,수,하차,8845,150,373,,622,623
235,화명,2026-06-04,목,승차,12090,1372,1277,,704,705
235,화명,2026-06-04,목,하차,12766,408,805,,1679,1680
235,화명,2026-06-05,금,승차,13011,1342,1311,,859,860
235,화명,2026-06-05,금,하차,13670,374,845,,1759,1760
235,화명,2026-06-06,토,승차,8742,276,355,,541,542
235,화명,2026-06-06,토,하차,9005,151,326,,691,692
235,화명,2026-06-07,일,승차,6069,176,280,,341,342
235,화명,2026-06-07,일,하차,6244,105,244,,422,423
235,화명,2026-06-08,월,승차,11360,1355,1338,,596,597
235,화명,2026-06-08,월,하차,11817,368,813,,1640,1641
235,화명,2026-06-09,화,승차,12252,1365,1337,,743,744
235,화명,2026-06-09,화,하차,12841,382,870,,1676,1677
235,화명,2026-06-10,수,승차,12286,1416,1408,,742,743
235,화명,2026-06-10,수,하차,12793,387,850,,1618,1619
235,화명,2026-06-11,목,승차,12039,1329,1346,,750,751
235,화명,2026-06-11,목,하차,12714,407,746,,1709,1710
235,화명,2026-06-12,금,승차,12671,1412,1331,,859,860
235,화명,2026-06-12,금,하차,13168,371,858,,1705,1706
235,화명,2026-06-13,토,승차,10466,410,592,,539,540
235,화명,2026-06-13,토,하차,10720,215,496,,778,779
235,화명,2026-06-14,일,승차,6540,198,297,,359,360
235,화명,2026-06-14,일,하차,6699,141,254,,506,507
235,화명,2026-06-15,월,승차,11483,1399,1273,,685,686
235,화명,2026-06-15,월,하차,12069,390,819,,1647,1648
235,화명,2026-06-16,화,승차,11919,1373,1425,,737,738
235,화명,2026-06-16,화,하차,12494,385,839,,1666,1667
235,화명,2026-06-17,수,승차,12068,1385,1365,,674,675
235,화명,2026-06-17,수,하차,12673,379,763,,1747,1748
235,화명,2026-06-18,목,승차,12012,1362,1342,,680,681
235,화명,2026-06-18,목,하차,12437,397,789,,1669,1670
235,화명,2026-06-19,금,승차,11933,1294,1288,,806,807
235,화명,2026-06-19,금,하차,12512,377,834,,1575,1576
235,화명,2026-06-20,토,승차,8956,307,399,,491,492
235,화명,2026-06-20,토,하차,9262,152,378,,745,746
235,화명,2026-06-21,일,승차,6640,215,307,,376,377
235,화명,2026-06-21,일,하차,6731,132,263,,506,507
235,화명,2026-06-22,월,승차,11574,1337,1269,,696,697
235,화명,2026-06-22,월,하차,12032,371,805,,1665,1666
235,화명,2026-06-23,화,승차,11967,1337,1321,,735,736
235,화명,2026-06-23,화,하차,12419,411,807,,1599,1600
235,화명,2026-06-24,수,승차,11581,1310,1284,,703,704
235,화명,2026-06-24,수,하차,11900,376,744,,1579,1580
235,화명,2026-06-25,목,승차,11890,1337,1251,,737,738
235,화명,2026-06-25,목,하차,12220,357,824,,1553,1554
235,화명,2026-06-26,금,승차,12943,1294,1258,,843,844
235,화명,2026-06-26,금,하차,13575,366,821,,1814,1815
235,화명,2026-06-27,토,승차,10186,355,523,,544,545
235,화명,2026-06-27,토,하차,10206,186,524,,745,746
235,화명,2026-06-28,일,승차,7116,230,342,,397,398
235,화명,2026-06-28,일,하차,6956,133,264,,544,545
235,화명,2026-06-29,월,승차,11681,1356,1272,,688,689
235,화명,2026-06-29,월,하차,12086,364,802,,1589,1590
235,화명,2026-06-30,화,승차,11701,1343,1252,,712,713
235,화명,2026-06-30,화,하차,12253,358,755,,1571,1572
236,율리,2026-01-01,목,승차,2173,89,101,,121,122
236,율리,2026-01-01,목,하차,2162,42,67,,154,155
236,율리,2026-01-02,금,승차,4180,499,563,,231,232
236,율리,2026-01-02,금,하차,3862,80,217,,513,514
236,율리,2026-01-03,토,승차,3369,183,263,,161,162
236,율리,2026-01-03,토,하차,3113,42,82,,230,231
236,율리,2026-01-04,일,승차,2905,92,163,,119,120
236,율리,2026-01-04,일,하차,2784,48,109,,213,214
236,율리,2026-01-05,월,승차,4557,592,627,,208,209
236,율리,2026-01-05,월,하차,4245,91,273,,576,577
236,율리,2026-01-06,화,승차,4578,593,655,,223,224
236,율리,2026-01-06,화,하차,4368,102,247,,606,607
236,율리,2026-01-07,수,승차,4643,601,655,,251,252
236,율리,2026-01-07,수,하차,4449,93,270,,570,571
236,율리,2026-01-08,목,승차,4662,589,677,,258,259
236,율리,2026-01-08,목,하차,4347,95,264,,571,572
236,율리,2026-01-09,금,승차,4819,589,653,,289,290
236,율리,2026-01-09,금,하차,4447,96,235,,572,573
236,율리,2026-01-10,토,승차,3616,198,279,,158,159
236,율리,2026-01-10,토,하차,3259,45,90,,255,256
236,율리,2026-01-11,일,승차,2942,94,162,,91,92
236,율리,2026-01-11,일,하차,2792,58,123,,214,215
236,율리,2026-01-12,월,승차,4656,552,626,,213,214
236,율리,2026-01-12,월,하차,4524,88,250,,545,546
236,율리,2026-01-13,화,승차,4759,601,680,,221,222
236,율리,2026-01-13,화,하차,4483,85,249,,563,564
236,율리,2026-01-14,수,승차,4716,559,683,,236,237
236,율리,2026-01-14,수,하차,4391,87,246,,611,612
236,율리,2026-01-15,목,승차,4827,571,674,,254,255
236,율리,2026-01-15,목,하차,4446,83,274,,582,583
236,율리,2026-01-16,금,승차,4898,592,663,,244,245
236,율리,2026-01-16,금,하차,4537,75,310,,586,587
236,율리,2026-01-17,토,승차,3807,211,302,,156,157
236,율리,2026-01-17,토,하차,3509,43,130,,271,272
236,율리,2026-01-18,일,승차,3120,101,193,,96,97
236,율리,2026-01-18,일,하차,3002,51,120,,246,247
236,율리,2026-01-19,월,승차,4544,572,658,,218,219
236,율리,2026-01-19,월,하차,4363,99,266,,577,578
236,율리,2026-01-20,화,승차,4831,585,673,,207,208
236,율리,2026-01-20,화,하차,4603,106,296,,548,549
236,율리,2026-01-21,수,승차,4622,578,631,,251,252
236,율리,2026-01-21,수,하차,4314,98,310,,592,593
236,율리,2026-01-22,목,승차,4424,542,662,,236,237
236,율리,2026-01-22,목,하차,4175,105,266,,571,572
236,율리,2026-01-23,금,승차,4878,583,652,,249,250
236,율리,2026-01-23,금,하차,4511,93,258,,542,543
236,율리,2026-01-24,토,승차,3827,194,271,,143,144
236,율리,2026-01-24,토,하차,3425,62,126,,263,264
236,율리,2026-01-25,일,승차,2809,115,188,,112,113
236,율리,2026-01-25,일,하차,2817,51,123,,225,226
236,율리,2026-01-26,월,승차,4606,569,649,,230,231
236,율리,2026-01-26,월,하차,4336,89,259,,578,579
236,율리,2026-01-27,화,승차,4703,590,668,,220,221
236,율리,2026-01-27,화,하차,4403,94,253,,608,609
236,율리,2026-01-28,수,승차,4765,578,604,,252,253
236,율리,2026-01-28,수,하차,4478,91,248,,574,575
236,율리,2026-01-29,목,승차,4575,578,632,,230,231
236,율리,2026-01-29,목,하차,4380,88,242,,604,605
236,율리,2026-01-30,금,승차,4699,578,630,,270,271
236,율리,2026-01-30,금,하차,4397,94,233,,573,574
236,율리,2026-01-31,토,승차,3645,203,284,,116,117
236,율리,2026-01-31,토,하차,3315,75,114,,244,245
236,율리,2026-02-01,일,승차,3074,91,187,,144,145
236,율리,2026-02-01,일,하차,2979,52,112,,227,228
236,율리,2026-02-02,월,승차,4724,608,681,,250,251
236,율리,2026-02-02,월,하차,4611,102,317,,601,602
236,율리,2026-02-03,화,승차,4985,607,690,,235,236
236,율리,2026-02-03,화,하차,4785,105,291,,626,627
236,율리,2026-02-04,수,승차,5008,594,719,,258,259
236,율리,2026-02-04,수,하차,4762,107,309,,609,610
236,율리,2026-02-05,목,승차,4777,599,654,,240,241
236,율리,2026-02-05,목,하차,4634,105,351,,604,605
236,율리,2026-02-06,금,승차,5126,580,687,,289,290
236,율리,2026-02-06,금,하차,4892,134,309,,588,589
236,율리,2026-02-07,토,승차,3941,237,302,,172,173
236,율리,2026-02-07,토,하차,3733,102,135,,247,248
236,율리,2026-02-08,일,승차,3147,102,176,,99,100
236,율리,2026-02-08,일,하차,2987,71,148,,210,211
236,율리,2026-02-09,월,승차,4857,559,689,,230,231
236,율리,2026-02-09,월,하차,4710,121,322,,591,592
236,율리,2026-02-10,화,승차,4951,598,690,,227,228
236,율리,2026-02-10,화,하차,4773,116,320,,585,586
236,율리,2026-02-11,수,승차,5197,542,707,,268,269
236,율리,2026-02-11,수,하차,4954,118,357,,571,572
236,율리,2026-02-12,목,승차,4973,581,696,,244,245
236,율리,2026-02-12,목,하차,4710,105,316,,578,579
236,율리,2026-02-13,금,승차,5311,579,687,,267,268
236,율리,2026-02-13,금,하차,5040,103,286,,579,580
236,율리,2026-02-14,토,승차,3969,189,295,,194,195
236,율리,2026-02-14,토,하차,3860,54,123,,271,272
236,율리,2026-02-15,일,승차,3401,102,163,,157,158
236,율리,2026-02-15,일,하차,3306,62,109,,225,226
236,율리,2026-02-16,월,승차,2224,83,109,,104,105
236,율리,2026-02-16,월,하차,2237,37,73,,189,190
236,율리,2026-02-17,화,승차,1751,74,71,,112,113
236,율리,2026-02-17,화,하차,1767,46,61,,156,157
236,율리,2026-02-18,수,승차,2355,70,112,,126,127
236,율리,2026-02-18,수,하차,2234,27,43,,193,194
236,율리,2026-02-19,목,승차,4462,525,652,,218,219
236,율리,2026-02-19,목,하차,4086,80,254,,550,551
236,율리,2026-02-20,금,승차,4943,520,662,,265,266
236,율리,2026-02-20,금,하차,4729,99,314,,571,572
236,율리,2026-02-21,토,승차,3749,223,303,,168,169
236,율리,2026-02-21,토,하차,3483,56,109,,243,244
236,율리,2026-02-22,일,승차,3031,124,176,,132,133
236,율리,2026-02-22,일,하차,2882,60,105,,232,233
236,율리,2026-02-23,월,승차,4914,606,704,,214,215
236,율리,2026-02-23,월,하차,4692,136,278,,654,655
236,율리,2026-02-24,화,승차,4544,615,673,,186,187
236,율리,2026-02-24,화,하차,4429,122,293,,576,577
236,율리,2026-02-25,수,승차,5090,605,682,,252,253
236,율리,2026-02-25,수,하차,4694,124,304,,590,591
236,율리,2026-02-26,목,승차,4760,592,634,,220,221
236,율리,2026-02-26,목,하차,4602,111,305,,581,582
236,율리,2026-02-27,금,승차,4848,556,645,,256,257
236,율리,2026-02-27,금,하차,4539,118,295,,550,551
236,율리,2026-02-28,토,승차,4068,220,318,,152,153
236,율리,2026-02-28,토,하차,3765,76,145,,286,287
236,율리,2026-03-01,일,승차,3386,117,196,,144,145
236,율리,2026-03-01,일,하차,3263,64,180,,241,242
236,율리,2026-03-02,월,승차,2309,146,176,,86,87
236,율리,2026-03-02,월,하차,2339,47,59,,222,223
236,율리,2026-03-03,화,승차,5049,668,769,,263,264
236,율리,2026-03-03,화,하차,4854,143,318,,615,616
236,율리,2026-03-04,수,승차,5036,683,767,,236,237
236,율리,2026-03-04,수,하차,4785,126,328,,578,579
236,율리,2026-03-05,목,승차,5093,716,749,,244,245
236,율리,2026-03-05,목,하차,4882,130,340,,601,602
236,율리,2026-03-06,금,승차,5103,631,748,,244,245
236,율리,2026-03-06,금,하차,4843,128,292,,587,588
236,율리,2026-03-07,토,승차,3792,213,330,,164,165
236,율리,2026-03-07,토,하차,3454,64,102,,251,252
236,율리,2026-03-08,일,승차,3298,121,218,,128,129
236,율리,2026-03-08,일,하차,3166,62,122,,257,258
236,율리,2026-03-09,월,승차,5026,697,745,,233,234
236,율리,2026-03-09,월,하차,4801,157,311,,617,618
236,율리,2026-03-10,화,승차,5113,722,743,,258,259
236,율리,2026-03-10,화,하차,4891,144,325,,613,614
236,율리,2026-03-11,수,승차,5025,689,772,,272,273
236,율리,2026-03-11,수,하차,4866,142,322,,625,626
236,율리,2026-03-12,목,승차,5075,676,743,,255,256
236,율리,2026-03-12,목,하차,4843,140,334,,635,636
236,율리,2026-03-13,금,승차,5217,658,797,,275,276
236,율리,2026-03-13,금,하차,4922,125,305,,624,625
236,율리,2026-03-14,토,승차,4124,211,316,,187,188
236,율리,2026-03-14,토,하차,3807,79,150,,274,275
236,율리,2026-03-15,일,승차,3076,118,187,,104,105
236,율리,2026-03-15,일,하차,2975,58,125,,260,261
236,율리,2026-03-16,월,승차,4995,684,772,,235,236
236,율리,2026-03-16,월,하차,4753,171,324,,657,658
236,율리,2026-03-17,화,승차,5129,708,808,,222,223
236,율리,2026-03-17,화,하차,4919,170,339,,686,687
236,율리,2026-03-18,수,승차,4599,655,757,,214,215
236,율리,2026-03-18,수,하차,4393,124,291,,554,555
236,율리,2026-03-19,목,승차,5127,727,785,,260,261
236,율리,2026-03-19,목,하차,4854,169,325,,619,620
236,율리,2026-03-20,금,승차,5471,678,746,,294,295
236,율리,2026-03-20,금,하차,5106,155,331,,624,625
236,율리,2026-03-21,토,승차,3967,224,333,,184,185
236,율리,2026-03-21,토,하차,3706,62,131,,273,274
236,율리,2026-03-22,일,승차,3371,125,204,,128,129
236,율리,2026-03-22,일,하차,3254,70,142,,330,331
236,율리,2026-03-23,월,승차,5118,682,795,,240,241
236,율리,2026-03-23,월,하차,4931,167,314,,651,652
236,율리,2026-03-24,화,승차,5125,730,760,,220,221
236,율리,2026-03-24,화,하차,4928,148,367,,656,657
236,율리,2026-03-25,수,승차,5083,692,769,,259,260
236,율리,2026-03-25,수,하차,4831,135,307,,614,615
236,율리,2026-03-26,목,승차,5091,688,774,,232,233
236,율리,2026-03-26,목,하차,4803,130,302,,603,604
236,율리,2026-03-27,금,승차,5329,654,741,,281,282
236,율리,2026-03-27,금,하차,4897,145,319,,602,603
236,율리,2026-03-28,토,승차,4083,238,362,,186,187
236,율리,2026-03-28,토,하차,3806,85,135,,265,266
236,율리,2026-03-29,일,승차,3251,119,213,,116,117
236,율리,2026-03-29,일,하차,3162,52,150,,239,240
236,율리,2026-03-30,월,승차,4718,670,731,,196,197
236,율리,2026-03-30,월,하차,4668,162,304,,658,659
236,율리,2026-03-31,화,승차,4902,708,734,,234,235
236,율리,2026-03-31,화,하차,4589,129,303,,648,649
236,율리,2026-04-01,수,승차,5008,704,799,,248,249
236,율리,2026-04-01,수,하차,4801,156,359,,604,605
236,율리,2026-04-02,목,승차,5170,678,770,,266,267
236,율리,2026-04-02,목,하차,4902,146,346,,621,622
236,율리,2026-04-03,금,승차,5423,666,743,,288,289
236,율리,2026-04-03,금,하차,5197,138,324,,621,622
236,율리,2026-04-04,토,승차,3636,212,267,,149,150
236,율리,2026-04-04,토,하차,3298,110,139,,221,222
236,율리,2026-04-05,일,승차,3711,147,217,,138,139
236,율리,2026-04-05,일,하차,3651,62,200,,261,262
236,율리,2026-04-06,월,승차,4845,686,725,,219,220
236,율리,2026-04-06,월,하차,4661,146,338,,601,602
236,율리,2026-04-07,화,승차,5220,701,755,,276,277
236,율리,2026-04-07,화,하차,5002,139,355,,665,666
236,율리,2026-04-08,수,승차,5351,738,782,,273,274
236,율리,2026-04-08,수,하차,4986,139,358,,638,639
236,율리,2026-04-09,목,승차,4633,684,711,,244,245
236,율리,2026-04-09,목,하차,4538,129,343,,563,564
236,율리,2026-04-10,금,승차,5301,666,781,,273,274
236,율리,2026-04-10,금,하차,5014,137,341,,617,618
236,율리,2026-04-11,토,승차,4000,234,310,,172,173
236,율리,2026-04-11,토,하차,3649,55,130,,290,291
236,율리,2026-04-12,일,승차,3211,133,209,,120,121
236,율리,2026-04-12,일,하차,3202,53,137,,252,253
236,율리,2026-04-13,월,승차,5232,703,782,,241,242
236,율리,2026-04-13,월,하차,4996,151,346,,667,668
236,율리,2026-04-14,화,승차,5122,702,771,,219,220
236,율리,2026-04-14,화,하차,4930,140,372,,633,634
236,율리,2026-04-15,수,승차,5198,719,799,,270,271
236,율리,2026-04-15,수,하차,4958,131,334,,647,648
236,율리,2026-04-16,목,승차,5251,671,780,,265,266
236,율리,2026-04-16,목,하차,5015,154,394,,671,672
236,율리,2026-04-17,금,승차,5054,648,798,,268,269
236,율리,2026-04-17,금,하차,4861,141,364,,611,612
236,율리,2026-04-18,토,승차,4263,252,350,,199,200
236,율리,2026-04-18,토,하차,3953,79,232,,259,260
236,율리,2026-04-19,일,승차,3330,135,208,,141,142
236,율리,2026-04-19,일,하차,3196,75,156,,216,217
236,율리,2026-04-20,월,승차,5017,679,773,,207,208
236,율리,2026-04-20,월,하차,4712,145,321,,599,600
236,율리,2026-04-21,화,승차,5157,728,819,,242,243
236,율리,2026-04-21,화,하차,5001,154,357,,674,675
236,율리,2026-04-22,수,승차,5048,670,779,,252,253
236,율리,2026-04-22,수,하차,4871,153,319,,638,639
236,율리,2026-04-23,목,승차,5339,676,801,,263,264
236,율리,2026-04-23,목,하차,5074,132,349,,616,617
236,율리,2026-04-24,금,승차,5473,685,742,,327,328
236,율리,2026-04-24,금,하차,5202,156,348,,587,588
236,율리,2026-04-25,토,승차,4032,258,326,,162,163
236,율리,2026-04-25,토,하차,3726,89,139,,267,268
236,율리,2026-04-26,일,승차,3474,128,219,,148,149
236,율리,2026-04-26,일,하차,3376,100,170,,259,260
236,율리,2026-04-27,월,승차,5413,734,727,,249,250
236,율리,2026-04-27,월,하차,5246,159,318,,679,680
236,율리,2026-04-28,화,승차,5445,738,832,,260,261
236,율리,2026-04-28,화,하차,5263,156,358,,664,665
236,율리,2026-04-29,수,승차,5332,712,798,,237,238
236,율리,2026-04-29,수,하차,5146,145,330,,629,630
236,율리,2026-04-30,목,승차,5401,679,724,,289,290
236,율리,2026-04-30,목,하차,5031,160,300,,579,580
236,율리,2026-05-01,금,승차,3513,184,237,,142,143
236,율리,2026-05-01,금,하차,3339,48,96,,278,279
236,율리,2026-05-02,토,승차,3821,209,308,,184,185
236,율리,2026-05-02,토,하차,3459,71,141,,233,234
236,율리,2026-05-03,일,승차,2686,96,151,,117,118
236,율리,2026-05-03,일,하차,2611,64,115,,209,210
236,율리,2026-05-04,월,승차,5090,537,669,,257,258
236,율리,2026-05-04,월,하차,4694,125,266,,539,540
236,율리,2026-05-05,화,승차,3055,178,186,,107,108
236,율리,2026-05-05,화,하차,3011,52,86,,254,255
236,율리,2026-05-06,수,승차,5362,696,803,,254,255
236,율리,2026-05-06,수,하차,5111,166,365,,661,662
236,율리,2026-05-07,목,승차,5248,719,773,,268,269
236,율리,2026-05-07,목,하차,5064,149,347,,614,615
236,율리,2026-05-08,금,승차,5382,667,797,,286,287
236,율리,2026-05-08,금,하차,5063,152,310,,704,705
236,율리,2026-05-09,토,승차,4036,222,302,,180,181
236,율리,2026-05-09,토,하차,3802,69,162,,283,284
236,율리,2026-05-10,일,승차,3321,142,203,,110,111
236,율리,2026-05-10,일,하차,3209,70,150,,240,241
236,율리,2026-05-11,월,승차,5359,825,817,,273,274
236,율리,2026-05-11,월,하차,5131,174,318,,697,698
236,율리,2026-05-12,화,승차,5081,707,744,,267,268
236,율리,2026-05-12,화,하차,4878,181,350,,666,667
236,율리,2026-05-13,수,승차,5307,695,798,,238,239
236,율리,2026-05-13,수,하차,5102,166,369,,598,599
236,율리,2026-05-14,목,승차,5160,695,777,,252,253
236,율리,2026-05-14,목,하차,5038,145,355,,614,615
236,율리,2026-05-15,금,승차,5434,656,802,,280,281
236,율리,2026-05-15,금,하차,5111,184,335,,614,615
236,율리,2026-05-16,토,승차,4225,272,329,,160,161
236,율리,2026-05-16,토,하차,3941,96,148,,301,302
236,율리,2026-05-17,일,승차,3456,146,239,,148,149
236,율리,2026-05-17,일,하차,3408,87,165,,302,303
236,율리,2026-05-18,월,승차,5186,697,758,,239,240
236,율리,2026-05-18,월,하차,4956,165,355,,685,686
236,율리,2026-05-19,화,승차,5236,691,775,,258,259
236,율리,2026-05-19,화,하차,5147,174,331,,647,648
236,율리,2026-05-20,수,승차,4813,683,789,,228,229
236,율리,2026-05-20,수,하차,4674,146,373,,591,592
236,율리,2026-05-21,목,승차,5106,667,750,,239,240
236,율리,2026-05-21,목,하차,4945,148,331,,607,608
236,율리,2026-05-22,금,승차,5572,657,818,,290,291
236,율리,2026-05-22,금,하차,5206,159,371,,633,634
236,율리,2026-05-23,토,승차,4035,239,351,,187,188
236,율리,2026-05-23,토,하차,3768,62,157,,285,286
236,율리,2026-05-24,일,승차,3569,148,270,,145,146
236,율리,2026-05-24,일,하차,3398,67,193,,292,293
236,율리,2026-05-25,월,승차,3196,184,204,,124,125
236,율리,2026-05-25,월,하차,3060,66,111,,281,282
236,율리,2026-05-26,화,승차,5276,722,769,,243,244
236,율리,2026-05-26,화,하차,5152,169,393,,642,643
236,율리,2026-05-27,수,승차,4901,675,777,,231,232
236,율리,2026-05-27,수,하차,4659,136,334,,636,637
236,율리,2026-05-28,목,승차,5324,659,749,,280,281
236,율리,2026-05-28,목,하차,5128,157,393,,640,641
236,율리,2026-05-29,금,승차,5411,660,737,,290,291
236,율리,2026-05-29,금,하차,5067,173,343,,699,700
236,율리,2026-05-30,토,승차,3900,232,331,,167,168
236,율리,2026-05-30,토,하차,3574,89,167,,261,262
236,율리,2026-05-31,일,승차,3220,132,210,,145,146
236,율리,2026-05-31,일,하차,3170,76,193,,255,256
236,율리,2026-06-01,월,승차,5102,670,769,,234,235
236,율리,2026-06-01,월,하차,4909,176,374,,642,643
236,율리,2026-06-02,화,승차,4762,660,758,,259,260
236,율리,2026-06-02,화,하차,4518,139,313,,524,525
236,율리,2026-06-03,수,승차,3398,171,290,,140,141
236,율리,2026-06-03,수,하차,3233,63,94,,226,227
236,율리,2026-06-04,목,승차,5171,712,708,,304,305
236,율리,2026-06-04,목,하차,4967,208,337,,644,645
236,율리,2026-06-05,금,승차,5466,661,774,,301,302
236,율리,2026-06-05,금,하차,5056,150,348,,568,569
236,율리,2026-06-06,토,승차,3512,154,263,,152,153
236,율리,2026-06-06,토,하차,3261,75,124,,227,228
236,율리,2026-06-07,일,승차,2975,117,199,,106,107
236,율리,2026-06-07,일,하차,2887,63,160,,205,206
236,율리,2026-06-08,월,승차,4923,648,770,,213,214
236,율리,2026-06-08,월,하차,4679,142,337,,642,643
236,율리,2026-06-09,화,승차,5337,725,786,,235,236
236,율리,2026-06-09,화,하차,5025,142,355,,652,653
236,율리,2026-06-10,수,승차,5144,697,781,,239,240
236,율리,2026-06-10,수,하차,5012,166,399,,594,595
236,율리,2026-06-11,목,승차,5175,696,762,,271,272
236,율리,2026-06-11,목,하차,4963,159,323,,661,662
236,율리,2026-06-12,금,승차,5123,666,765,,269,270
236,율리,2026-06-12,금,하차,4828,149,360,,574,575
236,율리,2026-06-13,토,승차,3976,240,349,,129,130
236,율리,2026-06-13,토,하차,3733,64,118,,229,230
236,율리,2026-06-14,일,승차,3140,120,199,,122,123
236,율리,2026-06-14,일,하차,3119,75,124,,210,211
236,율리,2026-06-15,월,승차,5018,675,812,,229,230
236,율리,2026-06-15,월,하차,4860,165,366,,631,632
236,율리,2026-06-16,화,승차,5111,692,780,,249,250
236,율리,2026-06-16,화,하차,4991,140,336,,668,669
236,율리,2026-06-17,수,승차,5014,669,801,,248,249
236,율리,2026-06-17,수,하차,4863,150,360,,603,604
236,율리,2026-06-18,목,승차,5103,708,751,,259,260
236,율리,2026-06-18,목,하차,4959,143,320,,614,615
236,율리,2026-06-19,금,승차,5077,655,789,,262,263
236,율리,2026-06-19,금,하차,4820,141,325,,629,630
236,율리,2026-06-20,토,승차,3295,233,257,,160,161
236,율리,2026-06-20,토,하차,3124,44,83,,226,227
236,율리,2026-06-21,일,승차,3071,143,205,,119,120
236,율리,2026-06-21,일,하차,3062,62,156,,230,231
236,율리,2026-06-22,월,승차,4823,637,747,,261,262
236,율리,2026-06-22,월,하차,4686,138,286,,637,638
236,율리,2026-06-23,화,승차,5082,731,756,,241,242
236,율리,2026-06-23,화,하차,4841,140,331,,624,625
236,율리,2026-06-24,수,승차,4909,655,723,,256,257
236,율리,2026-06-24,수,하차,4690,142,351,,615,616
236,율리,2026-06-25,목,승차,5100,665,730,,247,248
236,율리,2026-06-25,목,하차,4862,145,345,,628,629
236,율리,2026-06-26,금,승차,5290,642,737,,269,270
236,율리,2026-06-26,금,하차,4940,138,308,,585,586
236,율리,2026-06-27,토,승차,4425,233,317,,151,152
236,율리,2026-06-27,토,하차,4068,77,224,,256,257
236,율리,2026-06-28,일,승차,3142,133,201,,129,130
236,율리,2026-06-28,일,하차,3093,58,122,,222,223
236,율리,2026-06-29,월,승차,4978,681,711,,225,226
236,율리,2026-06-29,월,하차,4861,146,309,,654,655
236,율리,2026-06-30,화,승차,4963,673,678,,216,217
236,율리,2026-06-30,화,하차,4814,136,287,,636,637
237,동원,2026-01-01,목,승차,827,41,51,,34,35
237,동원,2026-01-01,목,하차,782,20,35,,64,65
237,동원,2026-01-02,금,승차,1468,124,163,,78,79
237,동원,2026-01-02,금,하차,1286,44,83,,135,136
237,동원,2026-01-03,토,승차,1311,73,98,,47,48
237,동원,2026-01-03,토,하차,1063,26,37,,75,76
237,동원,2026-01-04,일,승차,913,39,63,,33,34
237,동원,2026-01-04,일,하차,777,13,18,,68,69
237,동원,2026-01-05,월,승차,1700,154,179,,105,106
237,동원,2026-01-05,월,하차,1493,48,126,,151,152
237,동원,2026-01-06,화,승차,1655,160,181,,94,95
237,동원,2026-01-06,화,하차,1464,49,129,,139,140
237,동원,2026-01-07,수,승차,1711,161,189,,119,120
237,동원,2026-01-07,수,하차,1471,51,112,,148,149
237,동원,2026-01-08,목,승차,1627,159,176,,97,98
237,동원,2026-01-08,목,하차,1418,46,129,,133,134
237,동원,2026-01-09,금,승차,1764,150,182,,95,96
237,동원,2026-01-09,금,하차,1484,52,117,,133,134
237,동원,2026-01-10,토,승차,1367,75,95,,43,44
237,동원,2026-01-10,토,하차,1224,33,35,,106,107
237,동원,2026-01-11,일,승차,922,39,55,,43,44
237,동원,2026-01-11,일,하차,834,13,24,,72,73
237,동원,2026-01-12,월,승차,1610,162,175,,108,109
237,동원,2026-01-12,월,하차,1381,59,113,,128,129
237,동원,2026-01-13,화,승차,1774,159,178,,116,117
237,동원,2026-01-13,화,하차,1485,53,123,,138,139
237,동원,2026-01-14,수,승차,1682,149,172,,106,107
237,동원,2026-01-14,수,하차,1467,47,117,,135,136
237,동원,2026-01-15,목,승차,1783,160,173,,115,116
237,동원,2026-01-15,목,하차,1507,51,128,,138,139
237,동원,2026-01-16,금,승차,1762,165,169,,126,127
237,동원,2026-01-16,금,하차,1510,54,110,,150,151
237,동원,2026-01-17,토,승차,1432,89,111,,45,46
237,동원,2026-01-17,토,하차,1171,28,30,,102,103
237,동원,2026-01-18,일,승차,1092,35,85,,36,37
237,동원,2026-01-18,일,하차,999,17,29,,75,76
237,동원,2026-01-19,월,승차,1709,152,189,,104,105
237,동원,2026-01-19,월,하차,1449,56,122,,145,146
237,동원,2026-01-20,화,승차,1682,148,178,,100,101
237,동원,2026-01-20,화,하차,1449,58,134,,150,151
237,동원,2026-01-21,수,승차,1563,168,166,,96,97
237,동원,2026-01-21,수,하차,1323,55,126,,103,104
237,동원,2026-01-22,목,승차,1530,154,181,,104,105
237,동원,2026-01-22,목,하차,1323,50,120,,152,153
237,동원,2026-01-23,금,승차,1778,168,191,,98,99
237,동원,2026-01-23,금,하차,1486,53,130,,141,142
237,동원,2026-01-24,토,승차,1269,61,107,,53,54
237,동원,2026-01-24,토,하차,1029,28,34,,89,90
237,동원,2026-01-25,일,승차,955,47,56,,41,42
237,동원,2026-01-25,일,하차,821,10,18,,76,77
237,동원,2026-01-26,월,승차,1707,165,183,,105,106
237,동원,2026-01-26,월,하차,1519,58,133,,150,151
237,동원,2026-01-27,화,승차,1673,154,202,,94,95
237,동원,2026-01-27,화,하차,1439,50,131,,145,146
237,동원,2026-01-28,수,승차,1742,164,184,,102,103
237,동원,2026-01-28,수,하차,1533,51,132,,142,143
237,동원,2026-01-29,목,승차,1676,163,189,,118,119
237,동원,2026-01-29,목,하차,1399,51,134,,139,140
237,동원,2026-01-30,금,승차,1657,149,179,,101,102
237,동원,2026-01-30,금,하차,1431,53,117,,134,135
237,동원,2026-01-31,토,승차,1398,76,112,,50,51
237,동원,2026-01-31,토,하차,1081,26,37,,84,85
237,동원,2026-02-01,일,승차,983,42,81,,36,37
237,동원,2026-02-01,일,하차,912,17,24,,73,74
237,동원,2026-02-02,월,승차,1668,155,185,,109,110
237,동원,2026-02-02,월,하차,1459,53,143,,145,146
237,동원,2026-02-03,화,승차,1830,175,193,,119,120
237,동원,2026-02-03,화,하차,1549,50,137,,169,170
237,동원,2026-02-04,수,승차,1785,171,199,,132,133
237,동원,2026-02-04,수,하차,1578,53,155,,139,140
237,동원,2026-02-05,목,승차,1787,171,194,,100,101
237,동원,2026-02-05,목,하차,1533,58,131,,159,160
237,동원,2026-02-06,금,승차,1784,168,189,,112,113
237,동원,2026-02-06,금,하차,1537,51,141,,142,143
237,동원,2026-02-07,토,승차,1331,75,98,,58,59
237,동원,2026-02-07,토,하차,1092,36,38,,85,86
237,동원,2026-02-08,일,승차,926,46,59,,27,28
237,동원,2026-02-08,일,하차,745,15,15,,55,56
237,동원,2026-02-09,월,승차,1740,163,197,,101,102
237,동원,2026-02-09,월,하차,1485,53,149,,148,149
237,동원,2026-02-10,화,승차,1728,162,171,,95,96
237,동원,2026-02-10,화,하차,1473,53,139,,152,153
237,동원,2026-02-11,수,승차,1821,170,191,,109,110
237,동원,2026-02-11,수,하차,1574,57,152,,157,158
237,동원,2026-02-12,목,승차,1839,159,192,,108,109
237,동원,2026-02-12,목,하차,1537,47,136,,131,132
237,동원,2026-02-13,금,승차,1968,176,195,,109,110
237,동원,2026-02-13,금,하차,1630,55,146,,136,137
237,동원,2026-02-14,토,승차,1528,75,113,,46,47
237,동원,2026-02-14,토,하차,1239,34,44,,80,81
237,동원,2026-02-15,일,승차,1094,42,72,,44,45
237,동원,2026-02-15,일,하차,940,16,19,,79,80
237,동원,2026-02-16,월,승차,1051,40,57,,49,50
237,동원,2026-02-16,월,하차,851,19,22,,64,65
237,동원,2026-02-17,화,승차,759,46,45,,34,35
237,동원,2026-02-17,화,하차,630,17,28,,42,43
237,동원,2026-02-18,수,승차,965,38,40,,62,63
237,동원,2026-02-18,수,하차,830,24,20,,61,62
237,동원,2026-02-19,목,승차,1731,144,209,,111,112
237,동원,2026-02-19,목,하차,1494,55,121,,149,150
237,동원,2026-02-20,금,승차,1785,145,191,,108,109
237,동원,2026-02-20,금,하차,1490,52,140,,143,144
237,동원,2026-02-21,토,승차,1455,78,112,,59,60
237,동원,2026-02-21,토,하차,1211,40,42,,70,71
237,동원,2026-02-22,일,승차,1061,58,79,,42,43
237,동원,2026-02-22,일,하차,890,15,21,,77,78
237,동원,2026-02-23,월,승차,1852,159,205,,102,103
237,동원,2026-02-23,월,하차,1623,51,158,,167,168
237,동원,2026-02-24,화,승차,1521,167,206,,81,82
237,동원,2026-02-24,화,하차,1257,57,142,,114,115
237,동원,2026-02-25,수,승차,1789,150,179,,108,109
237,동원,2026-02-25,수,하차,1528,52,145,,159,160
237,동원,2026-02-26,목,승차,1832,144,194,,98,99
237,동원,2026-02-26,목,하차,1581,50,141,,138,139
237,동원,2026-02-27,금,승차,1720,159,176,,98,99
237,동원,2026-02-27,금,하차,1490,52,138,,156,157
237,동원,2026-02-28,토,승차,1507,82,123,,43,44
237,동원,2026-02-28,토,하차,1176,38,50,,84,85
237,동원,2026-03-01,일,승차,1033,51,72,,46,47
237,동원,2026-03-01,일,하차,875,13,22,,72,73
237,동원,2026-03-02,월,승차,874,47,82,,29,30
237,동원,2026-03-02,월,하차,750,20,25,,65,66
237,동원,2026-03-03,화,승차,1825,156,222,,101,102
237,동원,2026-03-03,화,하차,1557,45,137,,155,156
237,동원,2026-03-04,수,승차,1835,164,201,,110,111
237,동원,2026-03-04,수,하차,1585,56,145,,166,167
237,동원,2026-03-05,목,승차,1816,174,200,,104,105
237,동원,2026-03-05,목,하차,1535,58,136,,144,145
237,동원,2026-03-06,금,승차,1793,163,201,,121,122
237,동원,2026-03-06,금,하차,1540,47,139,,177,178
237,동원,2026-03-07,토,승차,1436,70,127,,47,48
237,동원,2026-03-07,토,하차,1154,19,29,,108,109
237,동원,2026-03-08,일,승차,1124,53,84,,50,51
237,동원,2026-03-08,일,하차,962,11,20,,79,80
237,동원,2026-03-09,월,승차,1744,172,194,,114,115
237,동원,2026-03-09,월,하차,1501,50,139,,152,153
237,동원,2026-03-10,화,승차,1827,167,207,,110,111
237,동원,2026-03-10,화,하차,1600,54,142,,170,171
237,동원,2026-03-11,수,승차,1861,164,207,,124,125
237,동원,2026-03-11,수,하차,1601,51,143,,174,175
237,동원,2026-03-12,목,승차,1828,189,214,,117,118
237,동원,2026-03-12,목,하차,1535,59,141,,145,146
237,동원,2026-03-13,금,승차,1872,171,206,,89,90
237,동원,2026-03-13,금,하차,1565,59,146,,141,142
237,동원,2026-03-14,토,승차,1466,91,96,,67,68
237,동원,2026-03-14,토,하차,1252,30,34,,94,95
237,동원,2026-03-15,일,승차,1084,48,74,,41,42
237,동원,2026-03-15,일,하차,926,15,15,,88,89
237,동원,2026-03-16,월,승차,1790,174,206,,115,116
237,동원,2026-03-16,월,하차,1575,53,148,,150,151
237,동원,2026-03-17,화,승차,1799,178,206,,99,100
237,동원,2026-03-17,화,하차,1514,56,147,,141,142
237,동원,2026-03-18,수,승차,1649,160,196,,101,102
237,동원,2026-03-18,수,하차,1421,54,145,,130,131
237,동원,2026-03-19,목,승차,1867,176,223,,115,116
237,동원,2026-03-19,목,하차,1615,54,145,,144,145
237,동원,2026-03-20,금,승차,1896,172,201,,106,107
237,동원,2026-03-20,금,하차,1614,50,137,,157,158
237,동원,2026-03-21,토,승차,1538,95,121,,56,57
237,동원,2026-03-21,토,하차,1192,27,35,,87,88
237,동원,2026-03-22,일,승차,1056,49,85,,55,56
237,동원,2026-03-22,일,하차,937,18,19,,77,78
237,동원,2026-03-23,월,승차,1941,185,231,,129,130
237,동원,2026-03-23,월,하차,1625,53,146,,163,164
237,동원,2026-03-24,화,승차,1791,164,191,,97,98
237,동원,2026-03-24,화,하차,1553,56,148,,164,165
237,동원,2026-03-25,수,승차,1801,173,209,,110,111
237,동원,2026-03-25,수,하차,1528,47,148,,141,142
237,동원,2026-03-26,목,승차,1845,187,210,,100,101
237,동원,2026-03-26,목,하차,1617,54,144,,151,152
237,동원,2026-03-27,금,승차,1862,182,206,,105,106
237,동원,2026-03-27,금,하차,1631,49,123,,163,164
237,동원,2026-03-28,토,승차,1557,89,142,,74,75
237,동원,2026-03-28,토,하차,1318,34,33,,98,99
237,동원,2026-03-29,일,승차,1069,53,96,,38,39
237,동원,2026-03-29,일,하차,921,14,15,,74,75
237,동원,2026-03-30,월,승차,1712,170,208,,118,119
237,동원,2026-03-30,월,하차,1493,55,114,,155,156
237,동원,2026-03-31,화,승차,1733,162,198,,111,112
237,동원,2026-03-31,화,하차,1501,57,116,,165,166
237,동원,2026-04-01,수,승차,1900,175,207,,118,119
237,동원,2026-04-01,수,하차,1609,56,154,,179,180
237,동원,2026-04-02,목,승차,1821,186,183,,106,107
237,동원,2026-04-02,목,하차,1588,51,147,,150,151
237,동원,2026-04-03,금,승차,1983,170,210,,122,123
237,동원,2026-04-03,금,하차,1652,64,151,,164,165
237,동원,2026-04-04,토,승차,1241,80,109,,66,67
237,동원,2026-04-04,토,하차,1048,31,18,,92,93
237,동원,2026-04-05,일,승차,1152,59,87,,40,41
237,동원,2026-04-05,일,하차,1025,21,29,,99,100
237,동원,2026-04-06,월,승차,1765,176,215,,102,103
237,동원,2026-04-06,월,하차,1526,58,137,,152,153
237,동원,2026-04-07,화,승차,1934,179,204,,133,134
237,동원,2026-04-07,화,하차,1656,53,145,,164,165
237,동원,2026-04-08,수,승차,1940,185,235,,97,98
237,동원,2026-04-08,수,하차,1674,57,142,,150,151
237,동원,2026-04-09,목,승차,1572,178,182,,85,86
237,동원,2026-04-09,목,하차,1353,67,134,,119,120
237,동원,2026-04-10,금,승차,1965,179,195,,107,108
237,동원,2026-04-10,금,하차,1729,64,151,,168,169
237,동원,2026-04-11,토,승차,1523,102,132,,54,55
237,동원,2026-04-11,토,하차,1301,23,41,,105,106
237,동원,2026-04-12,일,승차,1083,49,92,,54,55
237,동원,2026-04-12,일,하차,968,17,27,,91,92
237,동원,2026-04-13,월,승차,1915,185,232,,96,97
237,동원,2026-04-13,월,하차,1682,57,145,,177,178
237,동원,2026-04-14,화,승차,1804,174,189,,116,117
237,동원,2026-04-14,화,하차,1551,54,143,,160,161
237,동원,2026-04-15,수,승차,1912,181,214,,121,122
237,동원,2026-04-15,수,하차,1658,58,149,,168,169
237,동원,2026-04-16,목,승차,1796,184,194,,94,95
237,동원,2026-04-16,목,하차,1536,59,132,,169,170
237,동원,2026-04-17,금,승차,1757,180,215,,97,98
237,동원,2026-04-17,금,하차,1458,58,126,,148,149
237,동원,2026-04-18,토,승차,1566,87,131,,69,70
237,동원,2026-04-18,토,하차,1275,32,30,,120,121
237,동원,2026-04-19,일,승차,1037,64,91,,38,39
237,동원,2026-04-19,일,하차,961,18,26,,83,84
237,동원,2026-04-20,월,승차,1874,189,207,,119,120
237,동원,2026-04-20,월,하차,1669,62,161,,176,177
237,동원,2026-04-21,화,승차,1921,175,226,,121,122
237,동원,2026-04-21,화,하차,1634,64,155,,177,178
237,동원,2026-04-22,수,승차,1791,194,210,,114,115
237,동원,2026-04-22,수,하차,1526,56,158,,132,133
237,동원,2026-04-23,목,승차,1783,173,201,,95,96
237,동원,2026-04-23,목,하차,1549,58,127,,136,137
237,동원,2026-04-24,금,승차,1866,167,202,,86,87
237,동원,2026-04-24,금,하차,1620,49,140,,144,145
237,동원,2026-04-25,토,승차,1505,91,119,,66,67
237,동원,2026-04-25,토,하차,1227,27,36,,130,131
237,동원,2026-04-26,일,승차,1105,56,81,,34,35
237,동원,2026-04-26,일,하차,984,22,25,,89,90
237,동원,2026-04-27,월,승차,1834,173,222,,113,114
237,동원,2026-04-27,월,하차,1581,72,132,,184,185
237,동원,2026-04-28,화,승차,1879,183,206,,105,106
237,동원,2026-04-28,화,하차,1582,47,143,,184,185
237,동원,2026-04-29,수,승차,1880,175,222,,103,104
237,동원,2026-04-29,수,하차,1597,55,125,,157,158
237,동원,2026-04-30,목,승차,1869,173,205,,113,114
237,동원,2026-04-30,목,하차,1590,56,106,,156,157
237,동원,2026-05-01,금,승차,1320,49,99,,64,65
237,동원,2026-05-01,금,하차,1152,21,29,,117,118
237,동원,2026-05-02,토,승차,1474,79,141,,47,48
237,동원,2026-05-02,토,하차,1171,39,43,,82,83
237,동원,2026-05-03,일,승차,848,56,65,,26,27
237,동원,2026-05-03,일,하차,733,16,21,,75,76
237,동원,2026-05-04,월,승차,1833,144,215,,104,105
237,동원,2026-05-04,월,하차,1570,47,125,,145,146
237,동원,2026-05-05,화,승차,1228,56,81,,43,44
237,동원,2026-05-05,화,하차,1087,26,30,,84,85
237,동원,2026-05-06,수,승차,1918,181,222,,113,114
237,동원,2026-05-06,수,하차,1673,54,164,,176,177
237,동원,2026-05-07,목,승차,1904,171,236,,105,106
237,동원,2026-05-07,목,하차,1649,61,142,,161,162
237,동원,2026-05-08,금,승차,1989,178,212,,105,106
237,동원,2026-05-08,금,하차,1728,69,150,,197,198
237,동원,2026-05-09,토,승차,1522,85,149,,54,55
237,동원,2026-05-09,토,하차,1263,35,42,,99,100
237,동원,2026-05-10,일,승차,1144,65,97,,44,45
237,동원,2026-05-10,일,하차,1052,16,26,,112,113
237,동원,2026-05-11,월,승차,1932,193,229,,114,115
237,동원,2026-05-11,월,하차,1724,64,158,,199,200
237,동원,2026-05-12,화,승차,1760,173,201,,99,100
237,동원,2026-05-12,화,하차,1560,54,137,,147,148
237,동원,2026-05-13,수,승차,1974,177,238,,120,121
237,동원,2026-05-13,수,하차,1683,54,160,,174,175
237,동원,2026-05-14,목,승차,1784,169,211,,102,103
237,동원,2026-05-14,목,하차,1563,58,140,,160,161
237,동원,2026-05-15,금,승차,1917,168,220,,89,90
237,동원,2026-05-15,금,하차,1680,54,135,,166,167
237,동원,2026-05-16,토,승차,1442,92,129,,45,46
237,동원,2026-05-16,토,하차,1206,36,38,,86,87
237,동원,2026-05-17,일,승차,1093,68,92,,43,44
237,동원,2026-05-17,일,하차,926,18,25,,90,91
237,동원,2026-05-18,월,승차,1928,197,227,,109,110
237,동원,2026-05-18,월,하차,1605,57,153,,160,161
237,동원,2026-05-19,화,승차,1819,177,227,,98,99
237,동원,2026-05-19,화,하차,1520,50,143,,182,183
237,동원,2026-05-20,수,승차,1607,165,204,,93,94
237,동원,2026-05-20,수,하차,1382,57,160,,131,132
237,동원,2026-05-21,목,승차,1804,166,200,,89,90
237,동원,2026-05-21,목,하차,1606,56,138,,145,146
237,동원,2026-05-22,금,승차,2020,176,216,,105,106
237,동원,2026-05-22,금,하차,1710,53,158,,186,187
237,동원,2026-05-23,토,승차,1473,90,127,,52,53
237,동원,2026-05-23,토,하차,1259,29,43,,86,87
237,동원,2026-05-24,일,승차,1123,61,98,,48,49
237,동원,2026-05-24,일,하차,967,18,21,,71,72
237,동원,2026-05-25,월,승차,1259,69,85,,39,40
237,동원,2026-05-25,월,하차,1056,21,37,,96,97
237,동원,2026-05-26,화,승차,1792,177,231,,82,83
237,동원,2026-05-26,화,하차,1566,58,127,,168,169
237,동원,2026-05-27,수,승차,1670,168,211,,94,95
237,동원,2026-05-27,수,하차,1428,56,126,,135,136
237,동원,2026-05-28,목,승차,1926,179,213,,101,102
237,동원,2026-05-28,목,하차,1612,54,136,,155,156
237,동원,2026-05-29,금,승차,1826,183,196,,95,96
237,동원,2026-05-29,금,하차,1573,55,114,,164,165
237,동원,2026-05-30,토,승차,1404,80,142,,47,48
237,동원,2026-05-30,토,하차,1194,39,34,,113,114
237,동원,2026-05-31,일,승차,1027,46,94,,41,42
237,동원,2026-05-31,일,하차,911,20,21,,95,96
237,동원,2026-06-01,월,승차,1798,190,234,,107,108
237,동원,2026-06-01,월,하차,1568,61,146,,175,176
237,동원,2026-06-02,화,승차,1644,160,197,,114,115
237,동원,2026-06-02,화,하차,1478,55,143,,156,157
237,동원,2026-06-03,수,승차,1297,81,103,,54,55
237,동원,2026-06-03,수,하차,1142,30,42,,88,89
237,동원,2026-06-04,목,승차,1851,187,212,,100,101
237,동원,2026-06-04,목,하차,1594,59,151,,180,181
237,동원,2026-06-05,금,승차,1964,182,215,,92,93
237,동원,2026-06-05,금,하차,1656,60,146,,163,164
237,동원,2026-06-06,토,승차,1281,55,107,,63,64
237,동원,2026-06-06,토,하차,1083,29,34,,99,100
237,동원,2026-06-07,일,승차,1015,48,78,,36,37
237,동원,2026-06-07,일,하차,875,16,23,,80,81
237,동원,2026-06-08,월,승차,1790,168,210,,117,118
237,동원,2026-06-08,월,하차,1571,59,149,,173,174
237,동원,2026-06-09,화,승차,1785,165,201,,108,109
237,동원,2026-06-09,화,하차,1541,53,129,,157,158
237,동원,2026-06-10,수,승차,1818,182,217,,97,98
237,동원,2026-06-10,수,하차,1572,50,168,,152,153
237,동원,2026-06-11,목,승차,1771,176,191,,94,95
237,동원,2026-06-11,목,하차,1585,50,147,,164,165
237,동원,2026-06-12,금,승차,1862,162,214,,95,96
237,동원,2026-06-12,금,하차,1572,62,146,,147,148
237,동원,2026-06-13,토,승차,1505,103,131,,46,47
237,동원,2026-06-13,토,하차,1238,29,47,,91,92
237,동원,2026-06-14,일,승차,1094,47,71,,40,41
237,동원,2026-06-14,일,하차,942,17,23,,81,82
237,동원,2026-06-15,월,승차,1769,186,229,,98,99
237,동원,2026-06-15,월,하차,1560,53,153,,157,158
237,동원,2026-06-16,화,승차,1808,182,207,,102,103
237,동원,2026-06-16,화,하차,1535,64,142,,138,139
237,동원,2026-06-17,수,승차,1839,180,221,,118,119
237,동원,2026-06-17,수,하차,1588,55,153,,169,170
237,동원,2026-06-18,목,승차,1896,196,201,,113,114
237,동원,2026-06-18,목,하차,1590,72,146,,155,156
237,동원,2026-06-19,금,승차,1763,171,199,,84,85
237,동원,2026-06-19,금,하차,1530,45,136,,145,146
237,동원,2026-06-20,토,승차,1200,58,80,,39,40
237,동원,2026-06-20,토,하차,1018,34,32,,76,77
237,동원,2026-06-21,일,승차,1088,68,88,,35,36
237,동원,2026-06-21,일,하차,970,19,32,,92,93
237,동원,2026-06-22,월,승차,1800,178,212,,95,96
237,동원,2026-06-22,월,하차,1583,58,152,,162,163
237,동원,2026-06-23,화,승차,1890,181,231,,102,103
237,동원,2026-06-23,화,하차,1595,52,147,,173,174
237,동원,2026-06-24,수,승차,1762,174,209,,76,77
237,동원,2026-06-24,수,하차,1520,60,146,,141,142
237,동원,2026-06-25,목,승차,1846,166,199,,90,91
237,동원,2026-06-25,목,하차,1538,49,153,,150,151
237,동원,2026-06-26,금,승차,1941,174,231,,115,116
237,동원,2026-06-26,금,하차,1603,58,145,,160,161
237,동원,2026-06-27,토,승차,1411,83,137,,40,41
237,동원,2026-06-27,토,하차,1190,32,34,,92,93
237,동원,2026-06-28,일,승차,1121,60,111,,36,37
237,동원,2026-06-28,일,하차,980,20,31,,77,78
237,동원,2026-06-29,월,승차,1750,176,223,,102,103
237,동원,2026-06-29,월,하차,1507,59,133,,144,145
237,동원,2026-06-30,화,승차,1746,169,215,,100,101
237,동원,2026-06-30,화,하차,1474,61,131,,162,163
238,금곡,2026-01-01,목,승차,1189,40,63,,39,40
238,금곡,2026-01-01,목,하차,1004,22,46,,72,73
238,금곡,2026-01-02,금,승차,2219,201,225,,143,144
238,금곡,2026-01-02,금,하차,1779,73,152,,165,166
238,금곡,2026-01-03,토,승차,1961,69,133,,84,85
238,금곡,2026-01-03,토,하차,1541,20,54,,104,105
238,금곡,2026-01-04,일,승차,1563,45,83,,70,71
238,금곡,2026-01-04,일,하차,1255,27,40,,84,85
238,금곡,2026-01-05,월,승차,2425,232,279,,132,133
238,금곡,2026-01-05,월,하차,2001,82,166,,191,192
238,금곡,2026-01-06,화,승차,2612,266,269,,194,195
238,금곡,2026-01-06,화,하차,2094,54,177,,202,203
238,금곡,2026-01-07,수,승차,2559,231,257,,136,137
238,금곡,2026-01-07,수,하차,2156,83,217,,226,227
238,금곡,2026-01-08,목,승차,2501,229,245,,153,154
238,금곡,2026-01-08,목,하차,2051,63,200,,198,199
238,금곡,2026-01-09,금,승차,2584,221,286,,171,172
238,금곡,2026-01-09,금,하차,2016,55,181,,198,199
238,금곡,2026-01-10,토,승차,1902,76,142,,65,66
238,금곡,2026-01-10,토,하차,1479,25,56,,94,95
238,금곡,2026-01-11,일,승차,1465,49,80,,43,44
238,금곡,2026-01-11,일,하차,1210,17,35,,96,97
238,금곡,2026-01-12,월,승차,2462,251,247,,168,169
238,금곡,2026-01-12,월,하차,2011,69,182,,225,226
238,금곡,2026-01-13,화,승차,2628,244,281,,176,177
238,금곡,2026-01-13,화,하차,2091,65,190,,207,208
238,금곡,2026-01-14,수,승차,2574,238,251,,176,177
238,금곡,2026-01-14,수,하차,2036,56,173,,214,215
238,금곡,2026-01-15,목,승차,2570,225,251,,164,165
238,금곡,2026-01-15,목,하차,2103,59,182,,197,198
238,금곡,2026-01-16,금,승차,2671,228,265,,193,194
238,금곡,2026-01-16,금,하차,2076,55,182,,215,216
238,금곡,2026-01-17,토,승차,2120,82,137,,96,97
238,금곡,2026-01-17,토,하차,1630,29,51,,107,108
238,금곡,2026-01-18,일,승차,1689,36,84,,67,68
238,금곡,2026-01-18,일,하차,1399,17,46,,102,103
238,금곡,2026-01-19,월,승차,2638,245,270,,158,159
238,금곡,2026-01-19,월,하차,2174,72,197,,207,208
238,금곡,2026-01-20,화,승차,2616,236,263,,184,185
238,금곡,2026-01-20,화,하차,2157,63,197,,200,201
238,금곡,2026-01-21,수,승차,2490,233,228,,162,163
238,금곡,2026-01-21,수,하차,2049,75,227,,197,198
238,금곡,2026-01-22,목,승차,2279,214,238,,127,128
238,금곡,2026-01-22,목,하차,1844,64,219,,175,176
238,금곡,2026-01-23,금,승차,2713,208,271,,157,158
238,금곡,2026-01-23,금,하차,2148,60,208,,194,195
238,금곡,2026-01-24,토,승차,1938,79,153,,84,85
238,금곡,2026-01-24,토,하차,1501,29,40,,106,107
238,금곡,2026-01-25,일,승차,1526,46,78,,65,66
238,금곡,2026-01-25,일,하차,1255,21,39,,100,101
238,금곡,2026-01-26,월,승차,2517,238,257,,146,147
238,금곡,2026-01-26,월,하차,2071,74,181,,195,196
238,금곡,2026-01-27,화,승차,2567,242,282,,151,152
238,금곡,2026-01-27,화,하차,2026,61,185,,193,194
238,금곡,2026-01-28,수,승차,2613,229,268,,192,193
238,금곡,2026-01-28,수,하차,2040,61,184,,200,201
238,금곡,2026-01-29,목,승차,2543,238,229,,190,191
238,금곡,2026-01-29,목,하차,2038,58,179,,192,193
238,금곡,2026-01-30,금,승차,2558,240,250,,185,186
238,금곡,2026-01-30,금,하차,1986,57,182,,205,206
238,금곡,2026-01-31,토,승차,2022,81,130,,84,85
238,금곡,2026-01-31,토,하차,1577,33,48,,130,131
238,금곡,2026-02-01,일,승차,1552,60,81,,81,82
238,금곡,2026-02-01,일,하차,1289,18,42,,106,107
238,금곡,2026-02-02,월,승차,2550,243,276,,160,161
238,금곡,2026-02-02,월,하차,2128,71,255,,212,213
238,금곡,2026-02-03,화,승차,2703,220,284,,171,172
238,금곡,2026-02-03,화,하차,2118,70,176,,193,194
238,금곡,2026-02-04,수,승차,2714,251,278,,179,180
238,금곡,2026-02-04,수,하차,2185,70,247,,186,187
238,금곡,2026-02-05,목,승차,2733,246,275,,201,202
238,금곡,2026-02-05,목,하차,2195,60,235,,209,210
238,금곡,2026-02-06,금,승차,2721,238,301,,152,153
238,금곡,2026-02-06,금,하차,2285,67,282,,169,170
238,금곡,2026-02-07,토,승차,2036,91,145,,74,75
238,금곡,2026-02-07,토,하차,1585,26,55,,104,105
238,금곡,2026-02-08,일,승차,1494,54,102,,47,48
238,금곡,2026-02-08,일,하차,1268,28,74,,76,77
238,금곡,2026-02-09,월,승차,2676,229,283,,164,165
238,금곡,2026-02-09,월,하차,2172,77,278,,191,192
238,금곡,2026-02-10,화,승차,2705,254,255,,185,186
238,금곡,2026-02-10,화,하차,2123,67,246,,190,191
238,금곡,2026-02-11,수,승차,2800,239,283,,186,187
238,금곡,2026-02-11,수,하차,2316,78,356,,212,213
238,금곡,2026-02-12,목,승차,2809,230,260,,174,175
238,금곡,2026-02-12,목,하차,2386,79,336,,192,193
238,금곡,2026-02-13,금,승차,3075,253,275,,207,208
238,금곡,2026-02-13,금,하차,2400,75,305,,209,210
238,금곡,2026-02-14,토,승차,2088,92,145,,78,79
238,금곡,2026-02-14,토,하차,1655,32,53,,123,124
238,금곡,2026-02-15,일,승차,1719,49,84,,85,86
238,금곡,2026-02-15,일,하차,1378,29,50,,97,98
238,금곡,2026-02-16,월,승차,1307,42,67,,61,62
238,금곡,2026-02-16,월,하차,1122,37,41,,76,77
238,금곡,2026-02-17,화,승차,1153,47,50,,65,66
238,금곡,2026-02-17,화,하차,961,13,43,,81,82
238,금곡,2026-02-18,수,승차,1322,36,62,,59,60
238,금곡,2026-02-18,수,하차,1154,20,40,,100,101
238,금곡,2026-02-19,목,승차,2659,225,262,,189,190
238,금곡,2026-02-19,목,하차,2145,66,312,,171,172
238,금곡,2026-02-20,금,승차,2854,236,282,,169,170
238,금곡,2026-02-20,금,하차,2298,67,328,,201,202
238,금곡,2026-02-21,토,승차,2271,93,150,,95,96
238,금곡,2026-02-21,토,하차,1780,34,81,,135,136
238,금곡,2026-02-22,일,승차,1795,57,86,,62,63
238,금곡,2026-02-22,일,하차,1453,45,98,,90,91
238,금곡,2026-02-23,월,승차,2927,274,289,,160,161
238,금곡,2026-02-23,월,하차,2349,77,330,,209,210
238,금곡,2026-02-24,화,승차,2438,265,251,,153,154
238,금곡,2026-02-24,화,하차,1912,71,285,,152,153
238,금곡,2026-02-25,수,승차,2742,237,256,,184,185
238,금곡,2026-02-25,수,하차,2317,82,323,,209,210
238,금곡,2026-02-26,목,승차,2798,252,259,,181,182
238,금곡,2026-02-26,목,하차,2265,68,308,,227,228
238,금곡,2026-02-27,금,승차,2676,239,229,,193,194
238,금곡,2026-02-27,금,하차,2124,60,285,,173,174
238,금곡,2026-02-28,토,승차,2246,116,152,,98,99
238,금곡,2026-02-28,토,하차,1773,33,56,,128,129
238,금곡,2026-03-01,일,승차,1677,63,94,,89,90
238,금곡,2026-03-01,일,하차,1358,20,59,,97,98
238,금곡,2026-03-02,월,승차,1313,62,104,,56,57
238,금곡,2026-03-02,월,하차,1094,29,41,,59,60
238,금곡,2026-03-03,화,승차,3003,300,321,,181,182
238,금곡,2026-03-03,화,하차,2454,78,369,,205,206
238,금곡,2026-03-04,수,승차,2871,278,297,,202,203
238,금곡,2026-03-04,수,하차,2386,80,335,,197,198
238,금곡,2026-03-05,목,승차,3011,290,269,,149,150
238,금곡,2026-03-05,목,하차,2453,89,385,,187,188
238,금곡,2026-03-06,금,승차,2931,263,278,,191,192
238,금곡,2026-03-06,금,하차,2396,74,355,,201,202
238,금곡,2026-03-07,토,승차,2169,102,162,,88,89
238,금곡,2026-03-07,토,하차,1676,32,55,,131,132
238,금곡,2026-03-08,일,승차,1776,56,110,,72,73
238,금곡,2026-03-08,일,하차,1399,24,55,,84,85
238,금곡,2026-03-09,월,승차,2830,276,307,,161,162
238,금곡,2026-03-09,월,하차,2281,76,279,,201,202
238,금곡,2026-03-10,화,승차,2905,277,326,,173,174
238,금곡,2026-03-10,화,하차,2380,81,253,,233,234
238,금곡,2026-03-11,수,승차,2951,272,319,,204,205
238,금곡,2026-03-11,수,하차,2405,97,325,,222,223
238,금곡,2026-03-12,목,승차,2929,289,297,,181,182
238,금곡,2026-03-12,목,하차,2377,89,329,,208,209
238,금곡,2026-03-13,금,승차,2986,282,305,,205,206
238,금곡,2026-03-13,금,하차,2344,88,299,,185,186
238,금곡,2026-03-14,토,승차,2464,118,165,,79,80
238,금곡,2026-03-14,토,하차,1893,68,110,,114,115
238,금곡,2026-03-15,일,승차,1705,73,111,,66,67
238,금곡,2026-03-15,일,하차,1331,22,65,,73,74
238,금곡,2026-03-16,월,승차,2979,292,295,,167,168
238,금곡,2026-03-16,월,하차,2392,89,356,,228,229
238,금곡,2026-03-17,화,승차,2900,305,324,,174,175
238,금곡,2026-03-17,화,하차,2387,93,345,,208,209
238,금곡,2026-03-18,수,승차,2649,294,288,,167,168
238,금곡,2026-03-18,수,하차,2108,84,336,,208,209
238,금곡,2026-03-19,목,승차,3088,317,329,,169,170
238,금곡,2026-03-19,목,하차,2587,103,389,,218,219
238,금곡,2026-03-20,금,승차,3070,264,294,,215,216
238,금곡,2026-03-20,금,하차,2481,99,336,,203,204
238,금곡,2026-03-21,토,승차,2399,119,167,,102,103
238,금곡,2026-03-21,토,하차,1841,32,75,,128,129
238,금곡,2026-03-22,일,승차,1825,77,105,,92,93
238,금곡,2026-03-22,일,하차,1543,36,87,,120,121
238,금곡,2026-03-23,월,승차,2995,296,323,,176,177
238,금곡,2026-03-23,월,하차,2342,80,314,,241,242
238,금곡,2026-03-24,화,승차,2974,295,316,,186,187
238,금곡,2026-03-24,화,하차,2398,89,284,,224,225
238,금곡,2026-03-25,수,승차,2961,292,279,,205,206
238,금곡,2026-03-25,수,하차,2419,87,330,,248,249
238,금곡,2026-03-26,목,승차,3118,292,317,,224,225
238,금곡,2026-03-26,목,하차,2492,99,354,,231,232
238,금곡,2026-03-27,금,승차,3063,282,287,,199,200
238,금곡,2026-03-27,금,하차,2480,83,330,,212,213
238,금곡,2026-03-28,토,승차,2408,133,180,,82,83
238,금곡,2026-03-28,토,하차,1819,49,65,,122,123
238,금곡,2026-03-29,일,승차,1788,64,118,,73,74
238,금곡,2026-03-29,일,하차,1431,31,62,,108,109
238,금곡,2026-03-30,월,승차,2750,308,308,,155,156
238,금곡,2026-03-30,월,하차,2201,73,305,,198,199
238,금곡,2026-03-31,화,승차,2808,309,303,,154,155
238,금곡,2026-03-31,화,하차,2276,83,306,,213,214
238,금곡,2026-04-01,수,승차,2857,299,305,,176,177
238,금곡,2026-04-01,수,하차,2405,76,324,,240,241
238,금곡,2026-04-02,목,승차,2981,309,307,,207,208
238,금곡,2026-04-02,목,하차,2454,94,324,,232,233
238,금곡,2026-04-03,금,승차,3095,283,317,,192,193
238,금곡,2026-04-03,금,하차,2504,109,321,,244,245
238,금곡,2026-04-04,토,승차,1904,96,97,,97,98
238,금곡,2026-04-04,토,하차,1478,35,53,,97,98
238,금곡,2026-04-05,일,승차,2035,74,112,,68,69
238,금곡,2026-04-05,일,하차,1602,56,98,,124,125
238,금곡,2026-04-06,월,승차,2844,301,317,,180,181
238,금곡,2026-04-06,월,하차,2316,106,362,,199,200
238,금곡,2026-04-07,화,승차,3064,302,312,,178,179
238,금곡,2026-04-07,화,하차,2538,101,391,,253,254
238,금곡,2026-04-08,수,승차,3217,305,335,,204,205
238,금곡,2026-04-08,수,하차,2632,86,390,,252,253
238,금곡,2026-04-09,목,승차,2593,287,282,,163,164
238,금곡,2026-04-09,목,하차,2054,89,363,,174,175
238,금곡,2026-04-10,금,승차,3112,302,314,,206,207
238,금곡,2026-04-10,금,하차,2582,95,395,,236,237
238,금곡,2026-04-11,토,승차,2357,124,182,,86,87
238,금곡,2026-04-11,토,하차,1849,46,100,,109,110
238,금곡,2026-04-12,일,승차,1802,73,114,,76,77
238,금곡,2026-04-12,일,하차,1448,52,55,,114,115
238,금곡,2026-04-13,월,승차,2997,277,311,,161,162
238,금곡,2026-04-13,월,하차,2457,104,365,,227,228
238,금곡,2026-04-14,화,승차,2955,303,326,,162,163
238,금곡,2026-04-14,화,하차,2387,101,368,,208,209
238,금곡,2026-04-15,수,승차,3127,302,317,,209,210
238,금곡,2026-04-15,수,하차,2577,95,392,,243,244
238,금곡,2026-04-16,목,승차,2971,308,307,,175,176
238,금곡,2026-04-16,목,하차,2435,91,324,,235,236
238,금곡,2026-04-17,금,승차,3012,286,327,,185,186
238,금곡,2026-04-17,금,하차,2382,79,346,,212,213
238,금곡,2026-04-18,토,승차,2328,143,165,,86,87
238,금곡,2026-04-18,토,하차,1807,48,60,,126,127
238,금곡,2026-04-19,일,승차,1868,75,101,,79,80
238,금곡,2026-04-19,일,하차,1529,50,93,,102,103
238,금곡,2026-04-20,월,승차,2916,276,315,,190,191
238,금곡,2026-04-20,월,하차,2363,95,296,,201,202
238,금곡,2026-04-21,화,승차,3117,300,333,,192,193
238,금곡,2026-04-21,화,하차,2459,98,347,,219,220
238,금곡,2026-04-22,수,승차,2892,298,302,,200,201
238,금곡,2026-04-22,수,하차,2317,97,306,,221,222
238,금곡,2026-04-23,목,승차,2974,298,271,,216,217
238,금곡,2026-04-23,목,하차,2441,89,294,,234,235
238,금곡,2026-04-24,금,승차,3105,314,336,,190,191
238,금곡,2026-04-24,금,하차,2510,104,309,,244,245
238,금곡,2026-04-25,토,승차,2329,121,188,,88,89
238,금곡,2026-04-25,토,하차,1827,64,81,,120,121
238,금곡,2026-04-26,일,승차,1795,77,124,,98,99
238,금곡,2026-04-26,일,하차,1495,39,81,,114,115
238,금곡,2026-04-27,월,승차,2977,285,313,,153,154
238,금곡,2026-04-27,월,하차,2540,103,339,,240,241
238,금곡,2026-04-28,화,승차,3070,306,367,,177,178
238,금곡,2026-04-28,화,하차,2530,103,282,,209,210
238,금곡,2026-04-29,수,승차,2997,307,286,,191,192
238,금곡,2026-04-29,수,하차,2435,89,249,,229,230
238,금곡,2026-04-30,목,승차,3115,310,304,,197,198
238,금곡,2026-04-30,목,하차,2514,94,207,,238,239
238,금곡,2026-05-01,금,승차,2025,94,131,,80,81
238,금곡,2026-05-01,금,하차,1601,28,44,,128,129
238,금곡,2026-05-02,토,승차,2222,110,168,,95,96
238,금곡,2026-05-02,토,하차,1719,40,101,,127,128
238,금곡,2026-05-03,일,승차,1380,56,79,,69,70
238,금곡,2026-05-03,일,하차,1122,32,52,,79,80
238,금곡,2026-05-04,월,승차,2898,248,303,,179,180
238,금곡,2026-05-04,월,하차,2340,93,266,,190,191
238,금곡,2026-05-05,화,승차,1901,69,134,,67,68
238,금곡,2026-05-05,화,하차,1483,39,60,,103,104
238,금곡,2026-05-06,수,승차,3076,279,346,,187,188
238,금곡,2026-05-06,수,하차,2532,98,329,,256,257
238,금곡,2026-05-07,목,승차,3095,317,330,,198,199
238,금곡,2026-05-07,목,하차,2620,98,397,,205,206
238,금곡,2026-05-08,금,승차,3016,309,314,,220,221
238,금곡,2026-05-08,금,하차,2411,81,312,,228,229
238,금곡,2026-05-09,토,승차,2259,117,195,,99,100
238,금곡,2026-05-09,토,하차,1787,61,88,,98,99
238,금곡,2026-05-10,일,승차,1793,67,116,,99,100
238,금곡,2026-05-10,일,하차,1449,32,78,,117,118
238,금곡,2026-05-11,월,승차,3169,338,351,,192,193
238,금곡,2026-05-11,월,하차,2573,126,368,,235,236
238,금곡,2026-05-12,화,승차,2980,287,325,,176,177
238,금곡,2026-05-12,화,하차,2406,99,298,,241,242
238,금곡,2026-05-13,수,승차,3185,289,324,,194,195
238,금곡,2026-05-13,수,하차,2542,90,408,,252,253
238,금곡,2026-05-14,목,승차,3062,327,327,,166,167
238,금곡,2026-05-14,목,하차,2561,94,378,,218,219
238,금곡,2026-05-15,금,승차,3091,300,308,,182,183
238,금곡,2026-05-15,금,하차,2556,84,357,,219,220
238,금곡,2026-05-16,토,승차,2417,107,175,,119,120
238,금곡,2026-05-16,토,하차,1877,59,93,,135,136
238,금곡,2026-05-17,일,승차,1939,73,118,,87,88
238,금곡,2026-05-17,일,하차,1605,71,138,,102,103
238,금곡,2026-05-18,월,승차,3001,298,336,,179,180
238,금곡,2026-05-18,월,하차,2468,118,387,,227,228
238,금곡,2026-05-19,화,승차,2982,315,299,,183,184
238,금곡,2026-05-19,화,하차,2473,97,364,,262,263
238,금곡,2026-05-20,수,승차,2599,268,308,,182,183
238,금곡,2026-05-20,수,하차,2226,93,383,,198,199
238,금곡,2026-05-21,목,승차,2944,286,296,,180,181
238,금곡,2026-05-21,목,하차,2457,102,413,,195,196
238,금곡,2026-05-22,금,승차,3073,277,322,,202,203
238,금곡,2026-05-22,금,하차,2554,96,368,,235,236
238,금곡,2026-05-23,토,승차,2235,135,185,,71,72
238,금곡,2026-05-23,토,하차,1746,53,64,,141,142
238,금곡,2026-05-24,일,승차,2186,97,120,,85,86
238,금곡,2026-05-24,일,하차,1765,52,105,,116,117
238,금곡,2026-05-25,월,승차,1926,87,143,,86,87
238,금곡,2026-05-25,월,하차,1553,41,60,,122,123
238,금곡,2026-05-26,화,승차,2923,294,328,,205,206
238,금곡,2026-05-26,화,하차,2353,88,300,,245,246
238,금곡,2026-05-27,수,승차,2614,248,293,,177,178
238,금곡,2026-05-27,수,하차,2200,87,307,,210,211
238,금곡,2026-05-28,목,승차,3004,309,296,,166,167
238,금곡,2026-05-28,목,하차,2515,107,372,,238,239
238,금곡,2026-05-29,금,승차,2955,286,304,,184,185
238,금곡,2026-05-29,금,하차,2432,94,303,,204,205
238,금곡,2026-05-30,토,승차,2249,117,173,,94,95
238,금곡,2026-05-30,토,하차,1799,75,106,,132,133
238,금곡,2026-05-31,일,승차,1558,60,93,,84,85
238,금곡,2026-05-31,일,하차,1320,35,56,,100,101
238,금곡,2026-06-01,월,승차,2937,305,335,,168,169
238,금곡,2026-06-01,월,하차,2439,104,324,,233,234
238,금곡,2026-06-02,화,승차,2540,275,282,,175,176
238,금곡,2026-06-02,화,하차,2010,83,269,,206,207
238,금곡,2026-06-03,수,승차,2032,93,142,,85,86
238,금곡,2026-06-03,수,하차,1631,46,86,,125,126
238,금곡,2026-06-04,목,승차,2888,288,299,,184,185
238,금곡,2026-06-04,목,하차,2450,97,303,,231,232
238,금곡,2026-06-05,금,승차,2959,295,327,,193,194
238,금곡,2026-06-05,금,하차,2433,104,325,,252,253
238,금곡,2026-06-06,토,승차,2046,93,142,,88,89
238,금곡,2026-06-06,토,하차,1593,71,64,,97,98
238,금곡,2026-06-07,일,승차,1548,62,103,,72,73
238,금곡,2026-06-07,일,하차,1288,35,62,,69,70
238,금곡,2026-06-08,월,승차,2850,292,303,,184,185
238,금곡,2026-06-08,월,하차,2307,108,280,,240,241
238,금곡,2026-06-09,화,승차,2947,306,342,,186,187
238,금곡,2026-06-09,화,하차,2500,111,327,,239,240
238,금곡,2026-06-10,수,승차,3002,311,343,,200,201
238,금곡,2026-06-10,수,하차,2475,124,360,,246,247
238,금곡,2026-06-11,목,승차,2866,312,311,,181,182
238,금곡,2026-06-11,목,하차,2390,102,271,,231,232
238,금곡,2026-06-12,금,승차,2945,310,303,,179,180
238,금곡,2026-06-12,금,하차,2361,110,280,,221,222
238,금곡,2026-06-13,토,승차,2449,122,175,,96,97
238,금곡,2026-06-13,토,하차,1941,99,94,,128,129
238,금곡,2026-06-14,일,승차,1654,73,86,,75,76
238,금곡,2026-06-14,일,하차,1370,40,65,,95,96
238,금곡,2026-06-15,월,승차,2901,297,315,,161,162
238,금곡,2026-06-15,월,하차,2462,133,370,,208,209
238,금곡,2026-06-16,화,승차,2925,318,327,,195,196
238,금곡,2026-06-16,화,하차,2391,112,337,,218,219
238,금곡,2026-06-17,수,승차,2947,303,296,,205,206
238,금곡,2026-06-17,수,하차,2452,117,358,,253,254
238,금곡,2026-06-18,목,승차,2914,313,318,,193,194
238,금곡,2026-06-18,목,하차,2400,133,314,,208,209
238,금곡,2026-06-19,금,승차,2809,312,316,,172,173
238,금곡,2026-06-19,금,하차,2326,106,298,,197,198
238,금곡,2026-06-20,토,승차,1871,79,109,,101,102
238,금곡,2026-06-20,토,하차,1496,34,46,,113,114
238,금곡,2026-06-21,일,승차,1644,71,97,,75,76
238,금곡,2026-06-21,일,하차,1386,45,69,,104,105
238,금곡,2026-06-22,월,승차,2745,298,300,,146,147
238,금곡,2026-06-22,월,하차,2252,98,275,,214,215
238,금곡,2026-06-23,화,승차,2810,292,323,,177,178
238,금곡,2026-06-23,화,하차,2277,90,261,,213,214
238,금곡,2026-06-24,수,승차,2781,278,304,,193,194
238,금곡,2026-06-24,수,하차,2302,94,285,,228,229
238,금곡,2026-06-25,목,승차,2811,270,301,,180,181
238,금곡,2026-06-25,목,하차,2347,98,343,,228,229
238,금곡,2026-06-26,금,승차,2864,286,301,,185,186
238,금곡,2026-06-26,금,하차,2401,110,257,,219,220
238,금곡,2026-06-27,토,승차,2276,103,166,,89,90
238,금곡,2026-06-27,토,하차,1743,68,78,,117,118
238,금곡,2026-06-28,일,승차,1855,72,111,,90,91
238,금곡,2026-06-28,일,하차,1514,55,82,,112,113
238,금곡,2026-06-29,월,승차,2810,299,304,,179,180
238,금곡,2026-06-29,월,하차,2327,107,262,,215,216
238,금곡,2026-06-30,화,승차,2767,267,278,,174,175
238,금곡,2026-06-30,화,하차,2297,107,254,,231,232
239,호포,2026-01-01,목,승차,722,15,27,,56,57
239,호포,2026-01-01,목,하차,941,49,97,,59,60
239,호포,2026-01-02,금,승차,969,33,30,,143,144
239,호포,2026-01-02,금,하차,1272,112,193,,76,77
239,호포,2026-01-03,토,승차,935,28,24,,75,76
239,호포,2026-01-03,토,하차,1208,59,68,,50,51
239,호포,2026-01-04,일,승차,868,15,30,,70,71
239,호포,2026-01-04,일,하차,1077,51,70,,33,34
239,호포,2026-01-05,월,승차,997,28,39,,160,161
239,호포,2026-01-05,월,하차,1366,118,216,,68,69
239,호포,2026-01-06,화,승차,1050,26,46,,135,136
239,호포,2026-01-06,화,하차,1388,125,234,,90,91
239,호포,2026-01-07,수,승차,1127,35,56,,143,144
239,호포,2026-01-07,수,하차,1437,128,228,,96,97
239,호포,2026-01-08,목,승차,1048,32,45,,124,125
239,호포,2026-01-08,목,하차,1394,129,223,,87,88
239,호포,2026-01-09,금,승차,1122,29,48,,166,167
239,호포,2026-01-09,금,하차,1403,119,219,,91,92
239,호포,2026-01-10,토,승차,1029,14,32,,77,78
239,호포,2026-01-10,토,하차,1243,45,77,,79,80
239,호포,2026-01-11,일,승차,775,14,24,,71,72
239,호포,2026-01-11,일,하차,1030,34,65,,59,60
239,호포,2026-01-12,월,승차,981,29,44,,125,126
239,호포,2026-01-12,월,하차,1331,126,208,,68,69
239,호포,2026-01-13,화,승차,1052,32,57,,128,129
239,호포,2026-01-13,화,하차,1444,124,217,,85,86
239,호포,2026-01-14,수,승차,1036,31,50,,139,140
239,호포,2026-01-14,수,하차,1390,126,203,,83,84
239,호포,2026-01-15,목,승차,1097,33,50,,122,123
239,호포,2026-01-15,목,하차,1398,113,215,,76,77
239,호포,2026-01-16,금,승차,1174,25,51,,130,131
239,호포,2026-01-16,금,하차,1403,107,217,,96,97
239,호포,2026-01-17,토,승차,1122,18,22,,82,83
239,호포,2026-01-17,토,하차,1375,61,83,,68,69
239,호포,2026-01-18,일,승차,1012,20,26,,89,90
239,호포,2026-01-18,일,하차,1224,44,60,,51,52
239,호포,2026-01-19,월,승차,951,27,48,,130,131
239,호포,2026-01-19,월,하차,1324,144,227,,75,76
239,호포,2026-01-20,화,승차,1030,29,55,,138,139
239,호포,2026-01-20,화,하차,1332,119,202,,73,74
239,호포,2026-01-21,수,승차,922,35,42,,107,108
239,호포,2026-01-21,수,하차,1237,121,196,,87,88
239,호포,2026-01-22,목,승차,898,33,37,,134,135
239,호포,2026-01-22,목,하차,1160,120,187,,80,81
239,호포,2026-01-23,금,승차,1020,32,38,,127,128
239,호포,2026-01-23,금,하차,1287,113,200,,107,108
239,호포,2026-01-24,토,승차,987,19,28,,68,69
239,호포,2026-01-24,토,하차,1270,65,72,,61,62
239,호포,2026-01-25,일,승차,927,14,21,,63,64
239,호포,2026-01-25,일,하차,1168,44,86,,54,55
239,호포,2026-01-26,월,승차,931,26,38,,122,123
239,호포,2026-01-26,월,하차,1278,111,211,,70,71
239,호포,2026-01-27,화,승차,1099,28,61,,112,113
239,호포,2026-01-27,화,하차,1390,117,219,,73,74
239,호포,2026-01-28,수,승차,1076,32,37,,133,134
239,호포,2026-01-28,수,하차,1372,126,216,,97,98
239,호포,2026-01-29,목,승차,1090,30,41,,137,138
239,호포,2026-01-29,목,하차,1403,114,215,,75,76
239,호포,2026-01-30,금,승차,1052,27,44,,113,114
239,호포,2026-01-30,금,하차,1354,127,210,,98,99
239,호포,2026-01-31,토,승차,1002,13,21,,74,75
239,호포,2026-01-31,토,하차,1283,73,71,,74,75
239,호포,2026-02-01,일,승차,823,16,26,,69,70
239,호포,2026-02-01,일,하차,1079,53,73,,43,44
239,호포,2026-02-02,월,승차,1030,33,61,,121,122
239,호포,2026-02-02,월,하차,1323,154,217,,82,83
239,호포,2026-02-03,화,승차,1023,27,43,,116,117
239,호포,2026-02-03,화,하차,1302,126,203,,93,94
239,호포,2026-02-04,수,승차,1035,37,43,,120,121
239,호포,2026-02-04,수,하차,1340,140,196,,86,87
239,호포,2026-02-05,목,승차,1086,31,35,,125,126
239,호포,2026-02-05,목,하차,1414,124,217,,64,65
239,호포,2026-02-06,금,승차,1027,40,31,,131,132
239,호포,2026-02-06,금,하차,1342,130,211,,84,85
239,호포,2026-02-07,토,승차,1027,21,30,,60,61
239,호포,2026-02-07,토,하차,1298,65,83,,55,56
239,호포,2026-02-08,일,승차,749,17,28,,52,53
239,호포,2026-02-08,일,하차,976,53,63,,57,58
239,호포,2026-02-09,월,승차,957,30,40,,126,127
239,호포,2026-02-09,월,하차,1296,153,201,,66,67
239,호포,2026-02-10,화,승차,958,32,43,,121,122
239,호포,2026-02-10,화,하차,1298,154,209,,77,78
239,호포,2026-02-11,수,승차,1027,24,36,,133,134
239,호포,2026-02-11,수,하차,1373,136,225,,82,83
239,호포,2026-02-12,목,승차,1062,29,43,,114,115
239,호포,2026-02-12,목,하차,1375,143,185,,79,80
239,호포,2026-02-13,금,승차,1131,48,41,,113,114
239,호포,2026-02-13,금,하차,1367,142,216,,78,79
239,호포,2026-02-14,토,승차,965,18,27,,81,82
239,호포,2026-02-14,토,하차,1222,76,80,,79,80
239,호포,2026-02-15,일,승차,805,15,23,,70,71
239,호포,2026-02-15,일,하차,1004,54,73,,63,64
239,호포,2026-02-16,월,승차,613,13,22,,62,63
239,호포,2026-02-16,월,하차,765,49,46,,48,49
239,호포,2026-02-17,화,승차,558,14,23,,60,61
239,호포,2026-02-17,화,하차,601,24,42,,37,38
239,호포,2026-02-18,수,승차,779,13,19,,76,77
239,호포,2026-02-18,수,하차,925,27,53,,51,52
239,호포,2026-02-19,목,승차,1024,28,44,,134,135
239,호포,2026-02-19,목,하차,1403,119,199,,80,81
239,호포,2026-02-20,금,승차,1041,35,37,,125,126
239,호포,2026-02-20,금,하차,1385,120,194,,108,109
239,호포,2026-02-21,토,승차,1199,32,31,,82,83
239,호포,2026-02-21,토,하차,1506,81,97,,67,68
239,호포,2026-02-22,일,승차,1046,15,22,,69,70
239,호포,2026-02-22,일,하차,1225,52,93,,58,59
239,호포,2026-02-23,월,승차,1022,32,38,,129,130
239,호포,2026-02-23,월,하차,1401,147,215,,80,81
239,호포,2026-02-24,화,승차,977,31,37,,108,109
239,호포,2026-02-24,화,하차,1270,125,208,,76,77
239,호포,2026-02-25,수,승차,1022,38,34,,134,135
239,호포,2026-02-25,수,하차,1449,134,231,,97,98
239,호포,2026-02-26,목,승차,1091,35,37,,160,161
239,호포,2026-02-26,목,하차,1500,132,255,,79,80
239,호포,2026-02-27,금,승차,1021,44,34,,129,130
239,호포,2026-02-27,금,하차,1337,132,215,,91,92
239,호포,2026-02-28,토,승차,1204,14,29,,84,85
239,호포,2026-02-28,토,하차,1476,80,86,,77,78
239,호포,2026-03-01,일,승차,1000,21,27,,67,68
239,호포,2026-03-01,일,하차,1195,68,75,,44,45
239,호포,2026-03-02,월,승차,632,17,25,,48,49
239,호포,2026-03-02,월,하차,802,68,65,,52,53
239,호포,2026-03-03,화,승차,978,40,53,,121,122
239,호포,2026-03-03,화,하차,1364,129,213,,74,75
239,호포,2026-03-04,수,승차,1051,34,35,,127,128
239,호포,2026-03-04,수,하차,1356,139,229,,87,88
239,호포,2026-03-05,목,승차,1266,39,51,,181,182
239,호포,2026-03-05,목,하차,1555,140,257,,90,91
239,호포,2026-03-06,금,승차,1097,41,49,,132,133
239,호포,2026-03-06,금,하차,1424,129,233,,99,100
239,호포,2026-03-07,토,승차,1130,17,34,,89,90
239,호포,2026-03-07,토,하차,1453,85,84,,69,70
239,호포,2026-03-08,일,승차,1145,18,20,,95,96
239,호포,2026-03-08,일,하차,1334,54,79,,52,53
239,호포,2026-03-09,월,승차,1166,37,51,,140,141
239,호포,2026-03-09,월,하차,1556,159,251,,86,87
239,호포,2026-03-10,화,승차,1233,35,47,,133,134
239,호포,2026-03-10,화,하차,1551,135,232,,89,90
239,호포,2026-03-11,수,승차,1199,36,48,,149,150
239,호포,2026-03-11,수,하차,1525,145,276,,94,95
239,호포,2026-03-12,목,승차,1282,47,32,,173,174
239,호포,2026-03-12,목,하차,1610,135,334,,80,81
239,호포,2026-03-13,금,승차,1257,38,39,,162,163
239,호포,2026-03-13,금,하차,1626,139,323,,103,104
239,호포,2026-03-14,토,승차,1422,16,28,,142,143
239,호포,2026-03-14,토,하차,1687,68,123,,64,65
239,호포,2026-03-15,일,승차,1176,15,21,,78,79
239,호포,2026-03-15,일,하차,1395,59,68,,53,54
239,호포,2026-03-16,월,승차,1191,40,53,,127,128
239,호포,2026-03-16,월,하차,1582,132,244,,97,98
239,호포,2026-03-17,화,승차,1203,37,58,,141,142
239,호포,2026-03-17,화,하차,1648,146,259,,96,97
239,호포,2026-03-18,수,승차,1010,40,46,,115,116
239,호포,2026-03-18,수,하차,1340,140,261,,78,79
239,호포,2026-03-19,목,승차,1349,42,42,,148,149
239,호포,2026-03-19,목,하차,1712,149,286,,91,92
239,호포,2026-03-20,금,승차,1300,41,37,,135,136
239,호포,2026-03-20,금,하차,1690,143,283,,93,94
239,호포,2026-03-21,토,승차,1553,23,34,,97,98
239,호포,2026-03-21,토,하차,1741,74,119,,80,81
239,호포,2026-03-22,일,승차,1286,21,20,,120,121
239,호포,2026-03-22,일,하차,1524,63,135,,59,60
239,호포,2026-03-23,월,승차,1130,37,44,,128,129
239,호포,2026-03-23,월,하차,1531,146,252,,98,99
239,호포,2026-03-24,화,승차,1310,34,42,,136,137
239,호포,2026-03-24,화,하차,1670,155,224,,98,99
239,호포,2026-03-25,수,승차,1120,33,54,,135,136
239,호포,2026-03-25,수,하차,1449,138,272,,84,85
239,호포,2026-03-26,목,승차,1289,49,46,,121,122
239,호포,2026-03-26,목,하차,1680,143,297,,102,103
239,호포,2026-03-27,금,승차,1269,43,38,,112,113
239,호포,2026-03-27,금,하차,1671,129,274,,90,91
239,호포,2026-03-28,토,승차,1487,19,64,,104,105
239,호포,2026-03-28,토,하차,1754,98,122,,93,94
239,호포,2026-03-29,일,승차,1382,14,31,,98,99
239,호포,2026-03-29,일,하차,1593,65,100,,44,45
239,호포,2026-03-30,월,승차,1085,43,57,,123,124
239,호포,2026-03-30,월,하차,1411,107,271,,90,91
239,호포,2026-03-31,화,승차,1146,32,47,,140,141
239,호포,2026-03-31,화,하차,1594,145,238,,89,90
239,호포,2026-04-01,수,승차,1223,43,54,,133,134
239,호포,2026-04-01,수,하차,1575,145,249,,84,85
239,호포,2026-04-02,목,승차,1510,36,48,,174,175
239,호포,2026-04-02,목,하차,1744,139,309,,93,94
239,호포,2026-04-03,금,승차,1370,50,39,,182,183
239,호포,2026-04-03,금,하차,1734,154,303,,102,103
239,호포,2026-04-04,토,승차,1021,19,27,,91,92
239,호포,2026-04-04,토,하차,1323,38,54,,81,82
239,호포,2026-04-05,일,승차,1522,14,27,,123,124
239,호포,2026-04-05,일,하차,1782,54,110,,86,87
239,호포,2026-04-06,월,승차,1083,29,45,,111,112
239,호포,2026-04-06,월,하차,1428,140,237,,74,75
239,호포,2026-04-07,화,승차,1446,35,54,,139,140
239,호포,2026-04-07,화,하차,1838,148,364,,103,104
239,호포,2026-04-08,수,승차,1387,41,43,,168,169
239,호포,2026-04-08,수,하차,1722,165,272,,88,89
239,호포,2026-04-09,목,승차,999,39,45,,113,114
239,호포,2026-04-09,목,하차,1316,125,255,,87,88
239,호포,2026-04-10,금,승차,1328,35,47,,139,140
239,호포,2026-04-10,금,하차,1711,135,280,,86,87
239,호포,2026-04-11,토,승차,1507,24,34,,108,109
239,호포,2026-04-11,토,하차,1835,88,126,,97,98
239,호포,2026-04-12,일,승차,1519,17,30,,131,132
239,호포,2026-04-12,일,하차,1667,67,87,,52,53
239,호포,2026-04-13,월,승차,1201,37,46,,150,151
239,호포,2026-04-13,월,하차,1562,138,248,,109,110
239,호포,2026-04-14,화,승차,1261,52,51,,144,145
239,호포,2026-04-14,화,하차,1663,156,261,,89,90
239,호포,2026-04-15,수,승차,1239,45,52,,154,155
239,호포,2026-04-15,수,하차,1631,146,252,,89,90
239,호포,2026-04-16,목,승차,1317,41,47,,185,186
239,호포,2026-04-16,목,하차,1669,160,330,,81,82
239,호포,2026-04-17,금,승차,1217,40,44,,135,136
239,호포,2026-04-17,금,하차,1605,146,277,,105,106
239,호포,2026-04-18,토,승차,1416,26,46,,112,113
239,호포,2026-04-18,토,하차,1673,91,101,,62,63
239,호포,2026-04-19,일,승차,1220,22,22,,73,74
239,호포,2026-04-19,일,하차,1478,68,114,,50,51
239,호포,2026-04-20,월,승차,1138,41,51,,106,107
239,호포,2026-04-20,월,하차,1459,151,216,,84,85
239,호포,2026-04-21,화,승차,1340,39,55,,137,138
239,호포,2026-04-21,화,하차,1734,157,311,,98,99
239,호포,2026-04-22,수,승차,1122,44,46,,151,152
239,호포,2026-04-22,수,하차,1419,159,183,,83,84
239,호포,2026-04-23,목,승차,1097,41,42,,178,179
239,호포,2026-04-23,목,하차,1491,138,245,,83,84
239,호포,2026-04-24,금,승차,1308,43,46,,178,179
239,호포,2026-04-24,금,하차,1606,161,242,,102,103
239,호포,2026-04-25,토,승차,1219,22,35,,102,103
239,호포,2026-04-25,토,하차,1559,90,105,,67,68
239,호포,2026-04-26,일,승차,1173,21,22,,92,93
239,호포,2026-04-26,일,하차,1392,67,101,,54,55
239,호포,2026-04-27,월,승차,1087,34,55,,143,144
239,호포,2026-04-27,월,하차,1453,171,192,,87,88
239,호포,2026-04-28,화,승차,1175,38,48,,140,141
239,호포,2026-04-28,화,하차,1497,142,203,,79,80
239,호포,2026-04-29,수,승차,1170,47,50,,135,136
239,호포,2026-04-29,수,하차,1487,143,178,,88,89
239,호포,2026-04-30,목,승차,1153,42,54,,135,136
239,호포,2026-04-30,목,하차,1476,117,119,,110,111
239,호포,2026-05-01,금,승차,1084,17,28,,114,115
239,호포,2026-05-01,금,하차,1285,65,85,,78,79
239,호포,2026-05-02,토,승차,1125,24,32,,83,84
239,호포,2026-05-02,토,하차,1459,67,106,,47,48
239,호포,2026-05-03,일,승차,686,19,26,,61,62
239,호포,2026-05-03,일,하차,851,36,50,,41,42
239,호포,2026-05-04,월,승차,1074,30,48,,117,118
239,호포,2026-05-04,월,하차,1405,112,170,,89,90
239,호포,2026-05-05,화,승차,1143,16,37,,85,86
239,호포,2026-05-05,화,하차,1390,85,91,,70,71
239,호포,2026-05-06,수,승차,1134,42,45,,138,139
239,호포,2026-05-06,수,하차,1586,145,208,,103,104
239,호포,2026-05-07,목,승차,1166,47,56,,146,147
239,호포,2026-05-07,목,하차,1611,130,295,,93,94
239,호포,2026-05-08,금,승차,1385,33,53,,229,230
239,호포,2026-05-08,금,하차,1674,150,278,,123,124
239,호포,2026-05-09,토,승차,1178,23,38,,89,90
239,호포,2026-05-09,토,하차,1426,64,110,,46,47
239,호포,2026-05-10,일,승차,1114,9,30,,89,90
239,호포,2026-05-10,일,하차,1289,57,98,,56,57
239,호포,2026-05-11,월,승차,1066,42,46,,114,115
239,호포,2026-05-11,월,하차,1488,152,191,,93,94
239,호포,2026-05-12,화,승차,1066,40,57,,138,139
239,호포,2026-05-12,화,하차,1459,143,217,,95,96
239,호포,2026-05-13,수,승차,1219,51,40,,152,153
239,호포,2026-05-13,수,하차,1569,149,253,,80,81
239,호포,2026-05-14,목,승차,1217,51,50,,178,179
239,호포,2026-05-14,목,하차,1609,140,253,,92,93
239,호포,2026-05-15,금,승차,1168,37,36,,117,118
239,호포,2026-05-15,금,하차,1529,137,239,,89,90
239,호포,2026-05-16,토,승차,1241,28,34,,56,57
239,호포,2026-05-16,토,하차,1623,166,130,,89,90
239,호포,2026-05-17,일,승차,1081,17,38,,75,76
239,호포,2026-05-17,일,하차,1311,77,99,,61,62
239,호포,2026-05-18,월,승차,1091,40,44,,148,149
239,호포,2026-05-18,월,하차,1505,159,205,,107,108
239,호포,2026-05-19,화,승차,1150,37,59,,150,151
239,호포,2026-05-19,화,하차,1481,151,185,,107,108
239,호포,2026-05-20,수,승차,1119,43,46,,118,119
239,호포,2026-05-20,수,하차,1294,140,248,,87,88
239,호포,2026-05-21,목,승차,1114,42,45,,161,162
239,호포,2026-05-21,목,하차,1479,143,235,,110,111
239,호포,2026-05-22,금,승차,1351,54,41,,149,150
239,호포,2026-05-22,금,하차,1602,148,254,,99,100
239,호포,2026-05-23,토,승차,1078,18,43,,79,80
239,호포,2026-05-23,토,하차,1319,84,77,,65,66
239,호포,2026-05-24,일,승차,972,16,27,,60,61
239,호포,2026-05-24,일,하차,1263,76,114,,48,49
239,호포,2026-05-25,월,승차,935,15,27,,84,85
239,호포,2026-05-25,월,하차,1213,82,92,,54,55
239,호포,2026-05-26,화,승차,1120,49,52,,120,121
239,호포,2026-05-26,화,하차,1423,136,208,,82,83
239,호포,2026-05-27,수,승차,988,46,41,,120,121
239,호포,2026-05-27,수,하차,1273,119,189,,75,76
239,호포,2026-05-28,목,승차,1205,43,45,,162,163
239,호포,2026-05-28,목,하차,1560,143,252,,81,82
239,호포,2026-05-29,금,승차,1158,48,42,,161,162
239,호포,2026-05-29,금,하차,1511,142,262,,83,84
239,호포,2026-05-30,토,승차,1157,22,39,,77,78
239,호포,2026-05-30,토,하차,1396,60,106,,66,67
239,호포,2026-05-31,일,승차,931,14,31,,81,82
239,호포,2026-05-31,일,하차,1131,65,80,,47,48
239,호포,2026-06-01,월,승차,994,40,51,,136,137
239,호포,2026-06-01,월,하차,1336,146,214,,91,92
239,호포,2026-06-02,화,승차,908,40,50,,115,116
239,호포,2026-06-02,화,하차,1184,128,166,,91,92
239,호포,2026-06-03,수,승차,909,22,31,,58,59
239,호포,2026-06-03,수,하차,1127,49,77,,51,52
239,호포,2026-06-04,목,승차,1058,37,47,,139,140
239,호포,2026-06-04,목,하차,1423,157,205,,85,86
239,호포,2026-06-05,금,승차,1117,50,46,,132,133
239,호포,2026-06-05,금,하차,1447,157,215,,69,70
239,호포,2026-06-06,토,승차,1000,20,33,,81,82
239,호포,2026-06-06,토,하차,1275,86,81,,58,59
239,호포,2026-06-07,일,승차,897,14,27,,68,69
239,호포,2026-06-07,일,하차,1093,42,68,,43,44
239,호포,2026-06-08,월,승차,1002,28,55,,126,127
239,호포,2026-06-08,월,하차,1366,160,187,,75,76
239,호포,2026-06-09,화,승차,1104,45,43,,117,118
239,호포,2026-06-09,화,하차,1413,161,221,,94,95
239,호포,2026-06-10,수,승차,1129,46,47,,133,134
239,호포,2026-06-10,수,하차,1463,146,211,,96,97
239,호포,2026-06-11,목,승차,1153,53,52,,164,165
239,호포,2026-06-11,목,하차,1520,149,247,,99,100
239,호포,2026-06-12,금,승차,1167,44,48,,150,151
239,호포,2026-06-12,금,하차,1468,138,234,,102,103
239,호포,2026-06-13,토,승차,1085,33,40,,86,87
239,호포,2026-06-13,토,하차,1430,82,96,,76,77
239,호포,2026-06-14,일,승차,926,15,23,,61,62
239,호포,2026-06-14,일,하차,1199,59,89,,52,53
239,호포,2026-06-15,월,승차,1074,37,58,,128,129
239,호포,2026-06-15,월,하차,1476,145,203,,93,94
239,호포,2026-06-16,화,승차,1113,31,46,,154,155
239,호포,2026-06-16,화,하차,1387,152,233,,95,96
239,호포,2026-06-17,수,승차,1101,40,40,,156,157
239,호포,2026-06-17,수,하차,1429,160,241,,98,99
239,호포,2026-06-18,목,승차,1071,39,44,,136,137
239,호포,2026-06-18,목,하차,1386,145,235,,92,93
239,호포,2026-06-19,금,승차,1049,46,42,,104,105
239,호포,2026-06-19,금,하차,1405,133,215,,118,119
239,호포,2026-06-20,토,승차,1051,16,31,,72,73
239,호포,2026-06-20,토,하차,1215,62,52,,57,58
239,호포,2026-06-21,일,승차,956,16,23,,63,64
239,호포,2026-06-21,일,하차,1158,48,93,,51,52
239,호포,2026-06-22,월,승차,1026,32,35,,135,136
239,호포,2026-06-22,월,하차,1366,157,209,,79,80
239,호포,2026-06-23,화,승차,1090,40,40,,145,146
239,호포,2026-06-23,화,하차,1462,155,205,,88,89
239,호포,2026-06-24,수,승차,1099,38,49,,141,142
239,호포,2026-06-24,수,하차,1370,145,200,,98,99
239,호포,2026-06-25,목,승차,1128,49,43,,116,117
239,호포,2026-06-25,목,하차,1434,150,202,,75,76
239,호포,2026-06-26,금,승차,1166,43,46,,120,121
239,호포,2026-06-26,금,하차,1478,140,208,,99,100
239,호포,2026-06-27,토,승차,1212,26,39,,78,79
239,호포,2026-06-27,토,하차,1477,61,77,,78,79
239,호포,2026-06-28,일,승차,995,16,26,,74,75
239,호포,2026-06-28,일,하차,1231,48,96,,54,55
239,호포,2026-06-29,월,승차,1127,30,39,,112,113
239,호포,2026-06-29,월,하차,1437,147,211,,87,88
239,호포,2026-06-30,화,승차,1041,40,39,,115,116
239,호포,2026-06-30,화,하차,1401,142,178,,79,80
240,증산,2026-01-01,목,승차,2507,69,116,,144,145
240,증산,2026-01-01,목,하차,2842,60,79,,193,194
240,증산,2026-01-02,금,승차,4221,413,379,,306,307
240,증산,2026-01-02,금,하차,4361,107,292,,526,527
240,증산,2026-01-03,토,승차,3808,163,190,,184,185
240,증산,2026-01-03,토,하차,3986,82,113,,306,307
240,증산,2026-01-04,일,승차,2868,58,138,,128,129
240,증산,2026-01-04,일,하차,3025,46,78,,269,270
240,증산,2026-01-05,월,승차,4394,498,453,,307,308
240,증산,2026-01-05,월,하차,4676,123,358,,597,598
240,증산,2026-01-06,화,승차,4428,525,456,,310,311
240,증산,2026-01-06,화,하차,4681,126,369,,569,570
240,증산,2026-01-07,수,승차,4626,524,454,,332,333
240,증산,2026-01-07,수,하차,4950,124,333,,598,599
240,증산,2026-01-08,목,승차,4370,508,426,,304,305
240,증산,2026-01-08,목,하차,4698,131,317,,539,540
240,증산,2026-01-09,금,승차,4747,480,457,,347,348
240,증산,2026-01-09,금,하차,5062,135,315,,616,617
240,증산,2026-01-10,토,승차,4294,194,217,,196,197
240,증산,2026-01-10,토,하차,4479,87,121,,343,344
240,증산,2026-01-11,일,승차,2870,95,150,,124,125
240,증산,2026-01-11,일,하차,3078,29,74,,252,253
240,증산,2026-01-12,월,승차,4359,509,457,,282,283
240,증산,2026-01-12,월,하차,4684,121,333,,564,565
240,증산,2026-01-13,화,승차,4552,521,463,,275,276
240,증산,2026-01-13,화,하차,4810,116,312,,576,577
240,증산,2026-01-14,수,승차,4578,515,432,,309,310
240,증산,2026-01-14,수,하차,4793,123,333,,598,599
240,증산,2026-01-15,목,승차,4743,521,494,,302,303
240,증산,2026-01-15,목,하차,5058,129,339,,619,620
240,증산,2026-01-16,금,승차,4920,507,465,,367,368
240,증산,2026-01-16,금,하차,5179,125,323,,608,609
240,증산,2026-01-17,토,승차,4451,191,218,,175,176
240,증산,2026-01-17,토,하차,4635,82,109,,391,392
240,증산,2026-01-18,일,승차,3351,86,141,,157,158
240,증산,2026-01-18,일,하차,3495,60,81,,324,325
240,증산,2026-01-19,월,승차,4544,516,505,,294,295
240,증산,2026-01-19,월,하차,4790,127,343,,560,561
240,증산,2026-01-20,화,승차,4379,521,478,,285,286
240,증산,2026-01-20,화,하차,4738,127,337,,556,557
240,증산,2026-01-21,수,승차,4272,507,406,,290,291
240,증산,2026-01-21,수,하차,4536,106,309,,584,585
240,증산,2026-01-22,목,승차,4184,498,417,,262,263
240,증산,2026-01-22,목,하차,4293,100,300,,540,541
240,증산,2026-01-23,금,승차,4737,514,455,,358,359
240,증산,2026-01-23,금,하차,4921,113,323,,575,576
240,증산,2026-01-24,토,승차,4169,164,233,,180,181
240,증산,2026-01-24,토,하차,4252,86,145,,355,356
240,증산,2026-01-25,일,승차,2938,86,154,,135,136
240,증산,2026-01-25,일,하차,3151,35,75,,291,292
240,증산,2026-01-26,월,승차,4355,512,466,,254,255
240,증산,2026-01-26,월,하차,4592,126,322,,561,562
240,증산,2026-01-27,화,승차,4417,536,458,,295,296
240,증산,2026-01-27,화,하차,4771,115,342,,599,600
240,증산,2026-01-28,수,승차,4559,528,434,,301,302
240,증산,2026-01-28,수,하차,4874,120,354,,565,566
240,증산,2026-01-29,목,승차,4258,506,448,,283,284
240,증산,2026-01-29,목,하차,4711,130,312,,601,602
240,증산,2026-01-30,금,승차,4597,493,443,,318,319
240,증산,2026-01-30,금,하차,4825,147,356,,618,619
240,증산,2026-01-31,토,승차,4122,176,215,,217,218
240,증산,2026-01-31,토,하차,4322,88,138,,368,369
240,증산,2026-02-01,일,승차,2927,69,147,,142,143
240,증산,2026-02-01,일,하차,3119,59,90,,286,287
240,증산,2026-02-02,월,승차,4315,556,460,,269,270
240,증산,2026-02-02,월,하차,4601,134,361,,571,572
240,증산,2026-02-03,화,승차,4477,537,483,,291,292
240,증산,2026-02-03,화,하차,4795,129,334,,584,585
240,증산,2026-02-04,수,승차,4563,565,468,,303,304
240,증산,2026-02-04,수,하차,4909,123,354,,581,582
240,증산,2026-02-05,목,승차,4611,529,450,,292,293
240,증산,2026-02-05,목,하차,5021,137,345,,560,561
240,증산,2026-02-06,금,승차,4919,507,467,,324,325
240,증산,2026-02-06,금,하차,5159,159,320,,618,619
240,증산,2026-02-07,토,승차,4101,156,232,,158,159
240,증산,2026-02-07,토,하차,4372,95,134,,344,345
240,증산,2026-02-08,일,승차,2912,84,135,,137,138
240,증산,2026-02-08,일,하차,3093,39,84,,261,262
240,증산,2026-02-09,월,승차,4457,526,457,,301,302
240,증산,2026-02-09,월,하차,4720,134,311,,570,571
240,증산,2026-02-10,화,승차,4486,534,462,,272,273
240,증산,2026-02-10,화,하차,4705,131,304,,542,543
240,증산,2026-02-11,수,승차,4681,527,451,,320,321
240,증산,2026-02-11,수,하차,4970,137,331,,588,589
240,증산,2026-02-12,목,승차,4661,525,466,,291,292
240,증산,2026-02-12,목,하차,4984,127,310,,557,558
240,증산,2026-02-13,금,승차,5166,477,470,,297,298
240,증산,2026-02-13,금,하차,5460,132,314,,588,589
240,증산,2026-02-14,토,승차,4292,165,238,,228,229
240,증산,2026-02-14,토,하차,4427,87,130,,300,301
240,증산,2026-02-15,일,승차,3239,79,111,,209,210
240,증산,2026-02-15,일,하차,3485,41,65,,292,293
240,증산,2026-02-16,월,승차,2496,56,80,,152,153
240,증산,2026-02-16,월,하차,2629,28,86,,183,184
240,증산,2026-02-17,화,승차,1954,48,63,,129,130
240,증산,2026-02-17,화,하차,2143,55,89,,124,125
240,증산,2026-02-18,수,승차,2831,59,104,,139,140
240,증산,2026-02-18,수,하차,2916,33,71,,238,239
240,증산,2026-02-19,목,승차,4475,481,420,,316,317
240,증산,2026-02-19,목,하차,4814,149,284,,586,587
240,증산,2026-02-20,금,승차,4864,512,444,,318,319
240,증산,2026-02-20,금,하차,5111,128,294,,584,585
240,증산,2026-02-21,토,승차,4721,182,258,,224,225
240,증산,2026-02-21,토,하차,4757,96,140,,416,417
240,증산,2026-02-22,일,승차,3338,88,154,,179,180
240,증산,2026-02-22,일,하차,3624,53,96,,317,318
240,증산,2026-02-23,월,승차,4610,533,471,,298,299
240,증산,2026-02-23,월,하차,5016,123,341,,579,580
240,증산,2026-02-24,화,승차,3970,515,447,,245,246
240,증산,2026-02-24,화,하차,4318,135,324,,517,518
240,증산,2026-02-25,수,승차,4762,506,483,,322,323
240,증산,2026-02-25,수,하차,5053,152,350,,598,599
240,증산,2026-02-26,목,승차,4591,515,458,,277,278
240,증산,2026-02-26,목,하차,4993,139,333,,614,615
240,증산,2026-02-27,금,승차,4599,488,410,,352,353
240,증산,2026-02-27,금,하차,4843,133,294,,586,587
240,증산,2026-02-28,토,승차,4806,170,283,,212,213
240,증산,2026-02-28,토,하차,5022,97,143,,409,410
240,증산,2026-03-01,일,승차,3581,79,139,,185,186
240,증산,2026-03-01,일,하차,3876,56,89,,297,298
240,증산,2026-03-02,월,승차,2484,117,129,,128,129
240,증산,2026-03-02,월,하차,2655,73,91,,178,179
240,증산,2026-03-03,화,승차,4421,603,558,,312,313
240,증산,2026-03-03,화,하차,4878,143,334,,581,582
240,증산,2026-03-04,수,승차,4757,603,583,,310,311
240,증산,2026-03-04,수,하차,5165,139,359,,605,606
240,증산,2026-03-05,목,승차,4784,601,588,,290,291
240,증산,2026-03-05,목,하차,5182,145,339,,636,637
240,증산,2026-03-06,금,승차,4871,581,527,,363,364
240,증산,2026-03-06,금,하차,5332,163,333,,622,623
240,증산,2026-03-07,토,승차,4760,188,229,,261,262
240,증산,2026-03-07,토,하차,4882,98,232,,393,394
240,증산,2026-03-08,일,승차,3462,92,166,,192,193
240,증산,2026-03-08,일,하차,3675,58,84,,286,287
240,증산,2026-03-09,월,승차,4721,641,585,,321,322
240,증산,2026-03-09,월,하차,5153,154,373,,656,657
240,증산,2026-03-10,화,승차,4834,641,583,,286,287
240,증산,2026-03-10,화,하차,5350,153,357,,655,656
240,증산,2026-03-11,수,승차,4913,634,586,,306,307
240,증산,2026-03-11,수,하차,5331,147,365,,643,644
240,증산,2026-03-12,목,승차,4844,611,548,,317,318
240,증산,2026-03-12,목,하차,5250,159,364,,607,608
240,증산,2026-03-13,금,승차,5047,596,506,,358,359
240,증산,2026-03-13,금,하차,5546,156,356,,641,642
240,증산,2026-03-14,토,승차,4932,192,291,,262,263
240,증산,2026-03-14,토,하차,5139,97,153,,415,416
240,증산,2026-03-15,일,승차,3351,97,159,,186,187
240,증산,2026-03-15,일,하차,3573,54,92,,290,291
240,증산,2026-03-16,월,승차,4601,628,545,,287,288
240,증산,2026-03-16,월,하차,5043,144,360,,638,639
240,증산,2026-03-17,화,승차,4848,619,588,,328,329
240,증산,2026-03-17,화,하차,5260,136,355,,654,655
240,증산,2026-03-18,수,승차,4495,612,553,,303,304
240,증산,2026-03-18,수,하차,4897,122,329,,641,642
240,증산,2026-03-19,목,승차,5014,624,589,,323,324
240,증산,2026-03-19,목,하차,5453,139,355,,655,656
240,증산,2026-03-20,금,승차,5211,572,559,,352,353
240,증산,2026-03-20,금,하차,5657,146,354,,654,655
240,증산,2026-03-21,토,승차,4933,184,303,,265,266
240,증산,2026-03-21,토,하차,5083,111,181,,385,386
240,증산,2026-03-22,일,승차,3538,101,171,,186,187
240,증산,2026-03-22,일,하차,3836,48,113,,305,306
240,증산,2026-03-23,월,승차,4822,656,543,,294,295
240,증산,2026-03-23,월,하차,5192,141,362,,639,640
240,증산,2026-03-24,화,승차,4857,620,592,,291,292
240,증산,2026-03-24,화,하차,5271,145,330,,686,687
240,증산,2026-03-25,수,승차,4743,602,557,,326,327
240,증산,2026-03-25,수,하차,5152,143,339,,703,704
240,증산,2026-03-26,목,승차,5057,604,568,,304,305
240,증산,2026-03-26,목,하차,5609,162,381,,690,691
240,증산,2026-03-27,금,승차,5251,609,532,,395,396
240,증산,2026-03-27,금,하차,5628,166,349,,627,628
240,증산,2026-03-28,토,승차,4949,217,323,,212,213
240,증산,2026-03-28,토,하차,5246,128,187,,382,383
240,증산,2026-03-29,일,승차,3579,103,173,,138,139
240,증산,2026-03-29,일,하차,3779,66,108,,276,277
240,증산,2026-03-30,월,승차,4574,633,592,,279,280
240,증산,2026-03-30,월,하차,4938,143,407,,590,591
240,증산,2026-03-31,화,승차,4612,609,558,,302,303
240,증산,2026-03-31,화,하차,5079,121,347,,647,648
240,증산,2026-04-01,수,승차,4885,645,623,,318,319
240,증산,2026-04-01,수,하차,5203,163,362,,614,615
240,증산,2026-04-02,목,승차,5089,642,601,,362,363
240,증산,2026-04-02,목,하차,5371,173,389,,705,706
240,증산,2026-04-03,금,승차,5694,657,552,,370,371
240,증산,2026-04-03,금,하차,6049,168,380,,702,703
240,증산,2026-04-04,토,승차,4294,185,206,,218,219
240,증산,2026-04-04,토,하차,4462,77,122,,390,391
240,증산,2026-04-05,일,승차,3862,120,178,,186,187
240,증산,2026-04-05,일,하차,4092,65,121,,357,358
240,증산,2026-04-06,월,승차,4514,610,595,,281,282
240,증산,2026-04-06,월,하차,4818,145,373,,652,653
240,증산,2026-04-07,화,승차,5067,639,582,,344,345
240,증산,2026-04-07,화,하차,5448,169,359,,665,666
240,증산,2026-04-08,수,승차,5348,693,614,,383,384
240,증산,2026-04-08,수,하차,5778,157,375,,712,713
240,증산,2026-04-09,목,승차,4313,611,555,,279,280
240,증산,2026-04-09,목,하차,4661,150,338,,673,674
240,증산,2026-04-10,금,승차,5204,609,547,,374,375
240,증산,2026-04-10,금,하차,5591,158,362,,677,678
240,증산,2026-04-11,토,승차,4881,215,292,,235,236
240,증산,2026-04-11,토,하차,5087,120,161,,410,411
240,증산,2026-04-12,일,승차,3392,119,181,,178,179
240,증산,2026-04-12,일,하차,3616,69,103,,290,291
240,증산,2026-04-13,월,승차,5009,626,600,,327,328
240,증산,2026-04-13,월,하차,5420,163,372,,679,680
240,증산,2026-04-14,화,승차,4818,615,600,,318,319
240,증산,2026-04-14,화,하차,5277,165,394,,648,649
240,증산,2026-04-15,수,승차,4978,660,594,,324,325
240,증산,2026-04-15,수,하차,5513,152,373,,697,698
240,증산,2026-04-16,목,승차,5150,683,576,,364,365
240,증산,2026-04-16,목,하차,5506,159,392,,674,675
240,증산,2026-04-17,금,승차,4859,605,576,,278,279
240,증산,2026-04-17,금,하차,5309,163,368,,655,656
240,증산,2026-04-18,토,승차,4915,245,319,,214,215
240,증산,2026-04-18,토,하차,5176,92,158,,414,415
240,증산,2026-04-19,일,승차,3435,105,167,,187,188
240,증산,2026-04-19,일,하차,3606,73,101,,313,314
240,증산,2026-04-20,월,승차,4695,649,547,,332,333
240,증산,2026-04-20,월,하차,5062,157,397,,603,604
240,증산,2026-04-21,화,승차,4993,633,591,,318,319
240,증산,2026-04-21,화,하차,5420,162,402,,685,686
240,증산,2026-04-22,수,승차,4846,621,562,,303,304
240,증산,2026-04-22,수,하차,5238,163,382,,625,626
240,증산,2026-04-23,목,승차,4962,624,541,,310,311
240,증산,2026-04-23,목,하차,5367,156,352,,675,676
240,증산,2026-04-24,금,승차,5575,614,515,,368,369
240,증산,2026-04-24,금,하차,6046,169,379,,709,710
240,증산,2026-04-25,토,승차,4941,231,296,,212,213
240,증산,2026-04-25,토,하차,5195,113,167,,420,421
240,증산,2026-04-26,일,승차,3562,102,209,,155,156
240,증산,2026-04-26,일,하차,3694,77,99,,290,291
240,증산,2026-04-27,월,승차,4933,629,581,,314,315
240,증산,2026-04-27,월,하차,5324,163,379,,683,684
240,증산,2026-04-28,화,승차,5269,665,598,,299,300
240,증산,2026-04-28,화,하차,5655,148,367,,675,676
240,증산,2026-04-29,수,승차,5186,649,581,,320,321
240,증산,2026-04-29,수,하차,5635,157,384,,700,701
240,증산,2026-04-30,목,승차,5819,744,552,,351,352
240,증산,2026-04-30,목,하차,6446,153,473,,677,678
240,증산,2026-05-01,금,승차,4325,139,212,,240,241
240,증산,2026-05-01,금,하차,4577,84,120,,399,400
240,증산,2026-05-02,토,승차,4650,208,234,,205,206
240,증산,2026-05-02,토,하차,4816,112,147,,374,375
240,증산,2026-05-03,일,승차,2944,88,134,,160,161
240,증산,2026-05-03,일,하차,3098,44,85,,221,222
240,증산,2026-05-04,월,승차,5195,510,451,,333,334
240,증산,2026-05-04,월,하차,5388,166,287,,625,626
240,증산,2026-05-05,화,승차,3753,128,158,,196,197
240,증산,2026-05-05,화,하차,4069,91,117,,350,351
240,증산,2026-05-06,수,승차,5094,657,620,,354,355
240,증산,2026-05-06,수,하차,5491,170,412,,694,695
240,증산,2026-05-07,목,승차,5151,674,572,,342,343
240,증산,2026-05-07,목,하차,5622,175,408,,691,692
240,증산,2026-05-08,금,승차,5395,634,554,,393,394
240,증산,2026-05-08,금,하차,6079,176,380,,724,725
240,증산,2026-05-09,토,승차,5048,202,295,,251,252
240,증산,2026-05-09,토,하차,5170,124,194,,387,388
240,증산,2026-05-10,일,승차,3762,111,165,,198,199
240,증산,2026-05-10,일,하차,3980,71,100,,362,363
240,증산,2026-05-11,월,승차,4998,651,556,,329,330
240,증산,2026-05-11,월,하차,5368,166,381,,682,683
240,증산,2026-05-12,화,승차,4814,640,564,,347,348
240,증산,2026-05-12,화,하차,5237,163,414,,681,682
240,증산,2026-05-13,수,승차,5144,631,565,,325,326
240,증산,2026-05-13,수,하차,5664,163,390,,653,654
240,증산,2026-05-14,목,승차,5099,597,567,,321,322
240,증산,2026-05-14,목,하차,5474,182,388,,658,659
240,증산,2026-05-15,금,승차,5343,627,557,,365,366
240,증산,2026-05-15,금,하차,5821,184,359,,705,706
240,증산,2026-05-16,토,승차,4893,272,324,,228,229
240,증산,2026-05-16,토,하차,5106,124,170,,425,426
240,증산,2026-05-17,일,승차,3763,148,225,,184,185
240,증산,2026-05-17,일,하차,3888,82,122,,291,292
240,증산,2026-05-18,월,승차,4839,642,581,,369,370
240,증산,2026-05-18,월,하차,5287,171,395,,641,642
240,증산,2026-05-19,화,승차,5043,656,577,,336,337
240,증산,2026-05-19,화,하차,5402,155,398,,683,684
240,증산,2026-05-20,수,승차,4463,629,590,,287,288
240,증산,2026-05-20,수,하차,4753,168,362,,636,637
240,증산,2026-05-21,목,승차,4829,615,542,,341,342
240,증산,2026-05-21,목,하차,5268,160,336,,631,632
240,증산,2026-05-22,금,승차,5368,593,527,,376,377
240,증산,2026-05-22,금,하차,5810,183,364,,644,645
240,증산,2026-05-23,토,승차,4916,231,302,,218,219
240,증산,2026-05-23,토,하차,5054,116,153,,367,368
240,증산,2026-05-24,일,승차,3864,137,227,,204,205
240,증산,2026-05-24,일,하차,4074,70,105,,330,331
240,증산,2026-05-25,월,승차,3592,151,169,,204,205
240,증산,2026-05-25,월,하차,3781,79,117,,366,367
240,증산,2026-05-26,화,승차,4690,615,522,,320,321
240,증산,2026-05-26,화,하차,5008,170,330,,628,629
240,증산,2026-05-27,수,승차,4499,582,500,,332,333
240,증산,2026-05-27,수,하차,4969,142,340,,625,626
240,증산,2026-05-28,목,승차,5138,606,589,,357,358
240,증산,2026-05-28,목,하차,5518,176,366,,616,617
240,증산,2026-05-29,금,승차,5160,622,520,,379,380
240,증산,2026-05-29,금,하차,5614,176,366,,679,680
240,증산,2026-05-30,토,승차,4650,233,284,,245,246
240,증산,2026-05-30,토,하차,4767,106,164,,363,364
240,증산,2026-05-31,일,승차,3207,99,185,,180,181
240,증산,2026-05-31,일,하차,3483,58,118,,296,297
240,증산,2026-06-01,월,승차,4765,657,574,,322,323
240,증산,2026-06-01,월,하차,5161,156,406,,642,643
240,증산,2026-06-02,화,승차,4485,590,524,,299,300
240,증산,2026-06-02,화,하차,4948,146,360,,633,634
240,증산,2026-06-03,수,승차,3908,160,201,,158,159
240,증산,2026-06-03,수,하차,4122,82,124,,306,307
240,증산,2026-06-04,목,승차,4804,650,526,,305,306
240,증산,2026-06-04,목,하차,5363,162,387,,619,620
240,증산,2026-06-05,금,승차,5356,709,613,,360,361
240,증산,2026-06-05,금,하차,5845,183,379,,667,668
240,증산,2026-06-06,토,승차,4098,129,220,,205,206
240,증산,2026-06-06,토,하차,4288,77,110,,323,324
240,증산,2026-06-07,일,승차,2999,99,170,,106,107
240,증산,2026-06-07,일,하차,3195,52,95,,217,218
240,증산,2026-06-08,월,승차,4568,635,548,,280,281
240,증산,2026-06-08,월,하차,4951,160,356,,636,637
240,증산,2026-06-09,화,승차,4872,617,601,,313,314
240,증산,2026-06-09,화,하차,5314,166,407,,610,611
240,증산,2026-06-10,수,승차,5029,632,591,,317,318
240,증산,2026-06-10,수,하차,5354,156,363,,627,628
240,증산,2026-06-11,목,승차,4999,651,532,,301,302
240,증산,2026-06-11,목,하차,5378,170,344,,634,635
240,증산,2026-06-12,금,승차,5026,618,523,,353,354
240,증산,2026-06-12,금,하차,5566,168,389,,673,674
240,증산,2026-06-13,토,승차,4621,235,295,,193,194
240,증산,2026-06-13,토,하차,4882,107,152,,370,371
240,증산,2026-06-14,일,승차,3113,110,165,,152,153
240,증산,2026-06-14,일,하차,3295,44,110,,265,266
240,증산,2026-06-15,월,승차,4673,618,526,,313,314
240,증산,2026-06-15,월,하차,5009,151,384,,618,619
240,증산,2026-06-16,화,승차,4757,628,575,,340,341
240,증산,2026-06-16,화,하차,5123,157,397,,624,625
240,증산,2026-06-17,수,승차,4964,626,650,,332,333
240,증산,2026-06-17,수,하차,5440,150,396,,607,608
240,증산,2026-06-18,목,승차,4887,610,550,,350,351
240,증산,2026-06-18,목,하차,5364,157,400,,629,630
240,증산,2026-06-19,금,승차,4822,560,521,,361,362
240,증산,2026-06-19,금,하차,5125,176,373,,615,616
240,증산,2026-06-20,토,승차,3895,175,191,,209,210
240,증산,2026-06-20,토,하차,4046,66,113,,342,343
240,증산,2026-06-21,일,승차,3184,94,159,,142,143
240,증산,2026-06-21,일,하차,3336,81,103,,257,258
240,증산,2026-06-22,월,승차,4760,587,525,,315,316
240,증산,2026-06-22,월,하차,5087,168,352,,632,633
240,증산,2026-06-23,화,승차,4735,557,496,,306,307
240,증산,2026-06-23,화,하차,5120,146,375,,649,650
240,증산,2026-06-24,수,승차,4699,589,495,,326,327
240,증산,2026-06-24,수,하차,4987,157,388,,588,589
240,증산,2026-06-25,목,승차,4752,609,478,,310,311
240,증산,2026-06-25,목,하차,5139,162,390,,570,571
240,증산,2026-06-26,금,승차,5381,588,481,,406,407
240,증산,2026-06-26,금,하차,5658,186,390,,673,674
240,증산,2026-06-27,토,승차,4748,212,294,,205,206
240,증산,2026-06-27,토,하차,4905,88,179,,353,354
240,증산,2026-06-28,일,승차,3457,92,177,,122,123
240,증산,2026-06-28,일,하차,3625,64,112,,247,248
240,증산,2026-06-29,월,승차,4721,620,514,,297,298
240,증산,2026-06-29,월,하차,5015,143,389,,617,618
240,증산,2026-06-30,화,승차,4733,586,480,,324,325
240,증산,2026-06-30,화,하차,5056,162,374,,581,582
241,부산대양산캠퍼스,2026-01-01,목,승차,670,25,33,,30,31
241,부산대양산캠퍼스,2026-01-01,목,하차,613,12,16,,55,56
241,부산대양산캠퍼스,2026-01-02,금,승차,1618,148,139,,97,98
241,부산대양산캠퍼스,2026-01-02,금,하차,1426,106,187,,89,90
241,부산대양산캠퍼스,2026-01-03,토,승차,1001,47,60,,39,40
241,부산대양산캠퍼스,2026-01-03,토,하차,869,17,27,,54,55
241,부산대양산캠퍼스,2026-01-04,일,승차,767,26,41,,41,42
241,부산대양산캠퍼스,2026-01-04,일,하차,702,12,29,,47,48
241,부산대양산캠퍼스,2026-01-05,월,승차,2115,189,178,,158,159
241,부산대양산캠퍼스,2026-01-05,월,하차,1890,140,277,,129,130
241,부산대양산캠퍼스,2026-01-06,화,승차,2111,200,162,,153,154
241,부산대양산캠퍼스,2026-01-06,화,하차,1900,150,256,,159,160
241,부산대양산캠퍼스,2026-01-07,수,승차,2199,195,168,,170,171
241,부산대양산캠퍼스,2026-01-07,수,하차,1939,113,280,,151,152
241,부산대양산캠퍼스,2026-01-08,목,승차,2165,194,174,,159,160
241,부산대양산캠퍼스,2026-01-08,목,하차,1888,146,248,,153,154
241,부산대양산캠퍼스,2026-01-09,금,승차,2143,191,171,,143,144
241,부산대양산캠퍼스,2026-01-09,금,하차,1848,123,225,,147,148
241,부산대양산캠퍼스,2026-01-10,토,승차,1228,66,71,,44,45
241,부산대양산캠퍼스,2026-01-10,토,하차,993,16,45,,53,54
241,부산대양산캠퍼스,2026-01-11,일,승차,801,31,44,,35,36
241,부산대양산캠퍼스,2026-01-11,일,하차,756,17,28,,56,57
241,부산대양산캠퍼스,2026-01-12,월,승차,2079,199,185,,149,150
241,부산대양산캠퍼스,2026-01-12,월,하차,1837,141,260,,140,141
241,부산대양산캠퍼스,2026-01-13,화,승차,2065,207,186,,129,130
241,부산대양산캠퍼스,2026-01-13,화,하차,1863,135,264,,128,129
241,부산대양산캠퍼스,2026-01-14,수,승차,2039,206,172,,139,140
241,부산대양산캠퍼스,2026-01-14,수,하차,1867,142,276,,133,134
241,부산대양산캠퍼스,2026-01-15,목,승차,2053,191,162,,147,148
241,부산대양산캠퍼스,2026-01-15,목,하차,1836,135,261,,132,133
241,부산대양산캠퍼스,2026-01-16,금,승차,2090,188,175,,159,160
241,부산대양산캠퍼스,2026-01-16,금,하차,1780,123,252,,135,136
241,부산대양산캠퍼스,2026-01-17,토,승차,1269,49,98,,63,64
241,부산대양산캠퍼스,2026-01-17,토,하차,1011,18,34,,50,51
241,부산대양산캠퍼스,2026-01-18,일,승차,804,32,50,,33,34
241,부산대양산캠퍼스,2026-01-18,일,하차,726,14,24,,60,61
241,부산대양산캠퍼스,2026-01-19,월,승차,2128,192,174,,134,135
241,부산대양산캠퍼스,2026-01-19,월,하차,1939,163,243,,136,137
241,부산대양산캠퍼스,2026-01-20,화,승차,2104,188,172,,134,135
241,부산대양산캠퍼스,2026-01-20,화,하차,1889,135,258,,140,141
241,부산대양산캠퍼스,2026-01-21,수,승차,1939,179,154,,125,126
241,부산대양산캠퍼스,2026-01-21,수,하차,1696,131,223,,128,129
241,부산대양산캠퍼스,2026-01-22,목,승차,1951,173,148,,127,128
241,부산대양산캠퍼스,2026-01-22,목,하차,1776,110,280,,128,129
241,부산대양산캠퍼스,2026-01-23,금,승차,1989,200,159,,164,165
241,부산대양산캠퍼스,2026-01-23,금,하차,1717,132,206,,135,136
241,부산대양산캠퍼스,2026-01-24,토,승차,1166,56,99,,53,54
241,부산대양산캠퍼스,2026-01-24,토,하차,976,18,42,,61,62
241,부산대양산캠퍼스,2026-01-25,일,승차,755,29,40,,29,30
241,부산대양산캠퍼스,2026-01-25,일,하차,702,18,38,,46,47
241,부산대양산캠퍼스,2026-01-26,월,승차,2091,193,164,,133,134
241,부산대양산캠퍼스,2026-01-26,월,하차,1884,142,256,,134,135
241,부산대양산캠퍼스,2026-01-27,화,승차,2156,183,189,,145,146
241,부산대양산캠퍼스,2026-01-27,화,하차,1804,130,244,,138,139
241,부산대양산캠퍼스,2026-01-28,수,승차,2068,200,162,,133,134
241,부산대양산캠퍼스,2026-01-28,수,하차,1812,122,249,,134,135
241,부산대양산캠퍼스,2026-01-29,목,승차,1966,193,147,,141,142
241,부산대양산캠퍼스,2026-01-29,목,하차,1703,128,238,,124,125
241,부산대양산캠퍼스,2026-01-30,금,승차,1867,200,156,,144,145
241,부산대양산캠퍼스,2026-01-30,금,하차,1625,119,225,,125,126
241,부산대양산캠퍼스,2026-01-31,토,승차,1110,59,73,,38,39
241,부산대양산캠퍼스,2026-01-31,토,하차,896,11,40,,52,53
241,부산대양산캠퍼스,2026-02-01,일,승차,719,22,37,,39,40
241,부산대양산캠퍼스,2026-02-01,일,하차,643,16,23,,54,55
241,부산대양산캠퍼스,2026-02-02,월,승차,1986,203,162,,134,135
241,부산대양산캠퍼스,2026-02-02,월,하차,1802,146,263,,147,148
241,부산대양산캠퍼스,2026-02-03,화,승차,2105,204,174,,150,151
241,부산대양산캠퍼스,2026-02-03,화,하차,1867,141,271,,154,155
241,부산대양산캠퍼스,2026-02-04,수,승차,2053,211,174,,132,133
241,부산대양산캠퍼스,2026-02-04,수,하차,1810,141,243,,154,155
241,부산대양산캠퍼스,2026-02-05,목,승차,2069,218,157,,146,147
241,부산대양산캠퍼스,2026-02-05,목,하차,1839,126,254,,145,146
241,부산대양산캠퍼스,2026-02-06,금,승차,2028,213,153,,133,134
241,부산대양산캠퍼스,2026-02-06,금,하차,1709,149,229,,132,133
241,부산대양산캠퍼스,2026-02-07,토,승차,1111,80,80,,35,36
241,부산대양산캠퍼스,2026-02-07,토,하차,911,26,44,,42,43
241,부산대양산캠퍼스,2026-02-08,일,승차,766,25,51,,39,40
241,부산대양산캠퍼스,2026-02-08,일,하차,729,19,24,,51,52
241,부산대양산캠퍼스,2026-02-09,월,승차,2082,201,161,,151,152
241,부산대양산캠퍼스,2026-02-09,월,하차,1942,138,252,,146,147
241,부산대양산캠퍼스,2026-02-10,화,승차,2199,202,169,,144,145
241,부산대양산캠퍼스,2026-02-10,화,하차,1933,141,273,,136,137
241,부산대양산캠퍼스,2026-02-11,수,승차,2163,195,158,,153,154
241,부산대양산캠퍼스,2026-02-11,수,하차,1943,128,267,,151,152
241,부산대양산캠퍼스,2026-02-12,목,승차,2084,199,186,,142,143
241,부산대양산캠퍼스,2026-02-12,목,하차,1857,131,271,,131,132
241,부산대양산캠퍼스,2026-02-13,금,승차,2134,208,156,,138,139
241,부산대양산캠퍼스,2026-02-13,금,하차,1778,142,230,,121,122
241,부산대양산캠퍼스,2026-02-14,토,승차,1148,65,68,,56,57
241,부산대양산캠퍼스,2026-02-14,토,하차,903,20,40,,51,52
241,부산대양산캠퍼스,2026-02-15,일,승차,840,28,41,,47,48
241,부산대양산캠퍼스,2026-02-15,일,하차,669,19,31,,49,50
241,부산대양산캠퍼스,2026-02-16,월,승차,595,22,45,,32,33
241,부산대양산캠퍼스,2026-02-16,월,하차,494,12,14,,29,30
241,부산대양산캠퍼스,2026-02-17,화,승차,601,26,34,,37,38
241,부산대양산캠퍼스,2026-02-17,화,하차,460,14,9,,26,27
241,부산대양산캠퍼스,2026-02-18,수,승차,751,16,36,,39,40
241,부산대양산캠퍼스,2026-02-18,수,하차,712,11,35,,56,57
241,부산대양산캠퍼스,2026-02-19,목,승차,1997,189,163,,131,132
241,부산대양산캠퍼스,2026-02-19,목,하차,1809,106,231,,142,143
241,부산대양산캠퍼스,2026-02-20,금,승차,2008,197,150,,175,176
241,부산대양산캠퍼스,2026-02-20,금,하차,1780,101,224,,125,126
241,부산대양산캠퍼스,2026-02-21,토,승차,1294,75,92,,59,60
241,부산대양산캠퍼스,2026-02-21,토,하차,1008,21,48,,67,68
241,부산대양산캠퍼스,2026-02-22,일,승차,779,29,47,,39,40
241,부산대양산캠퍼스,2026-02-22,일,하차,739,12,25,,66,67
241,부산대양산캠퍼스,2026-02-23,월,승차,2250,190,185,,156,157
241,부산대양산캠퍼스,2026-02-23,월,하차,1970,155,275,,149,150
241,부산대양산캠퍼스,2026-02-24,화,승차,1969,201,152,,136,137
241,부산대양산캠퍼스,2026-02-24,화,하차,1794,143,275,,112,113
241,부산대양산캠퍼스,2026-02-25,수,승차,2079,204,147,,149,150
241,부산대양산캠퍼스,2026-02-25,수,하차,1887,130,272,,128,129
241,부산대양산캠퍼스,2026-02-26,목,승차,2144,223,172,,149,150
241,부산대양산캠퍼스,2026-02-26,목,하차,1840,153,231,,141,142
241,부산대양산캠퍼스,2026-02-27,금,승차,1956,211,145,,147,148
241,부산대양산캠퍼스,2026-02-27,금,하차,1674,137,214,,133,134
241,부산대양산캠퍼스,2026-02-28,토,승차,1271,67,93,,57,58
241,부산대양산캠퍼스,2026-02-28,토,하차,1037,26,40,,61,62
241,부산대양산캠퍼스,2026-03-01,일,승차,861,27,48,,39,40
241,부산대양산캠퍼스,2026-03-01,일,하차,738,16,29,,60,61
241,부산대양산캠퍼스,2026-03-02,월,승차,731,51,60,,26,27
241,부산대양산캠퍼스,2026-03-02,월,하차,706,16,24,,65,66
241,부산대양산캠퍼스,2026-03-03,화,승차,2150,237,194,,143,144
241,부산대양산캠퍼스,2026-03-03,화,하차,1994,131,296,,146,147
241,부산대양산캠퍼스,2026-03-04,수,승차,2234,229,175,,156,157
241,부산대양산캠퍼스,2026-03-04,수,하차,1981,128,295,,145,146
241,부산대양산캠퍼스,2026-03-05,목,승차,2296,248,186,,144,145
241,부산대양산캠퍼스,2026-03-05,목,하차,2066,156,289,,136,137
241,부산대양산캠퍼스,2026-03-06,금,승차,2148,229,179,,132,133
241,부산대양산캠퍼스,2026-03-06,금,하차,1845,140,240,,158,159
241,부산대양산캠퍼스,2026-03-07,토,승차,1267,84,89,,48,49
241,부산대양산캠퍼스,2026-03-07,토,하차,989,17,45,,74,75
241,부산대양산캠퍼스,2026-03-08,일,승차,873,30,57,,32,33
241,부산대양산캠퍼스,2026-03-08,일,하차,856,18,26,,64,65
241,부산대양산캠퍼스,2026-03-09,월,승차,2279,234,177,,163,164
241,부산대양산캠퍼스,2026-03-09,월,하차,2153,152,308,,145,146
241,부산대양산캠퍼스,2026-03-10,화,승차,2423,274,173,,163,164
241,부산대양산캠퍼스,2026-03-10,화,하차,2100,137,323,,169,170
241,부산대양산캠퍼스,2026-03-11,수,승차,2317,236,185,,178,179
241,부산대양산캠퍼스,2026-03-11,수,하차,2129,136,313,,159,160
241,부산대양산캠퍼스,2026-03-12,목,승차,2249,236,186,,154,155
241,부산대양산캠퍼스,2026-03-12,목,하차,2037,125,334,,149,150
241,부산대양산캠퍼스,2026-03-13,금,승차,2283,242,189,,148,149
241,부산대양산캠퍼스,2026-03-13,금,하차,1906,129,242,,133,134
241,부산대양산캠퍼스,2026-03-14,토,승차,1348,66,83,,51,52
241,부산대양산캠퍼스,2026-03-14,토,하차,1060,20,51,,71,72
241,부산대양산캠퍼스,2026-03-15,일,승차,885,39,48,,29,30
241,부산대양산캠퍼스,2026-03-15,일,하차,873,14,29,,65,66
241,부산대양산캠퍼스,2026-03-16,월,승차,2330,232,198,,167,168
241,부산대양산캠퍼스,2026-03-16,월,하차,2146,145,315,,152,153
241,부산대양산캠퍼스,2026-03-17,화,승차,2369,264,205,,155,156
241,부산대양산캠퍼스,2026-03-17,화,하차,2205,158,314,,163,164
241,부산대양산캠퍼스,2026-03-18,수,승차,2154,238,179,,157,158
241,부산대양산캠퍼스,2026-03-18,수,하차,1910,130,307,,158,159
241,부산대양산캠퍼스,2026-03-19,목,승차,2271,244,197,,149,150
241,부산대양산캠퍼스,2026-03-19,목,하차,2048,137,312,,146,147
241,부산대양산캠퍼스,2026-03-20,금,승차,2263,229,196,,154,155
241,부산대양산캠퍼스,2026-03-20,금,하차,1922,130,228,,136,137
241,부산대양산캠퍼스,2026-03-21,토,승차,1422,79,82,,71,72
241,부산대양산캠퍼스,2026-03-21,토,하차,1186,23,60,,63,64
241,부산대양산캠퍼스,2026-03-22,일,승차,940,37,57,,36,37
241,부산대양산캠퍼스,2026-03-22,일,하차,909,13,30,,59,60
241,부산대양산캠퍼스,2026-03-23,월,승차,2431,237,190,,156,157
241,부산대양산캠퍼스,2026-03-23,월,하차,2252,162,331,,168,169
241,부산대양산캠퍼스,2026-03-24,화,승차,2336,238,205,,156,157
241,부산대양산캠퍼스,2026-03-24,화,하차,2117,165,316,,161,162
241,부산대양산캠퍼스,2026-03-25,수,승차,2222,243,170,,167,168
241,부산대양산캠퍼스,2026-03-25,수,하차,2037,138,290,,159,160
241,부산대양산캠퍼스,2026-03-26,목,승차,2287,248,185,,160,161
241,부산대양산캠퍼스,2026-03-26,목,하차,2031,130,319,,147,148
241,부산대양산캠퍼스,2026-03-27,금,승차,2298,250,183,,141,142
241,부산대양산캠퍼스,2026-03-27,금,하차,1994,132,254,,164,165
241,부산대양산캠퍼스,2026-03-28,토,승차,1450,86,107,,50,51
241,부산대양산캠퍼스,2026-03-28,토,하차,1138,32,53,,75,76
241,부산대양산캠퍼스,2026-03-29,일,승차,965,23,53,,38,39
241,부산대양산캠퍼스,2026-03-29,일,하차,950,23,44,,64,65
241,부산대양산캠퍼스,2026-03-30,월,승차,2271,249,201,,155,156
241,부산대양산캠퍼스,2026-03-30,월,하차,2047,119,347,,144,145
241,부산대양산캠퍼스,2026-03-31,화,승차,2297,252,202,,154,155
241,부산대양산캠퍼스,2026-03-31,화,하차,2085,145,304,,157,158
241,부산대양산캠퍼스,2026-04-01,수,승차,2312,262,186,,142,143
241,부산대양산캠퍼스,2026-04-01,수,하차,2075,156,318,,149,150
241,부산대양산캠퍼스,2026-04-02,목,승차,2393,262,200,,167,168
241,부산대양산캠퍼스,2026-04-02,목,하차,2174,157,310,,166,167
241,부산대양산캠퍼스,2026-04-03,금,승차,2310,250,174,,150,151
241,부산대양산캠퍼스,2026-04-03,금,하차,1954,152,246,,165,166
241,부산대양산캠퍼스,2026-04-04,토,승차,1235,86,99,,44,45
241,부산대양산캠퍼스,2026-04-04,토,하차,954,15,32,,51,52
241,부산대양산캠퍼스,2026-04-05,일,승차,1057,41,59,,46,47
241,부산대양산캠퍼스,2026-04-05,일,하차,989,34,47,,101,102
241,부산대양산캠퍼스,2026-04-06,월,승차,2396,242,210,,145,146
241,부산대양산캠퍼스,2026-04-06,월,하차,2124,167,321,,175,176
241,부산대양산캠퍼스,2026-04-07,화,승차,2498,247,190,,163,164
241,부산대양산캠퍼스,2026-04-07,화,하차,2211,175,339,,164,165
241,부산대양산캠퍼스,2026-04-08,수,승차,2368,242,184,,161,162
241,부산대양산캠퍼스,2026-04-08,수,하차,2147,172,326,,166,167
241,부산대양산캠퍼스,2026-04-09,목,승차,1945,234,195,,134,135
241,부산대양산캠퍼스,2026-04-09,목,하차,1745,139,299,,137,138
241,부산대양산캠퍼스,2026-04-10,금,승차,2316,226,195,,171,172
241,부산대양산캠퍼스,2026-04-10,금,하차,1976,157,281,,166,167
241,부산대양산캠퍼스,2026-04-11,토,승차,1385,75,82,,67,68
241,부산대양산캠퍼스,2026-04-11,토,하차,1140,29,66,,59,60
241,부산대양산캠퍼스,2026-04-12,일,승차,949,29,52,,45,46
241,부산대양산캠퍼스,2026-04-12,일,하차,934,23,31,,78,79
241,부산대양산캠퍼스,2026-04-13,월,승차,2404,228,195,,151,152
241,부산대양산캠퍼스,2026-04-13,월,하차,2200,152,344,,151,152
241,부산대양산캠퍼스,2026-04-14,화,승차,2307,255,199,,156,157
241,부산대양산캠퍼스,2026-04-14,화,하차,2094,181,318,,149,150
241,부산대양산캠퍼스,2026-04-15,수,승차,2385,230,172,,150,151
241,부산대양산캠퍼스,2026-04-15,수,하차,2156,165,309,,165,166
241,부산대양산캠퍼스,2026-04-16,목,승차,2284,241,194,,158,159
241,부산대양산캠퍼스,2026-04-16,목,하차,2073,163,319,,152,153
241,부산대양산캠퍼스,2026-04-17,금,승차,2173,242,174,,136,137
241,부산대양산캠퍼스,2026-04-17,금,하차,1802,146,251,,147,148
241,부산대양산캠퍼스,2026-04-18,토,승차,1327,78,114,,56,57
241,부산대양산캠퍼스,2026-04-18,토,하차,1079,27,38,,63,64
241,부산대양산캠퍼스,2026-04-19,일,승차,920,37,47,,45,46
241,부산대양산캠퍼스,2026-04-19,일,하차,847,26,42,,64,65
241,부산대양산캠퍼스,2026-04-20,월,승차,2341,215,188,,126,127
241,부산대양산캠퍼스,2026-04-20,월,하차,2173,170,289,,176,177
241,부산대양산캠퍼스,2026-04-21,화,승차,2338,231,209,,140,141
241,부산대양산캠퍼스,2026-04-21,화,하차,2053,185,312,,146,147
241,부산대양산캠퍼스,2026-04-22,수,승차,2291,218,184,,156,157
241,부산대양산캠퍼스,2026-04-22,수,하차,1994,172,285,,162,163
241,부산대양산캠퍼스,2026-04-23,목,승차,2358,215,213,,150,151
241,부산대양산캠퍼스,2026-04-23,목,하차,2004,154,294,,142,143
241,부산대양산캠퍼스,2026-04-24,금,승차,2274,198,197,,122,123
241,부산대양산캠퍼스,2026-04-24,금,하차,1979,156,249,,169,170
241,부산대양산캠퍼스,2026-04-25,토,승차,1389,83,93,,48,49
241,부산대양산캠퍼스,2026-04-25,토,하차,1115,33,48,,65,66
241,부산대양산캠퍼스,2026-04-26,일,승차,959,37,60,,32,33
241,부산대양산캠퍼스,2026-04-26,일,하차,954,27,31,,105,106
241,부산대양산캠퍼스,2026-04-27,월,승차,2525,226,188,,157,158
241,부산대양산캠퍼스,2026-04-27,월,하차,2304,168,320,,160,161
241,부산대양산캠퍼스,2026-04-28,화,승차,2530,238,230,,140,141
241,부산대양산캠퍼스,2026-04-28,화,하차,2264,172,333,,157,158
241,부산대양산캠퍼스,2026-04-29,수,승차,2467,229,180,,161,162
241,부산대양산캠퍼스,2026-04-29,수,하차,2171,184,318,,139,140
241,부산대양산캠퍼스,2026-04-30,목,승차,2614,269,178,,176,177
241,부산대양산캠퍼스,2026-04-30,목,하차,2299,157,298,,133,134
241,부산대양산캠퍼스,2026-05-01,금,승차,1204,50,68,,56,57
241,부산대양산캠퍼스,2026-05-01,금,하차,957,17,43,,101,102
241,부산대양산캠퍼스,2026-05-02,토,승차,1230,72,99,,65,66
241,부산대양산캠퍼스,2026-05-02,토,하차,1023,26,47,,50,51
241,부산대양산캠퍼스,2026-05-03,일,승차,764,22,34,,40,41
241,부산대양산캠퍼스,2026-05-03,일,하차,726,12,22,,37,38
241,부산대양산캠퍼스,2026-05-04,월,승차,2336,181,144,,130,131
241,부산대양산캠퍼스,2026-05-04,월,하차,2107,155,296,,122,123
241,부산대양산캠퍼스,2026-05-05,화,승차,1077,43,63,,41,42
241,부산대양산캠퍼스,2026-05-05,화,하차,954,28,28,,92,93
241,부산대양산캠퍼스,2026-05-06,수,승차,2393,232,205,,192,193
241,부산대양산캠퍼스,2026-05-06,수,하차,2176,175,334,,164,165
241,부산대양산캠퍼스,2026-05-07,목,승차,2361,223,220,,143,144
241,부산대양산캠퍼스,2026-05-07,목,하차,2082,187,293,,153,154
241,부산대양산캠퍼스,2026-05-08,금,승차,2336,244,182,,181,182
241,부산대양산캠퍼스,2026-05-08,금,하차,2003,174,261,,159,160
241,부산대양산캠퍼스,2026-05-09,토,승차,1371,61,107,,54,55
241,부산대양산캠퍼스,2026-05-09,토,하차,1075,27,54,,88,89
241,부산대양산캠퍼스,2026-05-10,일,승차,978,39,70,,33,34
241,부산대양산캠퍼스,2026-05-10,일,하차,989,13,42,,107,108
241,부산대양산캠퍼스,2026-05-11,월,승차,2494,236,206,,180,181
241,부산대양산캠퍼스,2026-05-11,월,하차,2240,174,334,,156,157
241,부산대양산캠퍼스,2026-05-12,화,승차,2463,248,194,,161,162
241,부산대양산캠퍼스,2026-05-12,화,하차,2226,194,322,,159,160
241,부산대양산캠퍼스,2026-05-13,수,승차,2486,229,194,,173,174
241,부산대양산캠퍼스,2026-05-13,수,하차,2183,181,308,,152,153
241,부산대양산캠퍼스,2026-05-14,목,승차,2404,217,197,,132,133
241,부산대양산캠퍼스,2026-05-14,목,하차,2113,182,309,,141,142
241,부산대양산캠퍼스,2026-05-15,금,승차,2299,233,210,,148,149
241,부산대양산캠퍼스,2026-05-15,금,하차,1887,161,246,,152,153
241,부산대양산캠퍼스,2026-05-16,토,승차,1420,90,107,,52,53
241,부산대양산캠퍼스,2026-05-16,토,하차,1126,35,52,,53,54
241,부산대양산캠퍼스,2026-05-17,일,승차,921,44,55,,37,38
241,부산대양산캠퍼스,2026-05-17,일,하차,886,17,28,,62,63
241,부산대양산캠퍼스,2026-05-18,월,승차,2389,213,195,,149,150
241,부산대양산캠퍼스,2026-05-18,월,하차,2176,191,309,,147,148
241,부산대양산캠퍼스,2026-05-19,화,승차,2457,249,197,,161,162
241,부산대양산캠퍼스,2026-05-19,화,하차,2164,211,312,,154,155
241,부산대양산캠퍼스,2026-05-20,수,승차,2106,204,179,,136,137
241,부산대양산캠퍼스,2026-05-20,수,하차,1955,179,299,,129,130
241,부산대양산캠퍼스,2026-05-21,목,승차,2258,228,198,,157,158
241,부산대양산캠퍼스,2026-05-21,목,하차,1989,166,297,,141,142
241,부산대양산캠퍼스,2026-05-22,금,승차,2428,221,196,,158,159
241,부산대양산캠퍼스,2026-05-22,금,하차,1990,166,257,,150,151
241,부산대양산캠퍼스,2026-05-23,토,승차,1424,91,98,,51,52
241,부산대양산캠퍼스,2026-05-23,토,하차,1158,27,49,,68,69
241,부산대양산캠퍼스,2026-05-24,일,승차,996,42,60,,49,50
241,부산대양산캠퍼스,2026-05-24,일,하차,876,30,19,,61,62
241,부산대양산캠퍼스,2026-05-25,월,승차,996,52,50,,49,50
241,부산대양산캠퍼스,2026-05-25,월,하차,955,21,38,,69,70
241,부산대양산캠퍼스,2026-05-26,화,승차,2333,232,200,,145,146
241,부산대양산캠퍼스,2026-05-26,화,하차,2121,170,305,,140,141
241,부산대양산캠퍼스,2026-05-27,수,승차,2290,232,210,,165,166
241,부산대양산캠퍼스,2026-05-27,수,하차,2038,161,314,,154,155
241,부산대양산캠퍼스,2026-05-28,목,승차,2332,231,197,,147,148
241,부산대양산캠퍼스,2026-05-28,목,하차,2111,180,283,,138,139
241,부산대양산캠퍼스,2026-05-29,금,승차,2284,223,183,,164,165
241,부산대양산캠퍼스,2026-05-29,금,하차,1994,184,254,,151,152
241,부산대양산캠퍼스,2026-05-30,토,승차,1364,86,116,,71,72
241,부산대양산캠퍼스,2026-05-30,토,하차,1082,32,45,,54,55
241,부산대양산캠퍼스,2026-05-31,일,승차,853,39,57,,48,49
241,부산대양산캠퍼스,2026-05-31,일,하차,832,15,37,,58,59
241,부산대양산캠퍼스,2026-06-01,월,승차,2390,206,199,,153,154
241,부산대양산캠퍼스,2026-06-01,월,하차,2185,179,334,,160,161
241,부산대양산캠퍼스,2026-06-02,화,승차,2200,206,177,,161,162
241,부산대양산캠퍼스,2026-06-02,화,하차,1870,141,300,,154,155
241,부산대양산캠퍼스,2026-06-03,수,승차,1049,53,79,,50,51
241,부산대양산캠퍼스,2026-06-03,수,하차,937,40,39,,53,54
241,부산대양산캠퍼스,2026-06-04,목,승차,2248,219,209,,161,162
241,부산대양산캠퍼스,2026-06-04,목,하차,1972,162,291,,122,123
241,부산대양산캠퍼스,2026-06-05,금,승차,2256,238,177,,166,167
241,부산대양산캠퍼스,2026-06-05,금,하차,1971,160,253,,129,130
241,부산대양산캠퍼스,2026-06-06,토,승차,1124,38,65,,47,48
241,부산대양산캠퍼스,2026-06-06,토,하차,917,35,36,,64,65
241,부산대양산캠퍼스,2026-06-07,일,승차,845,27,70,,28,29
241,부산대양산캠퍼스,2026-06-07,일,하차,810,19,22,,52,53
241,부산대양산캠퍼스,2026-06-08,월,승차,2235,202,187,,152,153
241,부산대양산캠퍼스,2026-06-08,월,하차,2052,162,315,,121,122
241,부산대양산캠퍼스,2026-06-09,화,승차,2344,234,189,,159,160
241,부산대양산캠퍼스,2026-06-09,화,하차,2163,181,274,,162,163
241,부산대양산캠퍼스,2026-06-10,수,승차,2414,208,173,,166,167
241,부산대양산캠퍼스,2026-06-10,수,하차,2193,144,310,,149,150
241,부산대양산캠퍼스,2026-06-11,목,승차,2271,221,170,,133,134
241,부산대양산캠퍼스,2026-06-11,목,하차,2001,176,274,,139,140
241,부산대양산캠퍼스,2026-06-12,금,승차,2205,199,159,,183,184
241,부산대양산캠퍼스,2026-06-12,금,하차,1910,143,261,,145,146
241,부산대양산캠퍼스,2026-06-13,토,승차,1313,77,111,,55,56
241,부산대양산캠퍼스,2026-06-13,토,하차,1078,28,52,,65,66
241,부산대양산캠퍼스,2026-06-14,일,승차,828,33,60,,36,37
241,부산대양산캠퍼스,2026-06-14,일,하차,738,24,23,,47,48
241,부산대양산캠퍼스,2026-06-15,월,승차,2299,217,185,,149,150
241,부산대양산캠퍼스,2026-06-15,월,하차,2168,170,302,,170,171
241,부산대양산캠퍼스,2026-06-16,화,승차,2390,218,202,,148,149
241,부산대양산캠퍼스,2026-06-16,화,하차,2092,171,312,,157,158
241,부산대양산캠퍼스,2026-06-17,수,승차,2274,227,218,,147,148
241,부산대양산캠퍼스,2026-06-17,수,하차,2042,167,279,,139,140
241,부산대양산캠퍼스,2026-06-18,목,승차,2296,227,198,,149,150
241,부산대양산캠퍼스,2026-06-18,목,하차,2000,162,280,,151,152
241,부산대양산캠퍼스,2026-06-19,금,승차,2250,210,182,,143,144
241,부산대양산캠퍼스,2026-06-19,금,하차,1981,152,262,,147,148
241,부산대양산캠퍼스,2026-06-20,토,승차,1206,64,78,,63,64
241,부산대양산캠퍼스,2026-06-20,토,하차,1024,23,44,,65,66
241,부산대양산캠퍼스,2026-06-21,일,승차,837,39,46,,52,53
241,부산대양산캠퍼스,2026-06-21,일,하차,821,21,49,,49,50
241,부산대양산캠퍼스,2026-06-22,월,승차,2310,219,184,,126,127
241,부산대양산캠퍼스,2026-06-22,월,하차,2091,180,316,,141,142
241,부산대양산캠퍼스,2026-06-23,화,승차,2279,211,172,,150,151
241,부산대양산캠퍼스,2026-06-23,화,하차,2065,157,285,,147,148
241,부산대양산캠퍼스,2026-06-24,수,승차,2166,206,171,,146,147
241,부산대양산캠퍼스,2026-06-24,수,하차,1949,150,268,,132,133
241,부산대양산캠퍼스,2026-06-25,목,승차,2249,236,171,,143,144
241,부산대양산캠퍼스,2026-06-25,목,하차,1977,164,268,,133,134
241,부산대양산캠퍼스,2026-06-26,금,승차,2161,202,142,,173,174
241,부산대양산캠퍼스,2026-06-26,금,하차,1869,141,251,,144,145
241,부산대양산캠퍼스,2026-06-27,토,승차,1341,77,93,,56,57
241,부산대양산캠퍼스,2026-06-27,토,하차,1098,24,43,,60,61
241,부산대양산캠퍼스,2026-06-28,일,승차,949,40,52,,43,44
241,부산대양산캠퍼스,2026-06-28,일,하차,867,14,29,,54,55
241,부산대양산캠퍼스,2026-06-29,월,승차,2222,209,176,,138,139
241,부산대양산캠퍼스,2026-06-29,월,하차,2060,158,268,,151,152
241,부산대양산캠퍼스,2026-06-30,화,승차,2241,225,176,,142,143
241,부산대양산캠퍼스,2026-06-30,화,하차,2019,162,264,,166,167
242,남양산,2026-01-01,목,승차,1787,63,66,,74,75
242,남양산,2026-01-01,목,하차,1785,49,50,,118,119
242,남양산,2026-01-02,금,승차,3056,347,296,,210,211
242,남양산,2026-01-02,금,하차,2972,89,161,,341,342
242,남양산,2026-01-03,토,승차,2797,137,204,,125,126
242,남양산,2026-01-03,토,하차,2671,54,73,,182,183
242,남양산,2026-01-04,일,승차,2118,63,105,,70,71
242,남양산,2026-01-04,일,하차,2064,35,43,,176,177
242,남양산,2026-01-05,월,승차,3292,447,387,,183,184
242,남양산,2026-01-05,월,하차,3253,93,170,,353,354
242,남양산,2026-01-06,화,승차,3287,398,418,,186,187
242,남양산,2026-01-06,화,하차,3225,98,180,,403,404
242,남양산,2026-01-07,수,승차,3398,456,377,,184,185
242,남양산,2026-01-07,수,하차,3280,82,197,,387,388
242,남양산,2026-01-08,목,승차,3268,428,370,,184,185
242,남양산,2026-01-08,목,하차,3140,92,165,,404,405
242,남양산,2026-01-09,금,승차,3409,420,357,,231,232
242,남양산,2026-01-09,금,하차,3372,95,161,,425,426
242,남양산,2026-01-10,토,승차,3068,167,213,,104,105
242,남양산,2026-01-10,토,하차,2940,65,74,,191,192
242,남양산,2026-01-11,일,승차,2060,83,121,,59,60
242,남양산,2026-01-11,일,하차,2067,27,35,,189,190
242,남양산,2026-01-12,월,승차,3172,420,391,,159,160
242,남양산,2026-01-12,월,하차,3158,85,169,,413,414
242,남양산,2026-01-13,화,승차,3544,419,416,,186,187
242,남양산,2026-01-13,화,하차,3387,88,168,,362,363
242,남양산,2026-01-14,수,승차,3337,447,363,,202,203
242,남양산,2026-01-14,수,하차,3304,104,174,,390,391
242,남양산,2026-01-15,목,승차,3421,423,371,,194,195
242,남양산,2026-01-15,목,하차,3354,91,196,,395,396
242,남양산,2026-01-16,금,승차,3601,432,373,,254,255
242,남양산,2026-01-16,금,하차,3512,104,169,,429,430
242,남양산,2026-01-17,토,승차,3368,142,212,,132,133
242,남양산,2026-01-17,토,하차,3212,63,74,,224,225
242,남양산,2026-01-18,일,승차,2414,69,117,,101,102
242,남양산,2026-01-18,일,하차,2427,29,56,,201,202
242,남양산,2026-01-19,월,승차,3255,429,398,,181,182
242,남양산,2026-01-19,월,하차,3251,102,171,,384,385
242,남양산,2026-01-20,화,승차,3433,474,389,,176,177
242,남양산,2026-01-20,화,하차,3309,104,165,,409,410
242,남양산,2026-01-21,수,승차,3191,414,370,,176,177
242,남양산,2026-01-21,수,하차,3060,114,156,,382,383
242,남양산,2026-01-22,목,승차,3050,423,340,,150,151
242,남양산,2026-01-22,목,하차,2926,71,180,,377,378
242,남양산,2026-01-23,금,승차,3440,434,370,,201,202
242,남양산,2026-01-23,금,하차,3328,106,148,,396,397
242,남양산,2026-01-24,토,승차,3019,164,184,,107,108
242,남양산,2026-01-24,토,하차,2823,63,74,,228,229
242,남양산,2026-01-25,일,승차,2092,70,108,,66,67
242,남양산,2026-01-25,일,하차,2115,26,38,,187,188
242,남양산,2026-01-26,월,승차,3169,410,358,,175,176
242,남양산,2026-01-26,월,하차,3173,85,183,,353,354
242,남양산,2026-01-27,화,승차,3249,384,437,,148,149
242,남양산,2026-01-27,화,하차,3186,96,180,,376,377
242,남양산,2026-01-28,수,승차,3414,468,365,,186,187
242,남양산,2026-01-28,수,하차,3281,98,179,,407,408
242,남양산,2026-01-29,목,승차,3368,455,333,,191,192
242,남양산,2026-01-29,목,하차,3200,97,175,,369,370
242,남양산,2026-01-30,금,승차,3406,438,363,,215,216
242,남양산,2026-01-30,금,하차,3321,105,173,,394,395
242,남양산,2026-01-31,토,승차,3106,177,186,,110,111
242,남양산,2026-01-31,토,하차,2920,70,64,,214,215
242,남양산,2026-02-01,일,승차,2084,86,108,,58,59
242,남양산,2026-02-01,일,하차,2156,31,36,,202,203
242,남양산,2026-02-02,월,승차,3267,451,397,,179,180
242,남양산,2026-02-02,월,하차,3126,94,174,,419,420
242,남양산,2026-02-03,화,승차,3424,417,418,,194,195
242,남양산,2026-02-03,화,하차,3306,113,172,,386,387
242,남양산,2026-02-04,수,승차,3410,451,430,,203,204
242,남양산,2026-02-04,수,하차,3250,112,178,,405,406
242,남양산,2026-02-05,목,승차,3434,456,401,,175,176
242,남양산,2026-02-05,목,하차,3381,95,177,,417,418
242,남양산,2026-02-06,금,승차,3570,462,377,,213,214
242,남양산,2026-02-06,금,하차,3432,104,159,,387,388
242,남양산,2026-02-07,토,승차,3117,189,219,,99,100
242,남양산,2026-02-07,토,하차,2895,74,65,,214,215
242,남양산,2026-02-08,일,승차,2057,74,138,,43,44
242,남양산,2026-02-08,일,하차,2105,36,36,,166,167
242,남양산,2026-02-09,월,승차,3244,453,407,,174,175
242,남양산,2026-02-09,월,하차,3148,90,170,,383,384
242,남양산,2026-02-10,화,승차,3302,422,380,,167,168
242,남양산,2026-02-10,화,하차,3210,97,173,,372,373
242,남양산,2026-02-11,수,승차,3471,426,370,,200,201
242,남양산,2026-02-11,수,하차,3369,87,175,,393,394
242,남양산,2026-02-12,목,승차,3493,423,410,,196,197
242,남양산,2026-02-12,목,하차,3389,86,152,,412,413
242,남양산,2026-02-13,금,승차,3787,450,382,,233,234
242,남양산,2026-02-13,금,하차,3633,111,167,,340,341
242,남양산,2026-02-14,토,승차,3120,172,203,,152,153
242,남양산,2026-02-14,토,하차,3001,62,80,,192,193
242,남양산,2026-02-15,일,승차,2372,61,114,,115,116
242,남양산,2026-02-15,일,하차,2377,36,54,,165,166
242,남양산,2026-02-16,월,승차,1780,52,71,,88,89
242,남양산,2026-02-16,월,하차,1723,38,50,,129,130
242,남양산,2026-02-17,화,승차,1561,53,64,,77,78
242,남양산,2026-02-17,화,하차,1524,29,66,,97,98
242,남양산,2026-02-18,수,승차,2019,37,74,,84,85
242,남양산,2026-02-18,수,하차,1895,28,38,,140,141
242,남양산,2026-02-19,목,승차,3289,411,345,,210,211
242,남양산,2026-02-19,목,하차,3245,98,145,,393,394
242,남양산,2026-02-20,금,승차,3566,373,386,,207,208
242,남양산,2026-02-20,금,하차,3469,96,139,,374,375
242,남양산,2026-02-21,토,승차,3398,164,238,,118,119
242,남양산,2026-02-21,토,하차,3248,65,90,,217,218
242,남양산,2026-02-22,일,승차,2539,91,123,,104,105
242,남양산,2026-02-22,일,하차,2500,33,43,,204,205
242,남양산,2026-02-23,월,승차,3511,435,395,,189,190
242,남양산,2026-02-23,월,하차,3486,89,180,,442,443
242,남양산,2026-02-24,화,승차,2963,409,455,,127,128
242,남양산,2026-02-24,화,하차,2868,106,178,,298,299
242,남양산,2026-02-25,수,승차,3395,470,421,,183,184
242,남양산,2026-02-25,수,하차,3340,97,192,,348,349
242,남양산,2026-02-26,목,승차,3505,470,402,,159,160
242,남양산,2026-02-26,목,하차,3298,88,185,,367,368
242,남양산,2026-02-27,금,승차,3390,399,358,,213,214
242,남양산,2026-02-27,금,하차,3210,85,177,,379,380
242,남양산,2026-02-28,토,승차,3398,163,247,,101,102
242,남양산,2026-02-28,토,하차,3131,75,94,,185,186
242,남양산,2026-03-01,일,승차,2513,87,161,,101,102
242,남양산,2026-03-01,일,하차,2330,32,59,,182,183
242,남양산,2026-03-02,월,승차,1756,97,122,,80,81
242,남양산,2026-03-02,월,하차,1637,29,63,,136,137
242,남양산,2026-03-03,화,승차,3396,554,481,,181,182
242,남양산,2026-03-03,화,하차,3358,100,186,,412,413
242,남양산,2026-03-04,수,승차,3586,523,494,,170,171
242,남양산,2026-03-04,수,하차,3520,106,206,,433,434
242,남양산,2026-03-05,목,승차,3610,585,481,,177,178
242,남양산,2026-03-05,목,하차,3607,114,202,,414,415
242,남양산,2026-03-06,금,승차,3525,493,421,,220,221
242,남양산,2026-03-06,금,하차,3543,123,182,,378,379
242,남양산,2026-03-07,토,승차,3328,198,215,,132,133
242,남양산,2026-03-07,토,하차,3150,76,86,,229,230
242,남양산,2026-03-08,일,승차,2451,88,141,,83,84
242,남양산,2026-03-08,일,하차,2448,32,58,,214,215
242,남양산,2026-03-09,월,승차,3547,531,480,,193,194
242,남양산,2026-03-09,월,하차,3477,117,203,,421,422
242,남양산,2026-03-10,화,승차,3709,580,518,,190,191
242,남양산,2026-03-10,화,하차,3686,101,199,,425,426
242,남양산,2026-03-11,수,승차,3714,524,524,,202,203
242,남양산,2026-03-11,수,하차,3657,123,194,,478,479
242,남양산,2026-03-12,목,승차,3699,558,506,,198,199
242,남양산,2026-03-12,목,하차,3534,79,197,,427,428
242,남양산,2026-03-13,금,승차,3758,553,449,,235,236
242,남양산,2026-03-13,금,하차,3655,107,201,,443,444
242,남양산,2026-03-14,토,승차,3631,169,242,,163,164
242,남양산,2026-03-14,토,하차,3413,69,97,,244,245
242,남양산,2026-03-15,일,승차,2490,66,145,,94,95
242,남양산,2026-03-15,일,하차,2415,41,50,,223,224
242,남양산,2026-03-16,월,승차,3521,540,481,,189,190
242,남양산,2026-03-16,월,하차,3451,102,200,,449,450
242,남양산,2026-03-17,화,승차,3764,591,512,,175,176
242,남양산,2026-03-17,화,하차,3680,99,178,,394,395
242,남양산,2026-03-18,수,승차,3321,523,474,,197,198
242,남양산,2026-03-18,수,하차,3276,78,198,,432,433
242,남양산,2026-03-19,목,승차,3765,568,498,,183,184
242,남양산,2026-03-19,목,하차,3595,97,220,,459,460
242,남양산,2026-03-20,금,승차,3975,544,443,,262,263
242,남양산,2026-03-20,금,하차,3794,117,196,,432,433
242,남양산,2026-03-21,토,승차,3737,197,235,,143,144
242,남양산,2026-03-21,토,하차,3560,65,86,,244,245
242,남양산,2026-03-22,일,승차,2739,112,145,,103,104
242,남양산,2026-03-22,일,하차,2676,49,74,,238,239
242,남양산,2026-03-23,월,승차,3755,563,519,,206,207
242,남양산,2026-03-23,월,하차,3669,85,207,,490,491
242,남양산,2026-03-24,화,승차,3658,535,517,,195,196
242,남양산,2026-03-24,화,하차,3585,91,182,,449,450
242,남양산,2026-03-25,수,승차,3606,578,481,,186,187
242,남양산,2026-03-25,수,하차,3522,99,207,,404,405
242,남양산,2026-03-26,목,승차,3777,574,493,,184,185
242,남양산,2026-03-26,목,하차,3673,102,193,,449,450
242,남양산,2026-03-27,금,승차,3910,503,463,,249,250
242,남양산,2026-03-27,금,하차,3909,113,195,,451,452
242,남양산,2026-03-28,토,승차,3817,206,261,,159,160
242,남양산,2026-03-28,토,하차,3645,73,99,,242,243
242,남양산,2026-03-29,일,승차,2496,85,145,,102,103
242,남양산,2026-03-29,일,하차,2539,36,60,,209,210
242,남양산,2026-03-30,월,승차,3535,538,493,,165,166
242,남양산,2026-03-30,월,하차,3470,89,222,,445,446
242,남양산,2026-03-31,화,승차,3717,504,541,,219,220
242,남양산,2026-03-31,화,하차,3564,108,184,,449,450
242,남양산,2026-04-01,수,승차,3637,535,490,,193,194
242,남양산,2026-04-01,수,하차,3560,122,206,,475,476
242,남양산,2026-04-02,목,승차,3840,560,498,,191,192
242,남양산,2026-04-02,목,하차,3714,120,194,,418,419
242,남양산,2026-04-03,금,승차,4066,537,476,,227,228
242,남양산,2026-04-03,금,하차,3995,121,216,,461,462
242,남양산,2026-04-04,토,승차,2921,169,163,,128,129
242,남양산,2026-04-04,토,하차,2833,51,79,,202,203
242,남양산,2026-04-05,일,승차,2672,100,147,,112,113
242,남양산,2026-04-05,일,하차,2609,41,70,,263,264
242,남양산,2026-04-06,월,승차,3459,510,498,,187,188
242,남양산,2026-04-06,월,하차,3423,94,225,,437,438
242,남양산,2026-04-07,화,승차,3843,533,552,,227,228
242,남양산,2026-04-07,화,하차,3686,93,224,,485,486
242,남양산,2026-04-08,수,승차,3976,510,501,,219,220
242,남양산,2026-04-08,수,하차,3934,118,239,,489,490
242,남양산,2026-04-09,목,승차,3186,549,466,,156,157
242,남양산,2026-04-09,목,하차,3119,108,196,,395,396
242,남양산,2026-04-10,금,승차,3936,530,485,,254,255
242,남양산,2026-04-10,금,하차,3886,121,200,,468,469
242,남양산,2026-04-11,토,승차,3521,208,274,,120,121
242,남양산,2026-04-11,토,하차,3419,81,93,,246,247
242,남양산,2026-04-12,일,승차,2492,82,155,,113,114
242,남양산,2026-04-12,일,하차,2381,44,65,,210,211
242,남양산,2026-04-13,월,승차,3734,514,533,,223,224
242,남양산,2026-04-13,월,하차,3636,94,248,,425,426
242,남양산,2026-04-14,화,승차,3828,593,541,,195,196
242,남양산,2026-04-14,화,하차,3730,130,224,,458,459
242,남양산,2026-04-15,수,승차,3739,566,501,,184,185
242,남양산,2026-04-15,수,하차,3707,142,231,,455,456
242,남양산,2026-04-16,목,승차,3797,559,482,,214,215
242,남양산,2026-04-16,목,하차,3677,123,211,,443,444
242,남양산,2026-04-17,금,승차,3633,523,465,,208,209
242,남양산,2026-04-17,금,하차,3535,136,182,,428,429
242,남양산,2026-04-18,토,승차,3579,204,283,,134,135
242,남양산,2026-04-18,토,하차,3397,78,86,,213,214
242,남양산,2026-04-19,일,승차,2533,93,182,,91,92
242,남양산,2026-04-19,일,하차,2472,39,68,,213,214
242,남양산,2026-04-20,월,승차,3585,520,522,,186,187
242,남양산,2026-04-20,월,하차,3537,113,230,,412,413
242,남양산,2026-04-21,화,승차,3787,529,575,,207,208
242,남양산,2026-04-21,화,하차,3731,118,203,,434,435
242,남양산,2026-04-22,수,승차,3609,580,471,,165,166
242,남양산,2026-04-22,수,하차,3543,117,206,,412,413
242,남양산,2026-04-23,목,승차,3740,559,447,,200,201
242,남양산,2026-04-23,목,하차,3740,113,197,,440,441
242,남양산,2026-04-24,금,승차,4070,485,474,,256,257
242,남양산,2026-04-24,금,하차,4004,124,236,,464,465
242,남양산,2026-04-25,토,승차,3548,227,241,,133,134
242,남양산,2026-04-25,토,하차,3416,78,98,,229,230
242,남양산,2026-04-26,일,승차,2566,104,160,,118,119
242,남양산,2026-04-26,일,하차,2577,46,74,,225,226
242,남양산,2026-04-27,월,승차,3760,572,494,,198,199
242,남양산,2026-04-27,월,하차,3717,121,241,,464,465
242,남양산,2026-04-28,화,승차,4111,571,575,,211,212
242,남양산,2026-04-28,화,하차,4007,117,249,,477,478
242,남양산,2026-04-29,수,승차,4158,617,477,,186,187
242,남양산,2026-04-29,수,하차,4003,138,206,,397,398
242,남양산,2026-04-30,목,승차,4283,574,520,,245,246
242,남양산,2026-04-30,목,하차,4214,138,222,,447,448
242,남양산,2026-05-01,금,승차,3145,172,189,,103,104
242,남양산,2026-05-01,금,하차,3028,57,80,,245,246
242,남양산,2026-05-02,토,승차,3482,177,234,,149,150
242,남양산,2026-05-02,토,하차,3317,76,89,,217,218
242,남양산,2026-05-03,일,승차,2040,79,117,,92,93
242,남양산,2026-05-03,일,하차,1972,39,49,,174,175
242,남양산,2026-05-04,월,승차,3814,458,436,,229,230
242,남양산,2026-05-04,월,하차,3731,97,177,,423,424
242,남양산,2026-05-05,화,승차,2940,108,213,,111,112
242,남양산,2026-05-05,화,하차,2787,55,72,,219,220
242,남양산,2026-05-06,수,승차,3828,588,498,,221,222
242,남양산,2026-05-06,수,하차,3754,124,249,,456,457
242,남양산,2026-05-07,목,승차,3878,551,603,,193,194
242,남양산,2026-05-07,목,하차,3828,125,218,,468,469
242,남양산,2026-05-08,금,승차,4068,587,504,,237,238
242,남양산,2026-05-08,금,하차,3984,125,224,,452,453
242,남양산,2026-05-09,토,승차,3756,203,289,,140,141
242,남양산,2026-05-09,토,하차,3596,81,92,,262,263
242,남양산,2026-05-10,일,승차,2850,100,154,,84,85
242,남양산,2026-05-10,일,하차,2668,39,52,,275,276
242,남양산,2026-05-11,월,승차,3938,557,528,,209,210
242,남양산,2026-05-11,월,하차,3814,122,228,,489,490
242,남양산,2026-05-12,화,승차,3800,584,509,,187,188
242,남양산,2026-05-12,화,하차,3734,110,231,,450,451
242,남양산,2026-05-13,수,승차,4078,567,489,,212,213
242,남양산,2026-05-13,수,하차,3952,138,247,,430,431
242,남양산,2026-05-14,목,승차,3826,577,503,,199,200
242,남양산,2026-05-14,목,하차,3768,120,218,,452,453
242,남양산,2026-05-15,금,승차,4015,500,433,,268,269
242,남양산,2026-05-15,금,하차,3903,124,213,,444,445
242,남양산,2026-05-16,토,승차,3650,209,264,,120,121
242,남양산,2026-05-16,토,하차,3472,91,87,,255,256
242,남양산,2026-05-17,일,승차,2679,95,210,,107,108
242,남양산,2026-05-17,일,하차,2659,63,69,,225,226
242,남양산,2026-05-18,월,승차,3672,522,526,,205,206
242,남양산,2026-05-18,월,하차,3593,114,228,,475,476
242,남양산,2026-05-19,화,승차,3720,615,477,,208,209
242,남양산,2026-05-19,화,하차,3729,114,231,,423,424
242,남양산,2026-05-20,수,승차,3260,504,490,,171,172
242,남양산,2026-05-20,수,하차,3129,111,230,,418,419
242,남양산,2026-05-21,목,승차,3571,563,450,,196,197
242,남양산,2026-05-21,목,하차,3581,108,229,,426,427
242,남양산,2026-05-22,금,승차,4034,552,446,,260,261
242,남양산,2026-05-22,금,하차,3994,143,222,,436,437
242,남양산,2026-05-23,토,승차,3599,219,257,,149,150
242,남양산,2026-05-23,토,하차,3475,99,102,,238,239
242,남양산,2026-05-24,일,승차,2729,112,149,,125,126
242,남양산,2026-05-24,일,하차,2692,45,81,,195,196
242,남양산,2026-05-25,월,승차,2804,127,184,,121,122
242,남양산,2026-05-25,월,하차,2694,45,88,,264,265
242,남양산,2026-05-26,화,승차,3597,516,492,,168,169
242,남양산,2026-05-26,화,하차,3617,106,221,,489,490
242,남양산,2026-05-27,수,승차,3429,486,508,,192,193
242,남양산,2026-05-27,수,하차,3406,104,197,,466,467
242,남양산,2026-05-28,목,승차,3936,579,470,,228,229
242,남양산,2026-05-28,목,하차,3811,127,234,,438,439
242,남양산,2026-05-29,금,승차,3780,550,452,,203,204
242,남양산,2026-05-29,금,하차,3831,140,206,,451,452
242,남양산,2026-05-30,토,승차,3385,216,250,,167,168
242,남양산,2026-05-30,토,하차,3267,81,114,,229,230
242,남양산,2026-05-31,일,승차,2400,66,167,,105,106
242,남양산,2026-05-31,일,하차,2314,48,83,,203,204
242,남양산,2026-06-01,월,승차,3532,516,522,,190,191
242,남양산,2026-06-01,월,하차,3533,114,249,,461,462
242,남양산,2026-06-02,화,승차,3444,514,519,,238,239
242,남양산,2026-06-02,화,하차,3314,86,234,,455,456
242,남양산,2026-06-03,수,승차,2706,135,173,,116,117
242,남양산,2026-06-03,수,하차,2828,58,75,,203,204
242,남양산,2026-06-04,목,승차,3721,494,527,,205,206
242,남양산,2026-06-04,목,하차,3635,128,215,,484,485
242,남양산,2026-06-05,금,승차,3885,496,505,,224,225
242,남양산,2026-06-05,금,하차,3775,138,215,,418,419
242,남양산,2026-06-06,토,승차,3158,162,177,,155,156
242,남양산,2026-06-06,토,하차,3054,57,77,,212,213
242,남양산,2026-06-07,일,승차,2346,77,147,,84,85
242,남양산,2026-06-07,일,하차,2209,44,57,,157,158
242,남양산,2026-06-08,월,승차,3417,493,479,,191,192
242,남양산,2026-06-08,월,하차,3365,90,239,,433,434
242,남양산,2026-06-09,화,승차,3676,556,495,,196,197
242,남양산,2026-06-09,화,하차,3701,119,229,,497,498
242,남양산,2026-06-10,수,승차,3742,499,469,,203,204
242,남양산,2026-06-10,수,하차,3774,122,230,,470,471
242,남양산,2026-06-11,목,승차,3672,511,422,,193,194
242,남양산,2026-06-11,목,하차,3621,143,246,,443,444
242,남양산,2026-06-12,금,승차,3788,518,441,,218,219
242,남양산,2026-06-12,금,하차,3668,121,219,,441,442
242,남양산,2026-06-13,토,승차,3702,204,264,,177,178
242,남양산,2026-06-13,토,하차,3341,88,101,,253,254
242,남양산,2026-06-14,일,승차,2392,81,144,,109,110
242,남양산,2026-06-14,일,하차,2263,37,59,,173,174
242,남양산,2026-06-15,월,승차,3467,525,478,,228,229
242,남양산,2026-06-15,월,하차,3426,119,227,,440,441
242,남양산,2026-06-16,화,승차,3548,546,439,,200,201
242,남양산,2026-06-16,화,하차,3522,113,219,,426,427
242,남양산,2026-06-17,수,승차,3730,555,522,,200,201
242,남양산,2026-06-17,수,하차,3642,124,224,,440,441
242,남양산,2026-06-18,목,승차,3757,539,459,,208,209
242,남양산,2026-06-18,목,하차,3642,127,228,,426,427
242,남양산,2026-06-19,금,승차,3542,482,406,,214,215
242,남양산,2026-06-19,금,하차,3483,127,210,,420,421
242,남양산,2026-06-20,토,승차,2804,181,149,,120,121
242,남양산,2026-06-20,토,하차,2631,68,74,,196,197
242,남양산,2026-06-21,일,승차,2358,94,138,,81,82
242,남양산,2026-06-21,일,하차,2356,48,61,,195,196
242,남양산,2026-06-22,월,승차,3486,483,438,,196,197
242,남양산,2026-06-22,월,하차,3387,113,211,,426,427
242,남양산,2026-06-23,화,승차,3674,552,395,,204,205
242,남양산,2026-06-23,화,하차,3509,112,211,,413,414
242,남양산,2026-06-24,수,승차,3479,515,394,,205,206
242,남양산,2026-06-24,수,하차,3338,114,218,,409,410
242,남양산,2026-06-25,목,승차,3511,449,408,,208,209
242,남양산,2026-06-25,목,하차,3420,119,220,,409,410
242,남양산,2026-06-26,금,승차,3880,480,414,,235,236
242,남양산,2026-06-26,금,하차,3760,132,233,,452,453
242,남양산,2026-06-27,토,승차,3612,222,235,,144,145
242,남양산,2026-06-27,토,하차,3367,80,88,,218,219
242,남양산,2026-06-28,일,승차,2543,85,157,,90,91
242,남양산,2026-06-28,일,하차,2492,44,49,,191,192
242,남양산,2026-06-29,월,승차,3453,473,393,,203,204
242,남양산,2026-06-29,월,하차,3388,110,209,,435,436
242,남양산,2026-06-30,화,승차,3479,533,400,,212,213
242,남양산,2026-06-30,화,하차,3508,116,225,,424,425
243,양산,2026-01-01,목,승차,3662,121,115,,183,184
243,양산,2026-01-01,목,하차,3832,88,170,,196,197
243,양산,2026-01-02,금,승차,5222,384,423,,344,345
243,양산,2026-01-02,금,하차,5224,207,334,,446,447
243,양산,2026-01-03,토,승차,4917,206,227,,253,254
243,양산,2026-01-03,토,하차,4959,114,232,,334,335
243,양산,2026-01-04,일,승차,4000,95,178,,177,178
243,양산,2026-01-04,일,하차,4015,69,116,,247,248
243,양산,2026-01-05,월,승차,5572,458,506,,442,443
243,양산,2026-01-05,월,하차,5479,274,385,,536,537
243,양산,2026-01-06,화,승차,5791,448,553,,443,444
243,양산,2026-01-06,화,하차,5710,299,412,,514,515
243,양산,2026-01-07,수,승차,5777,485,550,,388,389
243,양산,2026-01-07,수,하차,5715,303,381,,507,508
243,양산,2026-01-08,목,승차,5609,436,489,,432,433
243,양산,2026-01-08,목,하차,5561,320,395,,492,493
243,양산,2026-01-09,금,승차,5756,447,461,,477,478
243,양산,2026-01-09,금,하차,5717,264,390,,510,511
243,양산,2026-01-10,토,승차,5584,231,316,,269,270
243,양산,2026-01-10,토,하차,5556,136,255,,375,376
243,양산,2026-01-11,일,승차,3815,98,202,,161,162
243,양산,2026-01-11,일,하차,3905,71,115,,225,226
243,양산,2026-01-12,월,승차,5593,490,489,,443,444
243,양산,2026-01-12,월,하차,5286,240,376,,467,468
243,양산,2026-01-13,화,승차,5671,454,487,,458,459
243,양산,2026-01-13,화,하차,5598,274,395,,494,495
243,양산,2026-01-14,수,승차,5768,469,495,,491,492
243,양산,2026-01-14,수,하차,5636,295,378,,501,502
243,양산,2026-01-15,목,승차,5775,470,484,,420,421
243,양산,2026-01-15,목,하차,5688,293,377,,482,483
243,양산,2026-01-16,금,승차,6090,455,484,,513,514
243,양산,2026-01-16,금,하차,6096,272,394,,528,529
243,양산,2026-01-17,토,승차,5747,225,262,,268,269
243,양산,2026-01-17,토,하차,5753,131,228,,391,392
243,양산,2026-01-18,일,승차,4456,86,195,,223,224
243,양산,2026-01-18,일,하차,4412,91,109,,257,258
243,양산,2026-01-19,월,승차,5681,448,514,,449,450
243,양산,2026-01-19,월,하차,5561,268,400,,470,471
243,양산,2026-01-20,화,승차,5645,480,505,,464,465
243,양산,2026-01-20,화,하차,5541,280,400,,440,441
243,양산,2026-01-21,수,승차,5238,468,478,,409,410
243,양산,2026-01-21,수,하차,5220,275,368,,453,454
243,양산,2026-01-22,목,승차,5081,441,479,,361,362
243,양산,2026-01-22,목,하차,5140,268,362,,466,467
243,양산,2026-01-23,금,승차,5600,470,452,,436,437
243,양산,2026-01-23,금,하차,5587,252,365,,523,524
243,양산,2026-01-24,토,승차,5291,199,295,,251,252
243,양산,2026-01-24,토,하차,5343,124,235,,310,311
243,양산,2026-01-25,일,승차,3913,99,187,,152,153
243,양산,2026-01-25,일,하차,3894,59,92,,278,279
243,양산,2026-01-26,월,승차,5474,443,454,,397,398
243,양산,2026-01-26,월,하차,5396,249,363,,453,454
243,양산,2026-01-27,화,승차,5568,459,488,,400,401
243,양산,2026-01-27,화,하차,5447,276,397,,480,481
243,양산,2026-01-28,수,승차,5661,478,454,,411,412
243,양산,2026-01-28,수,하차,5607,309,363,,484,485
243,양산,2026-01-29,목,승차,5493,454,477,,411,412
243,양산,2026-01-29,목,하차,5363,274,380,,482,483
243,양산,2026-01-30,금,승차,5685,463,470,,486,487
243,양산,2026-01-30,금,하차,5625,328,384,,467,468
243,양산,2026-01-31,토,승차,5262,214,221,,264,265
243,양산,2026-01-31,토,하차,5249,127,249,,348,349
243,양산,2026-02-01,일,승차,4058,124,199,,190,191
243,양산,2026-02-01,일,하차,4065,72,118,,247,248
243,양산,2026-02-02,월,승차,5444,475,491,,406,407
243,양산,2026-02-02,월,하차,5314,267,361,,493,494
243,양산,2026-02-03,화,승차,5619,461,488,,398,399
243,양산,2026-02-03,화,하차,5557,295,448,,502,503
243,양산,2026-02-04,수,승차,5807,485,498,,415,416
243,양산,2026-02-04,수,하차,5705,301,438,,494,495
243,양산,2026-02-05,목,승차,5895,485,471,,427,428
243,양산,2026-02-05,목,하차,5804,302,445,,563,564
243,양산,2026-02-06,금,승차,5895,452,481,,427,428
243,양산,2026-02-06,금,하차,5875,287,417,,530,531
243,양산,2026-02-07,토,승차,5514,221,298,,265,266
243,양산,2026-02-07,토,하차,5497,145,274,,307,308
243,양산,2026-02-08,일,승차,3722,127,190,,164,165
243,양산,2026-02-08,일,하차,3746,66,102,,244,245
243,양산,2026-02-09,월,승차,5632,461,472,,406,407
243,양산,2026-02-09,월,하차,5499,269,430,,483,484
243,양산,2026-02-10,화,승차,5443,482,484,,379,380
243,양산,2026-02-10,화,하차,5344,291,379,,482,483
243,양산,2026-02-11,수,승차,6041,482,467,,393,394
243,양산,2026-02-11,수,하차,5967,304,416,,546,547
243,양산,2026-02-12,목,승차,5873,505,484,,459,460
243,양산,2026-02-12,목,하차,5745,290,402,,510,511
243,양산,2026-02-13,금,승차,6132,473,496,,428,429
243,양산,2026-02-13,금,하차,6131,277,411,,516,517
243,양산,2026-02-14,토,승차,5316,211,280,,265,266
243,양산,2026-02-14,토,하차,5390,134,229,,353,354
243,양산,2026-02-15,일,승차,4516,106,164,,244,245
243,양산,2026-02-15,일,하차,4505,86,107,,261,262
243,양산,2026-02-16,월,승차,3606,97,124,,209,210
243,양산,2026-02-16,월,하차,3712,63,142,,255,256
243,양산,2026-02-17,화,승차,3193,92,110,,194,195
243,양산,2026-02-17,화,하차,3200,65,106,,192,193
243,양산,2026-02-18,수,승차,4085,96,130,,221,222
243,양산,2026-02-18,수,하차,4130,84,140,,228,229
243,양산,2026-02-19,목,승차,5845,505,463,,373,374
243,양산,2026-02-19,목,하차,5672,237,394,,513,514
243,양산,2026-02-20,금,승차,6030,480,466,,458,459
243,양산,2026-02-20,금,하차,6092,238,396,,561,562
243,양산,2026-02-21,토,승차,6076,233,307,,273,274
243,양산,2026-02-21,토,하차,6011,121,252,,437,438
243,양산,2026-02-22,일,승차,4360,109,198,,197,198
243,양산,2026-02-22,일,하차,4330,58,106,,308,309
243,양산,2026-02-23,월,승차,6105,487,503,,438,439
243,양산,2026-02-23,월,하차,5931,268,456,,545,546
243,양산,2026-02-24,화,승차,5087,507,481,,395,396
243,양산,2026-02-24,화,하차,5013,288,411,,440,441
243,양산,2026-02-25,수,승차,5985,538,503,,460,461
243,양산,2026-02-25,수,하차,5896,300,429,,497,498
243,양산,2026-02-26,목,승차,5760,491,463,,395,396
243,양산,2026-02-26,목,하차,5815,308,426,,500,501
243,양산,2026-02-27,금,승차,5700,449,456,,436,437
243,양산,2026-02-27,금,하차,5727,270,364,,537,538
243,양산,2026-02-28,토,승차,5780,233,305,,239,240
243,양산,2026-02-28,토,하차,5889,124,255,,359,360
243,양산,2026-03-01,일,승차,4531,114,225,,235,236
243,양산,2026-03-01,일,하차,4549,79,162,,306,307
243,양산,2026-03-02,월,승차,3540,147,190,,156,157
243,양산,2026-03-02,월,하차,3603,78,173,,203,204
243,양산,2026-03-03,화,승차,6204,640,698,,425,426
243,양산,2026-03-03,화,하차,5967,307,483,,547,548
243,양산,2026-03-04,수,승차,6122,603,621,,447,448
243,양산,2026-03-04,수,하차,5963,298,440,,553,554
243,양산,2026-03-05,목,승차,6190,588,659,,432,433
243,양산,2026-03-05,목,하차,6057,329,459,,534,535
243,양산,2026-03-06,금,승차,6376,571,599,,465,466
243,양산,2026-03-06,금,하차,6240,296,432,,557,558
243,양산,2026-03-07,토,승차,6067,234,353,,333,334
243,양산,2026-03-07,토,하차,6062,137,291,,401,402
243,양산,2026-03-08,일,승차,4322,132,216,,211,212
243,양산,2026-03-08,일,하차,4382,67,113,,281,282
243,양산,2026-03-09,월,승차,6472,605,682,,458,459
243,양산,2026-03-09,월,하차,6223,291,486,,542,543
243,양산,2026-03-10,화,승차,6555,604,685,,490,491
243,양산,2026-03-10,화,하차,6371,312,509,,567,568
243,양산,2026-03-11,수,승차,6438,603,734,,442,443
243,양산,2026-03-11,수,하차,6254,328,484,,592,593
243,양산,2026-03-12,목,승차,6282,601,688,,412,413
243,양산,2026-03-12,목,하차,6152,325,479,,561,562
243,양산,2026-03-13,금,승차,6263,557,604,,445,446
243,양산,2026-03-13,금,하차,6280,304,481,,540,541
243,양산,2026-03-14,토,승차,6157,277,379,,338,339
243,양산,2026-03-14,토,하차,6118,148,279,,421,422
243,양산,2026-03-15,일,승차,4457,140,227,,218,219
243,양산,2026-03-15,일,하차,4444,69,145,,343,344
243,양산,2026-03-16,월,승차,6236,583,619,,459,460
243,양산,2026-03-16,월,하차,6137,297,451,,574,575
243,양산,2026-03-17,화,승차,6584,607,726,,471,472
243,양산,2026-03-17,화,하차,6255,302,488,,569,570
243,양산,2026-03-18,수,승차,5640,586,656,,379,380
243,양산,2026-03-18,수,하차,5513,324,425,,571,572
243,양산,2026-03-19,목,승차,6464,568,659,,443,444
243,양산,2026-03-19,목,하차,6377,311,499,,562,563
243,양산,2026-03-20,금,승차,6570,555,605,,484,485
243,양산,2026-03-20,금,하차,6558,304,448,,591,592
243,양산,2026-03-21,토,승차,6317,264,328,,335,336
243,양산,2026-03-21,토,하차,6330,155,299,,415,416
243,양산,2026-03-22,일,승차,4582,141,210,,244,245
243,양산,2026-03-22,일,하차,4561,70,146,,317,318
243,양산,2026-03-23,월,승차,6552,583,679,,471,472
243,양산,2026-03-23,월,하차,6383,286,472,,588,589
243,양산,2026-03-24,화,승차,6635,640,672,,443,444
243,양산,2026-03-24,화,하차,6368,327,479,,604,605
243,양산,2026-03-25,수,승차,6176,597,680,,404,405
243,양산,2026-03-25,수,하차,5961,332,462,,541,542
243,양산,2026-03-26,목,승차,6654,581,686,,484,485
243,양산,2026-03-26,목,하차,6444,306,502,,537,538
243,양산,2026-03-27,금,승차,6657,544,626,,516,517
243,양산,2026-03-27,금,하차,6503,287,486,,592,593
243,양산,2026-03-28,토,승차,6307,292,345,,306,307
243,양산,2026-03-28,토,하차,6400,157,291,,385,386
243,양산,2026-03-29,일,승차,4772,101,243,,259,260
243,양산,2026-03-29,일,하차,4733,92,134,,315,316
243,양산,2026-03-30,월,승차,6175,557,668,,459,460
243,양산,2026-03-30,월,하차,5977,311,485,,562,563
243,양산,2026-03-31,화,승차,6386,633,692,,453,454
243,양산,2026-03-31,화,하차,6122,302,492,,538,539
243,양산,2026-04-01,수,승차,6400,606,694,,469,470
243,양산,2026-04-01,수,하차,6242,341,483,,591,592
243,양산,2026-04-02,목,승차,6511,569,651,,545,546
243,양산,2026-04-02,목,하차,6391,333,509,,584,585
243,양산,2026-04-03,금,승차,6671,552,566,,553,554
243,양산,2026-04-03,금,하차,6660,309,468,,615,616
243,양산,2026-04-04,토,승차,5033,261,275,,292,293
243,양산,2026-04-04,토,하차,5176,129,207,,367,368
243,양산,2026-04-05,일,승차,5106,148,255,,264,265
243,양산,2026-04-05,일,하차,5109,85,171,,372,373
243,양산,2026-04-06,월,승차,6107,580,622,,453,454
243,양산,2026-04-06,월,하차,6038,293,499,,517,518
243,양산,2026-04-07,화,승차,6747,612,694,,555,556
243,양산,2026-04-07,화,하차,6582,336,503,,561,562
243,양산,2026-04-08,수,승차,6597,632,695,,522,523
243,양산,2026-04-08,수,하차,6269,352,490,,566,567
243,양산,2026-04-09,목,승차,5400,561,651,,413,414
243,양산,2026-04-09,목,하차,5330,300,454,,497,498
243,양산,2026-04-10,금,승차,6710,589,598,,558,559
243,양산,2026-04-10,금,하차,6684,321,488,,622,623
243,양산,2026-04-11,토,승차,6327,280,372,,303,304
243,양산,2026-04-11,토,하차,6321,141,323,,394,395
243,양산,2026-04-12,일,승차,4531,142,231,,230,231
243,양산,2026-04-12,일,하차,4535,92,148,,303,304
243,양산,2026-04-13,월,승차,6629,615,675,,506,507
243,양산,2026-04-13,월,하차,6465,311,534,,595,596
243,양산,2026-04-14,화,승차,6417,642,698,,491,492
243,양산,2026-04-14,화,하차,6263,342,522,,565,566
243,양산,2026-04-15,수,승차,6625,600,680,,506,507
243,양산,2026-04-15,수,하차,6382,330,524,,571,572
243,양산,2026-04-16,목,승차,6611,582,682,,502,503
243,양산,2026-04-16,목,하차,6525,354,538,,541,542
243,양산,2026-04-17,금,승차,6192,587,596,,482,483
243,양산,2026-04-17,금,하차,6167,325,492,,553,554
243,양산,2026-04-18,토,승차,6183,264,357,,301,302
243,양산,2026-04-18,토,하차,6264,158,345,,355,356
243,양산,2026-04-19,일,승차,4640,139,236,,238,239
243,양산,2026-04-19,일,하차,4730,81,157,,335,336
243,양산,2026-04-20,월,승차,6484,608,649,,429,430
243,양산,2026-04-20,월,하차,6320,317,548,,527,528
243,양산,2026-04-21,화,승차,6739,609,696,,447,448
243,양산,2026-04-21,화,하차,6529,322,537,,559,560
243,양산,2026-04-22,수,승차,6311,582,680,,452,453
243,양산,2026-04-22,수,하차,6030,342,514,,499,500
243,양산,2026-04-23,목,승차,6342,611,635,,437,438
243,양산,2026-04-23,목,하차,6282,340,455,,561,562
243,양산,2026-04-24,금,승차,6981,580,579,,523,524
243,양산,2026-04-24,금,하차,6896,311,507,,644,645
243,양산,2026-04-25,토,승차,6457,297,375,,305,306
243,양산,2026-04-25,토,하차,6446,163,347,,375,376
243,양산,2026-04-26,일,승차,4979,164,264,,253,254
243,양산,2026-04-26,일,하차,5012,93,165,,296,297
243,양산,2026-04-27,월,승차,6518,605,618,,474,475
243,양산,2026-04-27,월,하차,6334,305,499,,559,560
243,양산,2026-04-28,화,승차,6825,642,684,,448,449
243,양산,2026-04-28,화,하차,6645,340,513,,607,608
243,양산,2026-04-29,수,승차,6632,619,694,,477,478
243,양산,2026-04-29,수,하차,6476,344,533,,539,540
243,양산,2026-04-30,목,승차,7634,580,695,,500,501
243,양산,2026-04-30,목,하차,7322,418,571,,614,615
243,양산,2026-05-01,금,승차,5653,236,311,,316,317
243,양산,2026-05-01,금,하차,5895,124,251,,344,345
243,양산,2026-05-02,토,승차,6033,218,303,,270,271
243,양산,2026-05-02,토,하차,6071,151,290,,322,323
243,양산,2026-05-03,일,승차,3736,107,203,,205,206
243,양산,2026-05-03,일,하차,3722,71,94,,246,247
243,양산,2026-05-04,월,승차,6699,490,565,,428,429
243,양산,2026-05-04,월,하차,6718,208,431,,560,561
243,양산,2026-05-05,화,승차,5341,176,228,,313,314
243,양산,2026-05-05,화,하차,5422,124,237,,331,332
243,양산,2026-05-06,수,승차,6612,643,714,,522,523
243,양산,2026-05-06,수,하차,6490,311,564,,613,614
243,양산,2026-05-07,목,승차,6567,620,655,,530,531
243,양산,2026-05-07,목,하차,6320,320,521,,602,603
243,양산,2026-05-08,금,승차,6928,595,610,,556,557
243,양산,2026-05-08,금,하차,6762,348,587,,606,607
243,양산,2026-05-09,토,승차,6271,263,364,,311,312
243,양산,2026-05-09,토,하차,6186,158,306,,402,403
243,양산,2026-05-10,일,승차,4969,139,214,,239,240
243,양산,2026-05-10,일,하차,5004,88,148,,337,338
243,양산,2026-05-11,월,승차,7213,625,659,,448,449
243,양산,2026-05-11,월,하차,6876,412,816,,612,613
243,양산,2026-05-12,화,승차,6442,654,697,,478,479
243,양산,2026-05-12,화,하차,6185,312,555,,545,546
243,양산,2026-05-13,수,승차,6668,637,703,,487,488
243,양산,2026-05-13,수,하차,6402,325,531,,576,577
243,양산,2026-05-14,목,승차,6672,593,672,,486,487
243,양산,2026-05-14,목,하차,6623,305,573,,540,541
243,양산,2026-05-15,금,승차,6902,589,611,,567,568
243,양산,2026-05-15,금,하차,6750,308,526,,613,614
243,양산,2026-05-16,토,승차,6693,292,351,,336,337
243,양산,2026-05-16,토,하차,6632,152,353,,419,420
243,양산,2026-05-17,일,승차,4874,186,295,,230,231
243,양산,2026-05-17,일,하차,4953,83,182,,319,320
243,양산,2026-05-18,월,승차,6596,619,642,,482,483
243,양산,2026-05-18,월,하차,6380,306,529,,604,605
243,양산,2026-05-19,화,승차,6623,615,680,,545,546
243,양산,2026-05-19,화,하차,6384,332,540,,614,615
243,양산,2026-05-20,수,승차,5579,620,647,,415,416
243,양산,2026-05-20,수,하차,5492,314,533,,535,536
243,양산,2026-05-21,목,승차,6271,589,613,,507,508
243,양산,2026-05-21,목,하차,6028,300,508,,583,584
243,양산,2026-05-22,금,승차,6758,598,618,,547,548
243,양산,2026-05-22,금,하차,6670,307,536,,615,616
243,양산,2026-05-23,토,승차,6238,266,410,,305,306
243,양산,2026-05-23,토,하차,6185,146,303,,372,373
243,양산,2026-05-24,일,승차,5035,176,284,,243,244
243,양산,2026-05-24,일,하차,5034,112,204,,340,341
243,양산,2026-05-25,월,승차,5335,184,233,,287,288
243,양산,2026-05-25,월,하차,5411,142,222,,355,356
243,양산,2026-05-26,화,승차,6417,625,647,,489,490
243,양산,2026-05-26,화,하차,6177,300,537,,579,580
243,양산,2026-05-27,수,승차,5910,586,634,,414,415
243,양산,2026-05-27,수,하차,5749,287,482,,527,528
243,양산,2026-05-28,목,승차,6677,573,627,,525,526
243,양산,2026-05-28,목,하차,6597,319,530,,568,569
243,양산,2026-05-29,금,승차,6971,579,588,,554,555
243,양산,2026-05-29,금,하차,6844,309,535,,611,612
243,양산,2026-05-30,토,승차,6115,261,331,,283,284
243,양산,2026-05-30,토,하차,6097,159,328,,377,378
243,양산,2026-05-31,일,승차,4470,130,244,,271,272
243,양산,2026-05-31,일,하차,4559,78,142,,290,291
243,양산,2026-06-01,월,승차,6421,602,645,,450,451
243,양산,2026-06-01,월,하차,6252,292,534,,621,622
243,양산,2026-06-02,화,승차,5917,608,630,,457,458
243,양산,2026-06-02,화,하차,5765,275,475,,549,550
243,양산,2026-06-03,수,승차,5316,229,271,,264,265
243,양산,2026-06-03,수,하차,5285,126,247,,301,302
243,양산,2026-06-04,목,승차,6423,616,627,,473,474
243,양산,2026-06-04,목,하차,6201,296,487,,609,610
243,양산,2026-06-05,금,승차,7110,613,575,,523,524
243,양산,2026-06-05,금,하차,6856,348,650,,572,573
243,양산,2026-06-06,토,승차,5587,185,284,,322,323
243,양산,2026-06-06,토,하차,5563,119,258,,351,352
243,양산,2026-06-07,일,승차,4056,133,241,,199,200
243,양산,2026-06-07,일,하차,4044,85,158,,218,219
243,양산,2026-06-08,월,승차,6188,579,619,,425,426
243,양산,2026-06-08,월,하차,6019,279,472,,556,557
243,양산,2026-06-09,화,승차,6661,598,635,,511,512
243,양산,2026-06-09,화,하차,6408,331,530,,545,546
243,양산,2026-06-10,수,승차,6557,620,653,,478,479
243,양산,2026-06-10,수,하차,6290,323,501,,548,549
243,양산,2026-06-11,목,승차,6550,546,603,,508,509
243,양산,2026-06-11,목,하차,6387,313,510,,528,529
243,양산,2026-06-12,금,승차,6331,565,531,,521,522
243,양산,2026-06-12,금,하차,6292,330,494,,512,513
243,양산,2026-06-13,토,승차,6351,286,356,,311,312
243,양산,2026-06-13,토,하차,6329,148,312,,368,369
243,양산,2026-06-14,일,승차,4436,137,263,,199,200
243,양산,2026-06-14,일,하차,4415,79,154,,252,253
243,양산,2026-06-15,월,승차,6415,547,615,,443,444
243,양산,2026-06-15,월,하차,6125,308,515,,511,512
243,양산,2026-06-16,화,승차,6517,601,674,,491,492
243,양산,2026-06-16,화,하차,6375,305,534,,576,577
243,양산,2026-06-17,수,승차,6685,600,791,,502,503
243,양산,2026-06-17,수,하차,6430,331,508,,593,594
243,양산,2026-06-18,목,승차,6474,569,658,,467,468
243,양산,2026-06-18,목,하차,6317,306,488,,558,559
243,양산,2026-06-19,금,승차,6077,537,562,,464,465
243,양산,2026-06-19,금,하차,6060,292,486,,531,532
243,양산,2026-06-20,토,승차,5184,221,260,,304,305
243,양산,2026-06-20,토,하차,5167,128,234,,331,332
243,양산,2026-06-21,일,승차,4421,125,249,,207,208
243,양산,2026-06-21,일,하차,4448,106,150,,277,278
243,양산,2026-06-22,월,승차,6251,568,569,,452,453
243,양산,2026-06-22,월,하차,6137,265,491,,534,535
243,양산,2026-06-23,화,승차,6352,544,539,,475,476
243,양산,2026-06-23,화,하차,6100,287,498,,543,544
243,양산,2026-06-24,수,승차,5805,535,532,,451,452
243,양산,2026-06-24,수,하차,5739,311,484,,512,513
243,양산,2026-06-25,목,승차,6065,517,543,,429,430
243,양산,2026-06-25,목,하차,5760,310,492,,468,469
243,양산,2026-06-26,금,승차,6612,501,539,,522,523
243,양산,2026-06-26,금,하차,6524,307,474,,580,581
243,양산,2026-06-27,토,승차,6099,246,375,,262,263
243,양산,2026-06-27,토,하차,6169,147,262,,364,365
243,양산,2026-06-28,일,승차,4700,148,233,,198,199
243,양산,2026-06-28,일,하차,4694,57,123,,259,260
243,양산,2026-06-29,월,승차,6288,530,514,,420,421
243,양산,2026-06-29,월,하차,6158,287,476,,533,534
243,양산,2026-06-30,화,승차,6409,555,534,,470,471
243,양산,2026-06-30,화,하차,6212,307,481,,521,522
